,price,y_pred,y_test
2005-02-05 10:24:59,1662.75,-1.0,1.0
2005-02-05 10:30:00,1663.25,-1.0,0.0
2005-02-05 10:34:59,1663.25,-1.0,-1.0
2005-02-05 10:39:59,1662.75,-1.0,0.0
2005-02-05 10:44:59,1662.75,-1.0,0.0
2005-02-05 10:49:59,1662.75,-1.0,0.0
2005-02-05 10:55:00,1662.75,-1.0,1.0
2005-02-05 10:59:59,1663.25,-1.0,0.0
2005-02-05 11:04:59,1663.25,-1.0,0.0
2005-02-05 11:09:59,1663.25,-1.0,1.0
2005-02-05 11:15:00,1663.75,-1.0,0.0
2005-02-05 11:19:59,1663.75,-1.0,-1.0
2005-02-05 11:24:59,1662.75,-1.0,0.0
2005-02-05 11:29:59,1662.75,-1.0,1.0
2005-02-05 11:34:59,1663.25,-1.0,-1.0
2005-02-05 11:40:00,1662.75,-1.0,0.0
2005-02-05 11:44:59,1662.75,0.0,0.0
2005-02-05 11:49:59,1662.75,0.0,0.0
2005-02-05 11:54:59,1662.75,0.0,-1.0
2005-02-05 12:00:00,1662.25,-1.0,0.0
2005-02-05 12:04:59,1662.25,-1.0,-1.0
2005-02-05 12:09:59,1661.25,-1.0,0.0
2005-02-05 12:14:59,1661.25,-1.0,-1.0
2005-02-05 12:19:59,1660.75,-1.0,0.0
2005-02-05 12:25:00,1660.75,-1.0,1.0
2005-02-05 12:29:59,1661.25,-1.0,0.0
2005-02-05 12:34:59,1661.25,-1.0,0.0
2005-02-05 12:39:59,1661.25,-1.0,-1.0
2005-02-05 12:45:00,1660.75,-1.0,-1.0
2005-02-05 12:49:59,1659.75,-1.0,1.0
2005-02-05 12:54:59,1660.25,-1.0,0.0
2005-02-05 12:59:59,1660.25,-1.0,1.0
2005-02-05 13:04:59,1660.75,1.0,-1.0
2005-02-05 13:10:00,1660.25,-1.0,0.0
2005-02-05 13:14:59,1660.25,1.0,0.0
2005-02-05 13:19:59,1660.25,1.0,0.0
2005-02-05 13:24:59,1660.25,1.0,-1.0
2005-02-05 13:30:00,1659.75,1.0,-1.0
2005-02-05 13:34:59,1659.25,1.0,1.0
2005-02-05 13:39:59,1659.75,1.0,-1.0
2005-02-05 13:44:59,1659.25,1.0,1.0
2005-02-05 13:49:59,1659.75,-1.0,0.0
2005-02-05 13:55:00,1659.75,-1.0,0.0
2005-02-05 13:59:59,1659.75,-1.0,0.0
2005-02-05 14:04:59,1659.75,-1.0,0.0
2005-02-05 14:09:59,1659.75,-1.0,1.0
2005-02-05 14:15:00,1660.75,-1.0,1.0
2005-02-05 14:19:59,1661.25,0.0,-1.0
2005-02-05 14:24:59,1658.75,-1.0,1.0
2005-02-05 14:29:59,1659.75,-1.0,-1.0
2005-02-05 14:34:59,1658.75,0.0,-1.0
2005-02-05 14:40:00,1658.25,0.0,1.0
2005-02-05 14:44:59,1658.75,0.0,-1.0
2005-02-05 14:49:59,1657.75,0.0,1.0
2005-02-05 14:54:59,1659.25,0.0,1.0
2005-02-05 15:00:00,1660.75,0.0,-1.0
2005-02-05 15:04:59,1660.25,0.0,0.0
2005-02-05 15:09:59,1660.25,0.0,1.0
2005-02-05 15:14:59,1660.75,0.0,-1.0
2005-02-05 15:19:59,1660.25,0.0,-1.0
2005-02-05 15:25:00,1658.25,0.0,-1.0
2005-02-05 15:29:59,1657.75,0.0,1.0
2005-02-05 15:34:59,1660.25,0.0,-1.0
2005-02-05 15:39:59,1659.75,0.0,1.0
2005-02-05 15:45:00,1661.75,0.0,0.0
2005-02-05 15:49:59,1661.75,0.0,-1.0
2005-02-05 15:54:59,1661.25,0.0,-1.0
2005-02-05 15:59:59,1657.75,0.0,-1.0
2005-02-05 16:04:59,1656.75,0.0,1.0
2005-02-05 16:10:00,1657.25,0.0,1.0
2005-02-05 16:14:59,1659.25,0.0,1.0
2005-02-05 16:19:59,1661.25,0.0,1.0
2005-02-05 16:24:59,1663.25,0.0,1.0
2005-02-05 16:30:00,1665.25,0.0,-1.0
2005-02-05 16:34:59,1663.75,0.0,-1.0
2005-02-05 16:39:59,1662.25,0.0,0.0
2005-02-05 16:44:59,1662.25,0.0,1.0
2005-02-05 16:49:59,1663.75,0.0,-1.0
2005-02-05 16:55:00,1662.25,0.0,-1.0
2005-02-05 16:59:59,1660.75,0.0,-1.0
2005-02-05 17:04:59,1659.25,0.0,1.0
2005-02-05 17:09:59,1659.75,1.0,1.0
2005-02-05 17:15:00,1660.25,1.0,0.0
2005-02-05 17:19:59,1660.25,0.0,-1.0
2005-02-05 17:24:59,1659.25,0.0,0.0
2005-02-05 17:29:59,1659.25,1.0,1.0
2005-02-05 17:34:59,1661.25,0.0,1.0
2005-02-05 17:40:00,1664.25,0.0,-1.0
2005-02-05 17:44:59,1663.25,0.0,-1.0
2005-02-05 17:49:59,1661.75,0.0,-1.0
2005-02-05 17:54:59,1660.75,0.0,1.0
2005-02-05 18:00:00,1661.75,0.0,-1.0
2005-02-05 18:04:59,1659.75,0.0,1.0
2005-02-05 18:09:59,1661.25,0.0,1.0
2005-02-05 18:14:59,1661.75,0.0,1.0
2005-02-05 18:19:59,1662.75,0.0,1.0
2005-02-05 18:25:00,1663.75,0.0,1.0
2005-02-05 18:29:59,1664.25,0.0,-1.0
2005-02-05 18:34:59,1663.75,0.0,-1.0
2005-02-05 18:39:59,1663.25,0.0,-1.0
2005-02-05 18:45:00,1661.75,0.0,-1.0
2005-02-05 18:49:59,1660.75,0.0,1.0
2005-02-05 18:54:59,1661.25,0.0,1.0
2005-02-05 18:59:59,1662.75,-1.0,1.0
2005-02-05 19:04:59,1663.75,-1.0,1.0
2005-02-05 19:10:00,1664.25,0.0,-1.0
2005-02-05 19:14:59,1662.75,0.0,-1.0
2005-02-05 19:19:59,1661.75,0.0,1.0
2005-02-05 19:24:59,1662.25,0.0,1.0
2005-02-05 19:30:00,1663.75,0.0,-1.0
2005-02-05 19:34:59,1662.25,0.0,-1.0
2005-02-05 19:39:59,1659.75,0.0,-1.0
2005-02-05 19:44:59,1658.75,1.0,1.0
2005-02-05 19:49:59,1660.25,0.0,-1.0
2005-02-05 19:55:00,1656.75,1.0,-1.0
2005-02-05 19:59:59,1652.75,0.0,1.0
2005-02-05 20:04:59,1653.25,0.0,-1.0
2005-02-05 20:09:59,1647.75,-1.0,1.0
2005-02-05 20:15:00,1650.25,-1.0,-1.0
2005-02-05 20:19:59,1649.75,1.0,1.0
2005-02-05 20:24:59,1650.75,1.0,1.0
2005-02-05 20:29:59,1652.75,-1.0,-1.0
2005-02-05 20:34:59,1651.75,-1.0,-1.0
2005-02-05 20:40:00,1650.75,1.0,1.0
2005-02-05 20:44:59,1651.75,1.0,-1.0
2005-02-05 20:49:59,1650.75,1.0,-1.0
2005-02-05 20:54:59,1648.75,1.0,1.0
2005-02-05 21:00:00,1650.25,1.0,1.0
2005-02-05 21:04:59,1651.25,1.0,1.0
2005-02-05 21:09:59,1655.25,1.0,-1.0
2005-02-05 21:14:59,1652.75,1.0,-1.0
2005-02-05 21:19:59,1651.75,-1.0,-1.0
2005-02-05 21:25:00,1651.25,-1.0,-1.0
2005-02-05 21:29:59,1649.75,1.0,-1.0
2005-02-05 21:34:59,1648.25,1.0,1.0
2005-02-05 21:39:59,1648.75,1.0,-1.0
2005-02-05 21:45:00,1648.25,1.0,1.0
2005-02-05 21:49:59,1649.25,1.0,0.0
2005-02-05 21:54:59,1649.25,1.0,0.0
2005-02-05 21:59:59,1649.25,1.0,-1.0
2005-02-05 22:04:59,1647.75,1.0,-1.0
2005-02-05 22:10:00,1646.75,1.0,0.0
2005-02-05 22:14:59,1646.75,1.0,0.0
2005-02-05 22:19:59,1646.75,1.0,0.0
2005-02-05 22:24:59,1646.75,1.0,1.0
2005-02-05 22:30:00,1647.75,0.0,0.0
2005-02-05 22:34:59,1647.75,1.0,-1.0
2005-02-05 22:39:59,1647.25,1.0,1.0
2005-02-05 22:44:59,1647.75,0.0,-1.0
2005-02-05 22:49:59,1646.75,0.0,0.0
2005-02-05 22:55:00,1646.75,0.0,0.0
2005-02-05 22:59:59,1646.75,0.0,1.0
2005-02-05 23:04:59,1647.25,0.0,1.0
2005-02-05 23:09:59,1647.75,1.0,-1.0
2005-02-05 23:15:00,1647.25,1.0,0.0
2005-02-05 23:19:59,1647.25,1.0,1.0
2005-02-05 23:24:59,1649.75,1.0,0.0
2005-02-05 23:29:59,1649.75,1.0,0.0
2005-02-05 23:34:59,1649.75,1.0,0.0
2005-02-05 23:40:00,1649.75,1.0,0.0
2005-02-05 23:44:59,1649.75,1.0,0.0
2005-02-05 23:49:59,1649.75,1.0,-1.0
2005-02-05 23:54:59,1648.75,1.0,-1.0
2005-02-06 00:00:00,1647.75,1.0,-1.0
2005-02-06 00:04:59,1647.25,1.0,0.0
2005-02-06 00:09:59,1647.25,1.0,0.0
2005-02-06 00:14:59,1647.25,1.0,1.0
2005-02-06 00:19:59,1647.75,1.0,1.0
2005-02-06 00:25:00,1648.75,1.0,-1.0
2005-02-06 00:29:59,1647.75,1.0,0.0
2005-02-06 00:34:59,1647.75,1.0,1.0
2005-02-06 00:39:59,1648.25,1.0,0.0
2005-02-06 00:45:00,1648.25,1.0,0.0
2005-02-06 00:49:59,1648.25,1.0,-1.0
2005-02-06 00:54:59,1647.75,1.0,0.0
2005-02-06 00:59:59,1647.75,1.0,0.0
2005-02-06 01:04:59,1647.75,1.0,0.0
2005-02-06 01:10:00,1647.75,1.0,0.0
2005-02-06 01:14:59,1647.75,1.0,0.0
2005-02-06 01:19:59,1647.75,1.0,0.0
2005-02-06 01:24:59,1647.75,1.0,0.0
2005-02-06 01:30:00,1647.75,0.0,0.0
2005-02-06 01:34:59,1647.75,-1.0,0.0
2005-02-06 01:39:59,1647.75,-1.0,0.0
2005-02-06 01:44:59,1647.75,-1.0,1.0
2005-02-06 01:49:59,1648.25,0.0,-1.0
2005-02-06 01:55:00,1647.75,-1.0,1.0
2005-02-06 01:59:59,1648.25,0.0,0.0
2005-02-06 02:04:59,1648.25,0.0,0.0
2005-02-06 02:09:59,1648.25,1.0,0.0
2005-02-06 02:15:00,1648.25,0.0,0.0
2005-02-06 02:19:59,1648.25,0.0,1.0
2005-02-06 02:24:59,1648.75,0.0,0.0
2005-02-06 02:29:59,1648.75,0.0,0.0
2005-02-06 02:34:59,1648.75,0.0,0.0
2005-02-06 02:40:00,1648.75,-1.0,0.0
2005-02-06 02:44:59,1648.75,0.0,0.0
2005-02-06 02:49:59,1648.75,0.0,0.0
2005-02-06 02:54:59,1648.75,-1.0,0.0
2005-02-06 03:00:00,1648.75,0.0,0.0
2005-02-06 03:04:59,1648.75,0.0,-1.0
2005-02-06 03:09:59,1648.25,1.0,0.0
2005-02-06 03:14:59,1648.25,0.0,0.0
2005-02-06 03:19:59,1648.25,1.0,0.0
2005-02-06 03:25:00,1648.25,1.0,0.0
2005-02-06 03:29:59,1648.25,1.0,0.0
2005-02-06 03:34:59,1648.25,1.0,-1.0
2005-02-06 03:39:59,1647.75,1.0,0.0
2005-02-06 03:45:00,1647.75,1.0,0.0
2005-02-06 03:49:59,1647.75,1.0,0.0
2005-02-06 03:54:59,1647.75,1.0,0.0
2005-02-06 03:59:59,1647.75,1.0,0.0
2005-02-06 04:04:59,1647.75,1.0,1.0
2005-02-06 04:10:00,1648.25,-1.0,-1.0
2005-02-06 04:14:59,1647.75,-1.0,1.0
2005-02-06 04:19:59,1648.25,-1.0,0.0
2005-02-06 04:24:59,1648.25,-1.0,-1.0
2005-02-06 04:30:00,1647.75,-1.0,0.0
2005-02-06 04:34:59,1647.75,-1.0,1.0
2005-02-06 04:39:59,1648.25,-1.0,0.0
2005-02-06 04:44:59,1648.25,-1.0,0.0
2005-02-06 04:49:59,1648.25,1.0,1.0
2005-02-06 04:55:00,1648.75,1.0,-1.0
2005-02-06 04:59:59,1648.25,1.0,1.0
2005-02-06 05:04:59,1649.25,1.0,-1.0
2005-02-06 05:09:59,1648.75,1.0,0.0
2005-02-06 05:15:00,1648.75,1.0,0.0
2005-02-06 05:19:59,1648.75,1.0,-1.0
2005-02-06 05:24:59,1648.25,1.0,-1.0
2005-02-06 05:29:59,1647.75,1.0,0.0
2005-02-06 05:34:59,1647.75,1.0,0.0
2005-02-06 05:40:00,1647.75,1.0,-1.0
2005-02-06 05:44:59,1647.25,1.0,0.0
2005-02-06 05:49:59,1647.25,1.0,0.0
2005-02-06 05:54:59,1647.25,-1.0,0.0
2005-02-06 06:00:00,1647.25,1.0,1.0
2005-02-06 06:04:59,1648.25,1.0,0.0
2005-02-06 06:09:59,1648.25,1.0,-1.0
2005-02-06 06:14:59,1647.75,1.0,1.0
2005-02-06 06:19:59,1648.75,1.0,0.0
2005-02-06 06:25:00,1648.75,1.0,-1.0
2005-02-06 06:29:59,1648.25,-1.0,0.0
2005-02-06 06:34:59,1648.25,-1.0,0.0
2005-02-06 06:39:59,1648.25,-1.0,0.0
2005-02-06 06:45:00,1648.25,-1.0,0.0
2005-02-06 06:49:59,1648.25,-1.0,1.0
2005-02-06 06:54:59,1648.75,1.0,1.0
2005-02-06 06:59:59,1649.25,1.0,-1.0
2005-02-06 07:04:59,1648.75,1.0,0.0
2005-02-06 07:10:00,1648.75,1.0,-1.0
2005-02-06 07:14:59,1648.25,1.0,0.0
2005-02-06 07:19:59,1648.25,1.0,0.0
2005-02-06 07:24:59,1648.25,1.0,1.0
2005-02-06 07:30:00,1648.75,1.0,0.0
2005-02-06 07:34:59,1648.75,1.0,-1.0
2005-02-06 07:39:59,1648.25,1.0,0.0
2005-02-06 07:44:59,1648.25,1.0,1.0
2005-02-06 07:49:59,1648.75,1.0,1.0
2005-02-06 07:55:00,1649.25,1.0,1.0
2005-02-06 07:59:59,1649.75,1.0,0.0
2005-02-06 08:04:59,1649.75,1.0,0.0
2005-02-06 08:09:59,1649.75,-1.0,0.0
2005-02-06 08:15:00,1649.75,1.0,0.0
2005-02-06 08:19:59,1649.75,1.0,-1.0
2005-02-06 08:24:59,1648.75,1.0,1.0
2005-02-06 08:29:59,1649.25,1.0,1.0
2005-02-06 08:34:59,1649.75,1.0,-1.0
2005-02-06 08:40:00,1649.25,1.0,1.0
2005-02-06 08:44:59,1650.25,1.0,1.0
2005-02-06 08:49:59,1650.75,1.0,0.0
2005-02-06 08:54:59,1650.75,1.0,1.0
2005-02-06 09:00:00,1651.25,1.0,1.0
2005-02-06 09:04:59,1652.25,1.0,0.0
2005-02-06 09:09:59,1652.25,1.0,0.0
2005-02-06 09:14:59,1652.25,1.0,1.0
2005-02-06 09:19:59,1653.75,1.0,1.0
2005-02-06 09:25:00,1654.75,1.0,-1.0
2005-02-06 09:29:59,1654.25,1.0,1.0
2005-02-06 09:34:59,1654.75,1.0,1.0
2005-02-06 09:39:59,1655.75,1.0,0.0
2005-02-06 09:45:00,1655.75,1.0,1.0
2005-02-06 09:49:59,1657.25,-1.0,-1.0
2005-02-06 09:54:59,1655.25,-1.0,1.0
2005-02-06 09:59:59,1655.75,-1.0,-1.0
2005-02-06 10:04:59,1655.25,-1.0,1.0
2005-02-06 10:10:00,1656.25,-1.0,0.0
2005-02-06 10:14:59,1656.25,-1.0,0.0
2005-02-06 10:19:59,1656.25,-1.0,-1.0
2005-02-06 10:24:59,1655.75,-1.0,-1.0
2005-02-06 10:30:00,1655.25,-1.0,-1.0
2005-02-06 10:34:59,1654.75,-1.0,1.0
2005-02-06 10:39:59,1655.25,-1.0,1.0
2005-02-06 10:44:59,1655.75,1.0,-1.0
2005-02-06 10:49:59,1654.75,1.0,1.0
2005-02-06 10:55:00,1655.25,-1.0,0.0
2005-02-06 10:59:59,1655.25,-1.0,0.0
2005-02-06 11:04:59,1655.25,-1.0,0.0
2005-02-06 11:09:59,1655.25,-1.0,-1.0
2005-02-06 11:15:00,1654.75,0.0,0.0
2005-02-06 11:19:59,1654.75,0.0,-1.0
2005-02-06 11:24:59,1654.25,0.0,-1.0
2005-02-06 11:29:59,1653.75,0.0,0.0
2005-02-06 11:34:59,1653.75,0.0,1.0
2005-02-06 11:40:00,1654.25,0.0,-1.0
2005-02-06 11:44:59,1653.25,-1.0,-1.0
2005-02-06 11:49:59,1652.25,-1.0,0.0
2005-02-06 11:54:59,1652.25,0.0,-1.0
2005-02-06 12:00:00,1651.25,-1.0,0.0
2005-02-06 12:04:59,1651.25,-1.0,1.0
2005-02-06 12:09:59,1652.25,-1.0,1.0
2005-02-06 12:14:59,1652.75,-1.0,1.0
2005-02-06 12:19:59,1653.25,-1.0,1.0
2005-02-06 12:25:00,1653.75,0.0,-1.0
2005-02-06 12:29:59,1653.25,-1.0,0.0
2005-02-06 12:34:59,1653.25,0.0,1.0
2005-02-06 12:39:59,1654.75,0.0,0.0
2005-02-06 12:45:00,1654.75,-1.0,-1.0
2005-02-06 12:49:59,1654.25,0.0,0.0
2005-02-06 12:54:59,1654.25,0.0,-1.0
2005-02-06 12:59:59,1653.25,-1.0,1.0
2005-02-06 13:04:59,1654.75,-1.0,1.0
2005-02-06 13:10:00,1656.25,-1.0,-1.0
2005-02-06 13:14:59,1654.75,-1.0,1.0
2005-02-06 13:19:59,1655.25,0.0,-1.0
2005-02-06 13:24:59,1654.25,0.0,1.0
2005-02-06 13:30:00,1655.75,0.0,1.0
2005-02-06 13:34:59,1656.25,-1.0,0.0
2005-02-06 13:39:59,1656.25,0.0,0.0
2005-02-06 13:44:59,1656.25,0.0,-1.0
2005-02-06 13:49:59,1655.25,-1.0,1.0
2005-02-06 13:55:00,1656.25,-1.0,0.0
2005-02-06 13:59:59,1656.25,-1.0,1.0
2005-02-06 14:04:59,1656.75,-1.0,-1.0
2005-02-06 14:09:59,1655.25,0.0,1.0
2005-02-06 14:15:00,1655.75,0.0,-1.0
2005-02-06 14:19:59,1654.75,0.0,0.0
2005-02-06 14:24:59,1654.75,-1.0,0.0
2005-02-06 14:29:59,1654.75,-1.0,-1.0
2005-02-06 14:34:59,1654.25,-1.0,1.0
2005-02-06 14:40:00,1655.25,0.0,1.0
2005-02-06 14:44:59,1656.25,0.0,-1.0
2005-02-06 14:49:59,1654.25,0.0,-1.0
2005-02-06 14:54:59,1653.75,0.0,0.0
2005-02-06 15:00:00,1653.75,0.0,0.0
2005-02-06 15:04:59,1653.75,-1.0,1.0
2005-02-06 15:09:59,1654.25,0.0,-1.0
2005-02-06 15:14:59,1653.75,0.0,0.0
2005-02-06 15:19:59,1653.75,0.0,0.0
2005-02-06 15:25:00,1653.75,1.0,1.0
2005-02-06 15:29:59,1655.25,1.0,1.0
2005-02-06 15:34:59,1656.75,1.0,1.0
2005-02-06 15:39:59,1657.25,0.0,-1.0
2005-02-06 15:45:00,1653.75,1.0,1.0
2005-02-06 15:49:59,1655.75,0.0,-1.0
2005-02-06 15:54:59,1655.25,1.0,1.0
2005-02-06 15:59:59,1656.75,1.0,-1.0
2005-02-06 16:04:59,1654.75,1.0,0.0
2005-02-06 16:10:00,1654.75,1.0,-1.0
2005-02-06 16:14:59,1653.75,0.0,1.0
2005-02-06 16:19:59,1655.25,0.0,-1.0
2005-02-06 16:24:59,1652.75,0.0,1.0
2005-02-06 16:30:00,1654.25,1.0,1.0
2005-02-06 16:34:59,1655.75,0.0,-1.0
2005-02-06 16:39:59,1654.75,1.0,0.0
2005-02-06 16:44:59,1654.75,0.0,-1.0
2005-02-06 16:49:59,1653.25,1.0,-1.0
2005-02-06 16:55:00,1650.25,0.0,1.0
2005-02-06 16:59:59,1650.75,1.0,-1.0
2005-02-06 17:04:59,1647.25,1.0,1.0
2005-02-06 17:09:59,1648.25,1.0,0.0
2005-02-06 17:15:00,1648.25,-1.0,1.0
2005-02-06 17:19:59,1651.25,1.0,-1.0
2005-02-06 17:24:59,1650.75,-1.0,1.0
2005-02-06 17:29:59,1651.25,-1.0,1.0
2005-02-06 17:34:59,1653.25,1.0,-1.0
2005-02-06 17:40:00,1652.25,1.0,-1.0
2005-02-06 17:44:59,1651.25,1.0,-1.0
2005-02-06 17:49:59,1650.75,-1.0,1.0
2005-02-06 17:54:59,1651.25,-1.0,-1.0
2005-02-06 18:00:00,1650.75,-1.0,-1.0
2005-02-06 18:04:59,1649.25,-1.0,1.0
2005-02-06 18:09:59,1650.75,1.0,-1.0
2005-02-06 18:14:59,1649.75,-1.0,1.0
2005-02-06 18:19:59,1650.75,-1.0,0.0
2005-02-06 18:25:00,1650.75,-1.0,1.0
2005-02-06 18:29:59,1652.75,-1.0,-1.0
2005-02-06 18:34:59,1652.25,1.0,1.0
2005-02-06 18:39:59,1653.25,1.0,1.0
2005-02-06 18:45:00,1653.75,1.0,-1.0
2005-02-06 18:49:59,1652.25,-1.0,1.0
2005-02-06 18:54:59,1653.75,-1.0,0.0
2005-02-06 18:59:59,1653.75,-1.0,1.0
2005-02-06 19:04:59,1656.75,-1.0,1.0
2005-02-06 19:10:00,1659.25,-1.0,-1.0
2005-02-06 19:14:59,1657.75,-1.0,-1.0
2005-02-06 19:19:59,1656.75,-1.0,1.0
2005-02-06 19:24:59,1658.75,0.0,1.0
2005-02-06 19:30:00,1659.25,0.0,1.0
2005-02-06 19:34:59,1659.75,0.0,-1.0
2005-02-06 19:39:59,1658.75,-1.0,-1.0
2005-02-06 19:44:59,1656.75,0.0,1.0
2005-02-06 19:49:59,1658.25,0.0,-1.0
2005-02-06 19:55:00,1656.25,-1.0,0.0
2005-02-06 19:59:59,1656.25,0.0,1.0
2005-02-06 20:04:59,1657.75,0.0,-1.0
2005-02-06 20:09:59,1655.75,0.0,1.0
2005-02-06 20:15:00,1657.25,-1.0,1.0
2005-02-06 20:19:59,1659.25,1.0,-1.0
2005-02-06 20:24:59,1657.25,0.0,0.0
2005-02-06 20:29:59,1657.25,0.0,-1.0
2005-02-06 20:34:59,1656.25,0.0,1.0
2005-02-06 20:40:00,1656.75,0.0,0.0
2005-02-06 20:44:59,1656.75,0.0,-1.0
2005-02-06 20:49:59,1654.75,0.0,-1.0
2005-02-06 20:54:59,1653.25,0.0,0.0
2005-02-06 21:00:00,1653.25,1.0,0.0
2005-02-06 21:04:59,1653.25,1.0,1.0
2005-02-06 21:09:59,1654.75,1.0,-1.0
2005-02-06 21:14:59,1654.25,1.0,1.0
2005-02-06 21:19:59,1655.75,1.0,1.0
2005-02-06 21:25:00,1658.25,1.0,-1.0
2005-02-06 21:29:59,1655.25,1.0,0.0
2005-02-06 21:34:59,1655.25,1.0,-1.0
2005-02-06 21:39:59,1654.25,1.0,1.0
2005-02-06 21:45:00,1654.75,1.0,-1.0
2005-02-06 21:49:59,1654.25,0.0,-1.0
2005-02-06 21:54:59,1652.75,1.0,0.0
2005-02-06 21:59:59,1652.75,1.0,-1.0
2005-02-06 22:04:59,1651.75,1.0,-1.0
2005-02-06 22:10:00,1651.25,1.0,0.0
2005-02-06 22:14:59,1651.25,1.0,0.0
2005-02-06 22:19:59,1651.25,-1.0,0.0
2005-02-06 22:24:59,1651.25,-1.0,1.0
2005-02-06 22:30:00,1651.75,-1.0,0.0
2005-02-06 22:34:59,1651.75,1.0,-1.0
2005-02-06 22:39:59,1651.25,1.0,1.0
2005-02-06 22:44:59,1652.25,1.0,-1.0
2005-02-06 22:49:59,1651.75,1.0,1.0
2005-02-06 22:55:00,1652.25,1.0,-1.0
2005-02-06 22:59:59,1651.75,1.0,0.0
2005-02-06 23:04:59,1651.75,1.0,0.0
2005-02-06 23:09:59,1651.75,1.0,0.0
2005-02-06 23:15:00,1651.75,1.0,0.0
2005-02-06 23:19:59,1651.75,1.0,-1.0
2005-02-06 23:24:59,1650.75,-1.0,0.0
2005-02-06 23:29:59,1650.75,-1.0,0.0
2005-02-06 23:34:59,1650.75,-1.0,0.0
2005-02-06 23:40:00,1650.75,0.0,0.0
2005-02-06 23:44:59,1650.75,1.0,0.0
2005-02-06 23:49:59,1650.75,1.0,1.0
2005-02-06 23:54:59,1651.25,1.0,0.0
2005-02-07 00:00:00,1651.25,1.0,0.0
2005-02-07 00:04:59,1651.25,1.0,1.0
2005-02-07 00:09:59,1651.75,1.0,0.0
2005-02-07 00:14:59,1651.75,1.0,-1.0
2005-02-07 00:19:59,1650.75,1.0,1.0
2005-02-07 00:25:00,1651.75,1.0,0.0
2005-02-07 00:29:59,1651.75,1.0,-1.0
2005-02-07 00:34:59,1651.25,1.0,1.0
2005-02-07 00:39:59,1652.25,1.0,-1.0
2005-02-07 00:45:00,1651.75,1.0,0.0
2005-02-07 00:49:59,1651.75,1.0,0.0
2005-02-07 00:54:59,1651.75,1.0,0.0
2005-02-07 00:59:59,1651.75,1.0,0.0
2005-02-07 01:04:59,1651.75,1.0,0.0
2005-02-07 01:10:00,1651.75,1.0,1.0
2005-02-07 01:14:59,1652.25,1.0,-1.0
2005-02-07 01:19:59,1651.75,1.0,0.0
2005-02-07 01:24:59,1651.75,1.0,1.0
2005-02-07 01:30:00,1652.25,1.0,-1.0
2005-02-07 01:34:59,1651.25,1.0,0.0
2005-02-07 01:39:59,1651.25,1.0,0.0
2005-02-07 01:44:59,1651.25,1.0,0.0
2005-02-07 01:49:59,1651.25,1.0,1.0
2005-02-07 01:55:00,1652.25,1.0,0.0
2005-02-07 01:59:59,1652.25,1.0,0.0
2005-02-07 02:04:59,1652.25,1.0,-1.0
2005-02-07 02:09:59,1651.75,1.0,0.0
2005-02-07 02:15:00,1651.75,1.0,0.0
2005-02-07 02:19:59,1651.75,1.0,0.0
2005-02-07 02:24:59,1651.75,1.0,0.0
2005-02-07 02:29:59,1651.75,1.0,0.0
2005-02-07 02:34:59,1651.75,0.0,0.0
2005-02-07 02:40:00,1651.75,0.0,1.0
2005-02-07 02:44:59,1652.25,0.0,0.0
2005-02-07 02:49:59,1652.25,0.0,0.0
2005-02-07 02:54:59,1652.25,0.0,0.0
2005-02-07 03:00:00,1652.25,1.0,0.0
2005-02-07 03:04:59,1652.25,0.0,0.0
2005-02-07 03:09:59,1652.25,1.0,0.0
2005-02-07 03:14:59,1652.25,1.0,0.0
2005-02-07 03:19:59,1652.25,1.0,0.0
2005-02-07 03:25:00,1652.25,1.0,0.0
2005-02-07 03:29:59,1652.25,0.0,1.0
2005-02-07 03:34:59,1652.75,0.0,0.0
2005-02-07 03:39:59,1652.75,0.0,0.0
2005-02-07 03:45:00,1652.75,0.0,0.0
2005-02-07 03:49:59,1652.75,0.0,1.0
2005-02-07 03:54:59,1653.25,0.0,0.0
2005-02-07 03:59:59,1653.25,0.0,0.0
2005-02-07 04:04:59,1653.25,0.0,0.0
2005-02-07 04:10:00,1653.25,1.0,0.0
2005-02-07 04:14:59,1653.25,1.0,1.0
2005-02-07 04:19:59,1653.75,1.0,0.0
2005-02-07 04:24:59,1653.75,1.0,0.0
2005-02-07 04:30:00,1653.75,1.0,-1.0
2005-02-07 04:34:59,1653.25,1.0,-1.0
2005-02-07 04:39:59,1652.75,1.0,1.0
2005-02-07 04:44:59,1653.25,1.0,0.0
2005-02-07 04:49:59,1653.25,1.0,0.0
2005-02-07 04:55:00,1653.25,1.0,0.0
2005-02-07 04:59:59,1653.25,1.0,1.0
2005-02-07 05:04:59,1653.75,1.0,-1.0
2005-02-07 05:09:59,1653.25,1.0,0.0
2005-02-07 05:15:00,1653.25,1.0,1.0
2005-02-07 05:19:59,1653.75,1.0,0.0
2005-02-07 05:24:59,1653.75,1.0,0.0
2005-02-07 05:29:59,1653.75,1.0,-1.0
2005-02-07 05:34:59,1653.25,1.0,0.0
2005-02-07 05:40:00,1653.25,1.0,0.0
2005-02-07 05:44:59,1653.25,1.0,0.0
2005-02-07 05:49:59,1653.25,1.0,0.0
2005-02-07 05:54:59,1653.25,1.0,0.0
2005-02-07 06:00:00,1653.25,1.0,-1.0
2005-02-07 06:04:59,1652.75,1.0,0.0
2005-02-07 06:09:59,1652.75,0.0,0.0
2005-02-07 06:14:59,1652.75,0.0,1.0
2005-02-07 06:19:59,1653.25,0.0,0.0
2005-02-07 06:25:00,1653.25,0.0,0.0
2005-02-07 06:29:59,1653.25,0.0,0.0
2005-02-07 06:34:59,1653.25,0.0,-1.0
2005-02-07 06:39:59,1652.75,0.0,0.0
2005-02-07 06:45:00,1652.75,0.0,1.0
2005-02-07 06:49:59,1653.75,0.0,1.0
2005-02-07 06:54:59,1654.25,0.0,-1.0
2005-02-07 06:59:59,1653.75,0.0,-1.0
2005-02-07 07:04:59,1653.25,0.0,-1.0
2005-02-07 07:10:00,1652.75,0.0,1.0
2005-02-07 07:14:59,1653.75,0.0,0.0
2005-02-07 07:19:59,1653.75,1.0,1.0
2005-02-07 07:24:59,1654.25,1.0,-1.0
2005-02-07 07:30:00,1653.25,0.0,1.0
2005-02-07 07:34:59,1653.75,0.0,-1.0
2005-02-07 07:39:59,1653.25,0.0,1.0
2005-02-07 07:44:59,1654.25,0.0,0.0
2005-02-07 07:49:59,1654.25,0.0,0.0
2005-02-07 07:55:00,1654.25,0.0,0.0
2005-02-07 07:59:59,1654.25,0.0,0.0
2005-02-07 08:04:59,1654.25,0.0,0.0
2005-02-07 08:09:59,1654.25,0.0,0.0
2005-02-07 08:15:00,1654.25,0.0,-1.0
2005-02-07 08:19:59,1653.75,0.0,0.0
2005-02-07 08:24:59,1653.75,0.0,0.0
2005-02-07 08:29:59,1653.75,0.0,1.0
2005-02-07 08:34:59,1654.25,0.0,0.0
2005-02-07 08:40:00,1654.25,0.0,0.0
2005-02-07 08:44:59,1654.25,0.0,0.0
2005-02-07 08:49:59,1654.25,0.0,0.0
2005-02-07 08:54:59,1654.25,0.0,0.0
2005-02-07 09:00:00,1654.25,0.0,1.0
2005-02-07 09:04:59,1654.75,0.0,0.0
2005-02-07 09:09:59,1654.75,0.0,1.0
2005-02-07 09:14:59,1655.75,0.0,1.0
2005-02-07 09:19:59,1656.25,0.0,1.0
2005-02-07 09:25:00,1656.75,0.0,0.0
2005-02-07 09:29:59,1656.75,0.0,0.0
2005-02-07 09:34:59,1656.75,0.0,0.0
2005-02-07 09:39:59,1656.75,0.0,0.0
2005-02-07 09:45:00,1656.75,0.0,1.0
2005-02-07 09:49:59,1657.25,0.0,-1.0
2005-02-07 09:54:59,1656.25,0.0,0.0
2005-02-07 09:59:59,1656.25,0.0,1.0
2005-02-07 10:04:59,1656.75,0.0,-1.0
2005-02-07 10:10:00,1656.25,0.0,1.0
2005-02-07 10:14:59,1657.25,0.0,-1.0
2005-02-07 10:19:59,1656.75,0.0,0.0
2005-02-07 10:24:59,1656.75,0.0,0.0
2005-02-07 10:30:00,1656.75,0.0,1.0
2005-02-07 10:34:59,1657.25,0.0,-1.0
2005-02-07 10:39:59,1656.75,0.0,1.0
2005-02-07 10:44:59,1657.25,0.0,-1.0
2005-02-07 10:49:59,1656.75,0.0,0.0
2005-02-07 10:55:00,1656.75,0.0,0.0
2005-02-07 10:59:59,1656.75,0.0,-1.0
2005-02-07 11:04:59,1656.25,0.0,0.0
2005-02-07 11:09:59,1656.25,0.0,0.0
2005-02-07 11:15:00,1656.25,0.0,0.0
2005-02-07 11:19:59,1656.25,0.0,0.0
2005-02-07 11:24:59,1656.25,0.0,1.0
2005-02-07 11:29:59,1657.75,0.0,-1.0
2005-02-07 11:34:59,1657.25,0.0,1.0
2005-02-07 11:40:00,1657.75,0.0,0.0
2005-02-07 11:44:59,1657.75,0.0,0.0
2005-02-07 11:49:59,1657.75,0.0,-1.0
2005-02-07 11:54:59,1657.25,0.0,0.0
2005-02-07 12:00:00,1657.25,0.0,0.0
2005-02-07 12:04:59,1657.25,0.0,1.0
2005-02-07 12:09:59,1658.75,0.0,0.0
2005-02-07 12:14:59,1658.75,0.0,1.0
2005-02-07 12:19:59,1659.25,0.0,-1.0
2005-02-07 12:25:00,1658.75,0.0,1.0
2005-02-07 12:29:59,1659.25,0.0,-1.0
2005-02-07 12:34:59,1658.25,0.0,0.0
2005-02-07 12:39:59,1658.25,0.0,0.0
2005-02-07 12:45:00,1658.25,0.0,0.0
2005-02-07 12:49:59,1658.25,-1.0,0.0
2005-02-07 12:54:59,1658.25,-1.0,0.0
2005-02-07 12:59:59,1658.25,0.0,0.0
2005-02-07 13:04:59,1658.25,0.0,0.0
2005-02-07 13:10:00,1658.25,0.0,0.0
2005-02-07 13:14:59,1658.25,0.0,0.0
2005-02-07 13:19:59,1658.25,0.0,0.0
2005-02-07 13:24:59,1658.25,0.0,0.0
2005-02-07 13:30:00,1658.25,0.0,0.0
2005-02-07 13:34:59,1658.25,0.0,0.0
2005-02-07 13:39:59,1658.25,0.0,0.0
2005-02-07 13:44:59,1658.25,0.0,0.0
2005-02-07 13:49:59,1658.25,0.0,-1.0
2005-02-07 13:55:00,1657.75,0.0,0.0
2005-02-07 13:59:59,1657.75,0.0,1.0
2005-02-07 14:04:59,1658.25,0.0,1.0
2005-02-07 14:09:59,1659.75,0.0,-1.0
2005-02-07 14:15:00,1658.25,0.0,0.0
2005-02-07 14:19:59,1658.25,0.0,-1.0
2005-02-07 14:24:59,1656.25,0.0,1.0
2005-02-07 14:29:59,1657.75,0.0,0.0
2005-02-07 14:34:59,1657.75,0.0,0.0
2005-02-07 14:40:00,1657.75,0.0,-1.0
2005-02-07 14:44:59,1657.25,0.0,-1.0
2005-02-07 14:49:59,1653.25,0.0,1.0
2005-02-07 14:54:59,1654.75,0.0,-1.0
2005-02-07 15:00:00,1653.25,0.0,1.0
2005-02-07 15:04:59,1655.25,0.0,-1.0
2005-02-07 15:09:59,1654.75,0.0,1.0
2005-02-07 15:14:59,1656.75,0.0,1.0
2005-02-07 15:19:59,1657.25,0.0,1.0
2005-02-07 15:25:00,1657.75,-1.0,1.0
2005-02-07 15:29:59,1666.25,0.0,-1.0
2005-02-07 15:34:59,1663.25,0.0,-1.0
2005-02-07 15:39:59,1661.75,0.0,-1.0
2005-02-07 15:45:00,1660.25,0.0,-1.0
2005-02-07 15:49:59,1656.75,0.0,1.0
2005-02-07 15:54:59,1660.25,0.0,1.0
2005-02-07 15:59:59,1662.25,0.0,1.0
2005-02-07 16:04:59,1667.25,0.0,-1.0
2005-02-07 16:10:00,1665.75,0.0,1.0
2005-02-07 16:14:59,1670.75,-1.0,-1.0
2005-02-07 16:19:59,1670.25,0.0,1.0
2005-02-07 16:24:59,1670.75,0.0,1.0
2005-02-07 16:30:00,1672.25,0.0,1.0
2005-02-07 16:34:59,1675.75,0.0,-1.0
2005-02-07 16:39:59,1674.25,0.0,-1.0
2005-02-07 16:44:59,1673.25,-1.0,-1.0
2005-02-07 16:49:59,1672.75,-1.0,1.0
2005-02-07 16:55:00,1673.75,-1.0,-1.0
2005-02-07 16:59:59,1672.75,-1.0,-1.0
2005-02-07 17:04:59,1672.25,-1.0,0.0
2005-02-07 17:09:59,1672.25,-1.0,-1.0
2005-02-07 17:15:00,1671.75,-1.0,1.0
2005-02-07 17:19:59,1672.25,0.0,1.0
2005-02-07 17:24:59,1676.75,0.0,-1.0
2005-02-07 17:29:59,1673.75,0.0,1.0
2005-02-07 17:34:59,1674.75,-1.0,-1.0
2005-02-07 17:40:00,1672.75,-1.0,0.0
2005-02-07 17:44:59,1672.75,-1.0,-1.0
2005-02-07 17:49:59,1671.25,-1.0,1.0
2005-02-07 17:54:59,1673.75,0.0,-1.0
2005-02-07 18:00:00,1673.25,-1.0,0.0
2005-02-07 18:04:59,1673.25,-1.0,1.0
2005-02-07 18:09:59,1674.25,-1.0,0.0
2005-02-07 18:14:59,1674.25,-1.0,-1.0
2005-02-07 18:19:59,1673.75,-1.0,-1.0
2005-02-07 18:25:00,1673.25,-1.0,0.0
2005-02-07 18:29:59,1673.25,-1.0,1.0
2005-02-07 18:34:59,1675.75,-1.0,-1.0
2005-02-07 18:39:59,1674.75,-1.0,1.0
2005-02-07 18:45:00,1675.75,1.0,-1.0
2005-02-07 18:49:59,1675.25,1.0,-1.0
2005-02-07 18:54:59,1674.25,1.0,1.0
2005-02-07 18:59:59,1675.75,1.0,-1.0
2005-02-07 19:04:59,1674.75,1.0,-1.0
2005-02-07 19:10:00,1673.25,-1.0,0.0
2005-02-07 19:14:59,1673.25,-1.0,1.0
2005-02-07 19:19:59,1674.25,1.0,0.0
2005-02-07 19:24:59,1674.25,-1.0,1.0
2005-02-07 19:30:00,1675.25,-1.0,1.0
2005-02-07 19:34:59,1675.75,1.0,-1.0
2005-02-07 19:39:59,1675.25,1.0,-1.0
2005-02-07 19:44:59,1674.75,1.0,1.0
2005-02-07 19:49:59,1675.25,1.0,1.0
2005-02-07 19:55:00,1677.75,1.0,-1.0
2005-02-07 19:59:59,1676.25,-1.0,-1.0
2005-02-07 20:04:59,1675.25,-1.0,-1.0
2005-02-07 20:09:59,1674.75,-1.0,0.0
2005-02-07 20:15:00,1674.75,1.0,-1.0
2005-02-07 20:19:59,1674.25,1.0,1.0
2005-02-07 20:24:59,1675.75,-1.0,1.0
2005-02-07 20:29:59,1677.25,1.0,1.0
2005-02-07 20:34:59,1677.75,-1.0,-1.0
2005-02-07 20:40:00,1676.75,1.0,1.0
2005-02-07 20:44:59,1678.75,1.0,1.0
2005-02-07 20:49:59,1679.25,1.0,-1.0
2005-02-07 20:54:59,1678.75,1.0,1.0
2005-02-07 21:00:00,1680.75,1.0,0.0
2005-02-07 21:04:59,1680.75,1.0,1.0
2005-02-07 21:09:59,1682.25,1.0,-1.0
2005-02-07 21:14:59,1680.75,0.0,-1.0
2005-02-07 21:19:59,1679.75,1.0,1.0
2005-02-07 21:25:00,1681.25,0.0,1.0
2005-02-07 21:29:59,1682.25,0.0,1.0
2005-02-07 21:34:59,1683.25,0.0,-1.0
2005-02-07 21:39:59,1682.75,0.0,0.0
2005-02-07 21:45:00,1682.75,0.0,1.0
2005-02-07 21:49:59,1683.75,0.0,1.0
2005-02-07 21:54:59,1684.25,0.0,-1.0
2005-02-07 21:59:59,1683.75,-1.0,-1.0
2005-02-07 22:04:59,1681.75,1.0,-1.0
2005-02-07 22:10:00,1678.75,1.0,1.0
2005-02-10 00:29:59,1681.25,1.0,0.0
2005-02-10 00:34:59,1681.25,-1.0,1.0
2005-02-10 00:39:59,1681.75,1.0,1.0
2005-02-10 00:45:00,1682.75,1.0,0.0
2005-02-10 00:49:59,1682.75,-1.0,1.0
2005-02-10 00:54:59,1683.25,-1.0,-1.0
2005-02-10 00:59:59,1682.75,-1.0,0.0
2005-02-10 01:04:59,1682.75,-1.0,0.0
2005-02-10 01:10:00,1682.75,-1.0,-1.0
2005-02-10 01:14:59,1681.75,-1.0,0.0
2005-02-10 01:19:59,1681.75,0.0,1.0
2005-02-10 01:24:59,1682.75,0.0,-1.0
2005-02-10 01:30:00,1682.25,0.0,0.0
2005-02-10 01:34:59,1682.25,-1.0,-1.0
2005-02-10 01:39:59,1681.75,0.0,0.0
2005-02-10 01:44:59,1681.75,0.0,1.0
2005-02-10 01:49:59,1682.75,0.0,-1.0
2005-02-10 01:55:00,1682.25,0.0,-1.0
2005-02-10 01:59:59,1681.75,0.0,1.0
2005-02-10 02:04:59,1682.25,0.0,-1.0
2005-02-10 02:09:59,1681.75,0.0,0.0
2005-02-10 02:15:00,1681.75,0.0,0.0
2005-02-10 02:19:59,1681.75,0.0,0.0
2005-02-10 02:24:59,1681.75,0.0,1.0
2005-02-10 02:29:59,1682.25,0.0,0.0
2005-02-10 02:34:59,1682.25,0.0,-1.0
2005-02-10 02:40:00,1681.75,0.0,0.0
2005-02-10 02:44:59,1681.75,0.0,1.0
2005-02-10 02:49:59,1682.25,0.0,-1.0
2005-02-10 02:54:59,1681.25,0.0,-1.0
2005-02-10 03:00:00,1680.75,0.0,1.0
2005-02-10 03:04:59,1681.25,0.0,0.0
2005-02-10 03:09:59,1681.25,0.0,0.0
2005-02-10 03:14:59,1681.25,0.0,0.0
2005-02-10 03:19:59,1681.25,0.0,0.0
2005-02-10 03:25:00,1681.25,0.0,-1.0
2005-02-10 03:29:59,1680.75,0.0,1.0
2005-02-10 03:34:59,1681.25,0.0,0.0
2005-02-10 03:39:59,1681.25,0.0,0.0
2005-02-10 03:45:00,1681.25,0.0,0.0
2005-02-10 03:49:59,1681.25,0.0,0.0
2005-02-10 03:54:59,1681.25,0.0,-1.0
2005-02-10 03:59:59,1680.75,0.0,0.0
2005-02-10 04:04:59,1680.75,0.0,1.0
2005-02-10 04:10:00,1681.25,1.0,0.0
2005-02-10 04:14:59,1681.25,0.0,0.0
2005-02-10 04:19:59,1681.25,0.0,0.0
2005-02-10 04:24:59,1681.25,0.0,-1.0
2005-02-10 04:30:00,1680.75,0.0,0.0
2005-02-10 04:34:59,1680.75,0.0,-1.0
2005-02-10 04:39:59,1680.25,0.0,0.0
2005-02-10 04:44:59,1680.25,-1.0,1.0
2005-02-10 04:49:59,1681.25,-1.0,-1.0
2005-02-10 04:55:00,1680.25,0.0,0.0
2005-02-10 04:59:59,1680.25,0.0,0.0
2005-02-10 05:04:59,1680.25,0.0,0.0
2005-02-10 05:09:59,1680.25,0.0,0.0
2005-02-10 05:15:00,1680.25,0.0,1.0
2005-02-10 05:19:59,1681.25,0.0,1.0
2005-02-10 05:24:59,1681.75,0.0,0.0
2005-02-10 05:29:59,1681.75,0.0,0.0
2005-02-10 05:34:59,1681.75,0.0,0.0
2005-02-10 05:40:00,1681.75,0.0,-1.0
2005-02-10 05:44:59,1681.25,-1.0,0.0
2005-02-10 05:49:59,1681.25,0.0,0.0
2005-02-10 05:54:59,1681.25,0.0,0.0
2005-02-10 06:00:00,1681.25,0.0,0.0
2005-02-10 06:04:59,1681.25,0.0,-1.0
2005-02-10 06:09:59,1679.75,0.0,1.0
2005-02-10 06:14:59,1680.25,0.0,-1.0
2005-02-10 06:19:59,1679.75,0.0,0.0
2005-02-10 06:25:00,1679.75,0.0,0.0
2005-02-10 06:29:59,1679.75,0.0,0.0
2005-02-10 06:34:59,1679.75,0.0,-1.0
2005-02-10 06:39:59,1679.25,0.0,0.0
2005-02-10 06:45:00,1679.25,0.0,1.0
2005-02-10 06:49:59,1680.75,0.0,-1.0
2005-02-10 06:54:59,1679.25,0.0,0.0
2005-02-10 06:59:59,1679.25,-1.0,1.0
2005-02-10 07:04:59,1680.25,-1.0,0.0
2005-02-10 07:10:00,1680.25,-1.0,0.0
2005-02-10 07:14:59,1680.25,-1.0,0.0
2005-02-10 07:19:59,1680.25,-1.0,0.0
2005-02-10 07:24:59,1680.25,-1.0,0.0
2005-02-10 07:30:00,1680.25,-1.0,0.0
2005-02-10 07:34:59,1680.25,-1.0,0.0
2005-02-10 07:39:59,1680.25,0.0,-1.0
2005-02-10 07:44:59,1679.75,0.0,0.0
2005-02-10 07:49:59,1679.75,0.0,1.0
2005-02-10 07:55:00,1680.25,0.0,0.0
2005-02-10 07:59:59,1680.25,0.0,-1.0
2005-02-10 08:04:59,1679.75,0.0,0.0
2005-02-10 08:09:59,1679.75,0.0,0.0
2005-02-10 08:15:00,1679.75,0.0,0.0
2005-02-10 08:19:59,1679.75,0.0,1.0
2005-02-10 08:24:59,1680.25,1.0,0.0
2005-02-10 08:29:59,1680.25,-1.0,0.0
2005-02-10 08:34:59,1680.25,0.0,1.0
2005-02-10 08:40:00,1680.75,0.0,1.0
2005-02-10 08:44:59,1681.75,0.0,0.0
2005-02-10 08:49:59,1681.75,-1.0,0.0
2005-02-10 08:54:59,1681.75,-1.0,0.0
2005-02-10 09:00:00,1681.75,-1.0,1.0
2005-02-10 09:04:59,1683.25,-1.0,-1.0
2005-02-10 09:09:59,1682.25,0.0,-1.0
2005-02-10 09:14:59,1681.75,1.0,1.0
2005-02-10 09:19:59,1682.75,0.0,1.0
2005-02-10 09:25:00,1683.75,-1.0,0.0
2005-02-10 09:29:59,1683.75,-1.0,0.0
2005-02-10 09:34:59,1683.75,-1.0,-1.0
2005-02-10 09:39:59,1683.25,-1.0,1.0
2005-02-10 09:45:00,1683.75,-1.0,1.0
2005-02-10 09:49:59,1684.25,-1.0,0.0
2005-02-10 09:54:59,1684.25,-1.0,0.0
2005-02-10 09:59:59,1684.25,-1.0,1.0
2005-02-10 10:04:59,1684.75,-1.0,1.0
2005-02-10 10:10:00,1685.25,-1.0,0.0
2005-02-10 10:14:59,1685.25,-1.0,-1.0
2005-02-10 10:19:59,1684.75,-1.0,1.0
2005-02-10 10:24:59,1685.25,-1.0,1.0
2005-02-10 10:30:00,1686.25,-1.0,-1.0
2005-02-10 10:34:59,1685.75,-1.0,1.0
2005-02-10 10:39:59,1686.75,-1.0,1.0
2005-02-10 10:44:59,1687.25,-1.0,-1.0
2005-02-10 10:49:59,1686.25,-1.0,1.0
2005-02-10 10:55:00,1686.75,-1.0,0.0
2005-02-10 10:59:59,1686.75,-1.0,-1.0
2005-02-10 11:04:59,1686.25,0.0,0.0
2005-02-10 11:09:59,1686.25,0.0,0.0
2005-02-10 11:15:00,1686.25,-1.0,0.0
2005-02-10 11:19:59,1686.25,0.0,0.0
2005-02-10 11:24:59,1686.25,0.0,0.0
2005-02-10 11:29:59,1686.25,0.0,0.0
2005-02-10 11:34:59,1686.25,1.0,0.0
2005-02-10 11:40:00,1686.25,0.0,0.0
2005-02-10 11:44:59,1686.25,-1.0,0.0
2005-02-10 11:49:59,1686.25,-1.0,-1.0
2005-02-10 11:54:59,1685.75,-1.0,0.0
2005-02-10 12:00:00,1685.75,-1.0,1.0
2005-02-10 12:04:59,1686.25,0.0,1.0
2005-02-10 12:09:59,1686.75,0.0,0.0
2005-02-10 12:14:59,1686.75,-1.0,-1.0
2005-02-10 12:19:59,1685.75,-1.0,0.0
2005-02-10 12:25:00,1685.75,0.0,1.0
2005-02-10 12:29:59,1686.25,0.0,-1.0
2005-02-10 12:34:59,1685.75,0.0,0.0
2005-02-10 12:39:59,1685.75,0.0,0.0
2005-02-10 12:45:00,1685.75,0.0,0.0
2005-02-10 12:49:59,1685.75,0.0,0.0
2005-02-10 12:54:59,1685.75,0.0,1.0
2005-02-10 12:59:59,1686.25,0.0,-1.0
2005-02-10 13:04:59,1685.75,0.0,-1.0
2005-02-10 13:10:00,1685.25,0.0,1.0
2005-02-10 13:14:59,1686.25,0.0,1.0
2005-02-10 13:19:59,1686.75,0.0,0.0
2005-02-10 13:24:59,1686.75,0.0,-1.0
2005-02-10 13:30:00,1686.25,0.0,0.0
2005-02-10 13:34:59,1686.25,0.0,0.0
2005-02-10 13:39:59,1686.25,0.0,0.0
2005-02-10 13:44:59,1686.25,0.0,1.0
2005-02-10 13:49:59,1687.25,0.0,1.0
2005-02-10 13:55:00,1687.75,0.0,0.0
2005-02-10 13:59:59,1687.75,0.0,-1.0
2005-02-10 14:04:59,1687.25,0.0,0.0
2005-02-10 14:09:59,1687.25,0.0,1.0
2005-02-10 14:15:00,1687.75,0.0,1.0
2005-02-10 14:19:59,1688.25,0.0,-1.0
2005-02-10 14:24:59,1687.75,0.0,1.0
2005-02-10 14:29:59,1688.25,0.0,0.0
2005-02-10 14:34:59,1688.25,0.0,0.0
2005-02-10 14:40:00,1688.25,0.0,0.0
2005-02-10 14:44:59,1688.25,0.0,0.0
2005-02-10 14:49:59,1688.25,0.0,0.0
2005-02-10 14:54:59,1688.25,0.0,0.0
2005-02-10 15:00:00,1688.25,0.0,-1.0
2005-02-10 15:04:59,1687.75,0.0,-1.0
2005-02-10 15:09:59,1687.25,0.0,1.0
2005-02-10 15:14:59,1687.75,0.0,1.0
2005-02-10 15:19:59,1688.25,0.0,-1.0
2005-02-10 15:25:00,1686.75,0.0,-1.0
2005-02-10 15:29:59,1683.25,0.0,1.0
2005-02-10 15:34:59,1684.75,0.0,-1.0
2005-02-10 15:39:59,1683.75,0.0,-1.0
2005-02-10 15:45:00,1680.75,0.0,0.0
2005-02-10 15:49:59,1680.75,0.0,1.0
2005-02-10 15:54:59,1682.25,0.0,1.0
2005-02-10 15:59:59,1682.75,0.0,-1.0
2005-02-10 16:04:59,1679.25,0.0,1.0
2005-02-10 16:10:00,1682.25,0.0,0.0
2005-02-10 16:14:59,1682.25,0.0,1.0
2005-02-10 16:19:59,1684.75,1.0,0.0
2005-02-10 16:24:59,1684.75,-1.0,-1.0
2005-02-10 16:30:00,1684.25,-1.0,1.0
2005-02-10 16:34:59,1685.75,-1.0,0.0
2005-02-10 16:39:59,1685.75,-1.0,0.0
2005-02-10 16:44:59,1685.75,-1.0,-1.0
2005-02-10 16:49:59,1684.25,-1.0,0.0
2005-02-10 16:55:00,1684.25,1.0,-1.0
2005-02-10 16:59:59,1683.75,-1.0,1.0
2005-02-10 17:04:59,1684.75,-1.0,-1.0
2005-02-10 17:09:59,1682.75,-1.0,1.0
2005-02-10 17:15:00,1683.25,1.0,1.0
2005-02-10 17:19:59,1683.75,1.0,1.0
2005-02-10 17:24:59,1684.25,0.0,1.0
2005-02-10 17:29:59,1684.75,-1.0,1.0
2005-02-10 17:34:59,1685.75,0.0,1.0
2005-02-10 17:40:00,1687.25,0.0,0.0
2005-02-10 17:44:59,1687.25,-1.0,-1.0
2005-02-10 17:49:59,1686.25,-1.0,-1.0
2005-02-10 17:54:59,1685.75,-1.0,-1.0
2005-02-10 18:00:00,1684.75,-1.0,1.0
2005-02-10 18:04:59,1685.75,-1.0,1.0
2005-02-10 18:09:59,1686.75,-1.0,-1.0
2005-02-10 18:14:59,1685.75,-1.0,0.0
2005-02-10 18:19:59,1685.75,-1.0,-1.0
2005-02-10 18:25:00,1683.75,-1.0,1.0
2005-02-10 18:29:59,1684.75,-1.0,-1.0
2005-02-10 18:34:59,1684.25,-1.0,0.0
2005-02-10 18:39:59,1684.25,-1.0,0.0
2005-02-10 18:45:00,1684.25,-1.0,1.0
2005-02-10 18:49:59,1684.75,-1.0,-1.0
2005-02-10 18:54:59,1684.25,-1.0,1.0
2005-02-10 18:59:59,1684.75,-1.0,0.0
2005-02-10 19:04:59,1684.75,-1.0,1.0
2005-02-10 19:10:00,1685.75,-1.0,1.0
2005-02-10 19:14:59,1687.75,-1.0,-1.0
2005-02-10 19:19:59,1687.25,-1.0,-1.0
2005-02-10 19:24:59,1686.75,-1.0,1.0
2005-02-10 19:30:00,1688.75,-1.0,-1.0
2005-02-10 19:34:59,1688.25,-1.0,-1.0
2005-02-10 19:39:59,1686.75,-1.0,0.0
2005-02-10 19:44:59,1686.75,-1.0,0.0
2005-02-10 19:49:59,1686.75,-1.0,-1.0
2005-02-10 19:55:00,1686.25,-1.0,0.0
2005-02-10 19:59:59,1686.25,-1.0,1.0
2005-02-10 20:04:59,1686.75,-1.0,-1.0
2005-02-10 20:09:59,1685.25,1.0,-1.0
2005-02-10 20:15:00,1684.25,-1.0,-1.0
2005-02-10 20:19:59,1683.25,-1.0,0.0
2005-02-10 20:24:59,1683.25,-1.0,1.0
2005-02-10 20:29:59,1683.75,-1.0,-1.0
2005-02-10 20:34:59,1683.25,-1.0,-1.0
2005-02-10 20:40:00,1681.75,-1.0,1.0
2005-02-10 20:44:59,1683.25,1.0,0.0
2005-02-10 20:49:59,1683.25,-1.0,-1.0
2005-02-10 20:54:59,1679.25,1.0,1.0
2005-02-10 21:00:00,1679.75,1.0,-1.0
2005-02-10 21:04:59,1678.75,1.0,-1.0
2005-02-10 21:09:59,1678.25,1.0,1.0
2005-02-10 21:14:59,1680.25,1.0,-1.0
2005-02-10 21:19:59,1677.75,1.0,1.0
2005-02-10 21:25:00,1678.25,1.0,-1.0
2005-02-10 21:29:59,1677.25,1.0,1.0
2005-02-10 21:34:59,1678.75,1.0,1.0
2005-02-10 21:39:59,1680.75,1.0,-1.0
2005-02-10 21:45:00,1678.25,1.0,-1.0
2005-02-10 21:49:59,1677.25,1.0,0.0
2005-02-10 21:54:59,1677.25,-1.0,-1.0
2005-02-10 21:59:59,1675.75,1.0,1.0
2005-02-10 22:04:59,1676.75,-1.0,1.0
2005-02-10 22:10:00,1678.75,-1.0,0.0
2005-02-10 22:14:59,1678.75,1.0,0.0
2005-02-10 22:19:59,1678.75,-1.0,0.0
2005-02-10 22:24:59,1678.75,-1.0,1.0
2005-02-10 22:30:00,1679.75,-1.0,-1.0
2005-02-10 22:34:59,1678.25,-1.0,1.0
2005-02-10 22:39:59,1678.75,1.0,1.0
2005-02-10 22:44:59,1679.25,1.0,0.0
2005-02-10 22:49:59,1679.25,-1.0,0.0
2005-02-10 22:55:00,1679.25,1.0,1.0
2005-02-10 22:59:59,1680.25,1.0,-1.0
2005-02-10 23:04:59,1679.75,1.0,0.0
2005-02-10 23:09:59,1679.75,1.0,1.0
2005-02-10 23:15:00,1680.25,-1.0,0.0
2005-02-10 23:19:59,1680.25,-1.0,0.0
2005-02-10 23:24:59,1680.25,1.0,0.0
2005-02-11 00:00:00,1680.25,-1.0,0.0
2005-02-11 00:04:59,1680.25,-1.0,0.0
2005-02-11 00:09:59,1680.25,1.0,0.0
2005-02-11 00:14:59,1680.25,-1.0,0.0
2005-02-11 00:19:59,1680.25,1.0,0.0
2005-02-11 00:25:00,1680.25,1.0,0.0
2005-02-11 00:29:59,1680.25,1.0,0.0
2005-02-11 00:34:59,1680.25,1.0,0.0
2005-02-11 00:39:59,1680.25,-1.0,0.0
2005-02-11 00:45:00,1680.25,-1.0,-1.0
2005-02-11 00:49:59,1679.75,1.0,0.0
2005-02-11 00:54:59,1679.75,1.0,1.0
2005-02-11 00:59:59,1680.25,1.0,0.0
2005-02-11 01:04:59,1680.25,1.0,1.0
2005-02-11 01:10:00,1680.75,1.0,0.0
2005-02-11 01:14:59,1680.75,1.0,0.0
2005-02-11 01:19:59,1680.75,1.0,-1.0
2005-02-11 01:24:59,1680.25,1.0,0.0
2005-02-11 01:30:00,1680.25,-1.0,0.0
2005-02-11 01:34:59,1680.25,0.0,1.0
2005-02-11 01:39:59,1680.75,0.0,-1.0
2005-02-11 01:44:59,1680.25,0.0,0.0
2005-02-11 01:49:59,1680.25,-1.0,0.0
2005-02-11 01:55:00,1680.25,-1.0,0.0
2005-02-11 01:59:59,1680.25,0.0,0.0
2005-02-11 02:04:59,1680.25,0.0,0.0
2005-02-11 02:09:59,1680.25,0.0,0.0
2005-02-11 02:15:00,1680.25,0.0,0.0
2005-02-11 02:19:59,1680.25,-1.0,1.0
2005-02-11 02:24:59,1680.75,-1.0,-1.0
2005-02-11 02:29:59,1680.25,0.0,0.0
2005-02-11 02:34:59,1680.25,0.0,0.0
2005-02-11 02:40:00,1680.25,0.0,0.0
2005-02-11 02:44:59,1680.25,-1.0,0.0
2005-02-11 02:49:59,1680.25,0.0,0.0
2005-02-11 02:54:59,1680.25,0.0,0.0
2005-02-11 03:00:00,1680.25,0.0,-1.0
2005-02-11 03:04:59,1679.75,0.0,0.0
2005-02-11 03:09:59,1679.75,0.0,0.0
2005-02-11 03:14:59,1679.75,0.0,-1.0
2005-02-11 03:19:59,1679.25,0.0,0.0
2005-02-11 03:25:00,1679.25,0.0,1.0
2005-02-11 03:29:59,1679.75,0.0,1.0
2005-02-11 03:34:59,1680.25,0.0,0.0
2005-02-11 03:39:59,1680.25,0.0,-1.0
2005-02-11 03:45:00,1679.75,0.0,0.0
2005-02-11 03:49:59,1679.75,0.0,0.0
2005-02-11 03:54:59,1679.75,0.0,1.0
2005-02-11 03:59:59,1680.25,0.0,-1.0
2005-02-11 04:04:59,1679.75,0.0,0.0
2005-02-11 04:10:00,1679.75,0.0,1.0
2005-02-11 04:14:59,1680.25,0.0,0.0
2005-02-11 04:19:59,1680.25,0.0,0.0
2005-02-11 04:24:59,1680.25,0.0,0.0
2005-02-11 04:30:00,1680.25,0.0,-1.0
2005-02-11 04:34:59,1679.75,0.0,0.0
2005-02-11 04:39:59,1679.75,0.0,0.0
2005-02-11 04:44:59,1679.75,0.0,0.0
2005-02-11 04:49:59,1679.75,0.0,-1.0
2005-02-11 04:55:00,1679.25,0.0,1.0
2005-02-11 04:59:59,1679.75,0.0,1.0
2005-02-11 05:04:59,1680.75,0.0,0.0
2005-02-11 05:09:59,1680.75,0.0,-1.0
2005-02-11 05:15:00,1680.25,0.0,0.0
2005-02-11 05:19:59,1680.25,0.0,0.0
2005-02-11 05:24:59,1680.25,0.0,0.0
2005-02-11 05:29:59,1680.25,0.0,0.0
2005-02-11 05:34:59,1680.25,0.0,0.0
2005-02-11 05:40:00,1680.25,0.0,-1.0
2005-02-11 05:44:59,1679.75,0.0,0.0
2005-02-11 05:49:59,1679.75,0.0,0.0
2005-02-11 05:54:59,1679.75,0.0,0.0
2005-02-11 06:00:00,1679.75,0.0,0.0
2005-02-11 06:04:59,1679.75,0.0,0.0
2005-02-11 06:09:59,1679.75,0.0,-1.0
2005-02-11 06:14:59,1679.25,0.0,0.0
2005-02-11 06:19:59,1679.25,0.0,1.0
2005-02-11 06:25:00,1680.25,0.0,0.0
2005-02-11 06:29:59,1680.25,0.0,0.0
2005-02-11 06:34:59,1680.25,0.0,0.0
2005-02-11 06:39:59,1680.25,0.0,0.0
2005-02-11 06:45:00,1680.25,0.0,1.0
2005-02-11 06:49:59,1680.75,0.0,0.0
2005-02-11 06:54:59,1680.75,0.0,0.0
2005-02-11 06:59:59,1680.75,0.0,0.0
2005-02-11 07:04:59,1680.75,0.0,1.0
2005-02-11 07:10:00,1681.25,0.0,0.0
2005-02-11 07:14:59,1681.25,0.0,0.0
2005-02-11 07:19:59,1681.25,0.0,0.0
2005-02-11 07:24:59,1681.25,0.0,-1.0
2005-02-11 07:30:00,1680.75,-1.0,0.0
2005-02-11 07:34:59,1680.75,0.0,0.0
2005-02-11 07:39:59,1680.75,0.0,0.0
2005-02-11 07:44:59,1680.75,0.0,0.0
2005-02-11 07:49:59,1680.75,0.0,0.0
2005-02-11 07:55:00,1680.75,0.0,0.0
2005-02-11 07:59:59,1680.75,0.0,-1.0
2005-02-11 08:04:59,1680.25,0.0,1.0
2005-02-11 08:09:59,1680.75,0.0,0.0
2005-02-11 08:15:00,1680.75,0.0,1.0
2005-02-11 08:19:59,1681.25,0.0,0.0
2005-02-11 08:24:59,1681.25,0.0,1.0
2005-02-11 08:29:59,1681.75,0.0,-1.0
2005-02-11 08:34:59,1681.25,0.0,-1.0
2005-02-11 08:40:00,1680.25,0.0,1.0
2005-02-11 08:44:59,1680.75,0.0,1.0
2005-02-11 08:49:59,1681.25,0.0,0.0
2005-02-11 08:54:59,1681.25,0.0,-1.0
2005-02-11 09:00:00,1680.25,0.0,1.0
2005-02-11 09:04:59,1680.75,0.0,-1.0
2005-02-11 09:09:59,1679.25,0.0,1.0
2005-02-11 09:14:59,1679.75,0.0,1.0
2005-02-11 09:19:59,1680.75,0.0,-1.0
2005-02-11 09:25:00,1680.25,0.0,1.0
2005-02-11 09:29:59,1680.75,0.0,0.0
2005-02-11 09:34:59,1680.75,0.0,-1.0
2005-02-11 09:39:59,1680.25,0.0,0.0
2005-02-11 09:45:00,1680.25,0.0,-1.0
2005-02-11 09:49:59,1679.25,0.0,0.0
2005-02-11 09:54:59,1679.25,0.0,0.0
2005-02-11 09:59:59,1679.25,0.0,0.0
2005-02-11 10:04:59,1679.25,0.0,-1.0
2005-02-11 10:10:00,1678.75,0.0,0.0
2005-02-11 10:14:59,1678.75,0.0,0.0
2005-02-11 10:19:59,1678.75,0.0,0.0
2005-02-11 10:24:59,1678.75,0.0,0.0
2005-02-11 10:30:00,1678.75,0.0,0.0
2005-02-11 10:34:59,1678.75,0.0,1.0
2005-02-11 10:39:59,1679.25,0.0,0.0
2005-02-11 10:44:59,1679.25,0.0,0.0
2005-02-11 10:49:59,1679.25,0.0,0.0
2005-02-11 10:55:00,1679.25,0.0,0.0
2005-02-11 10:59:59,1679.25,0.0,0.0
2005-02-11 11:04:59,1679.25,-1.0,0.0
2005-02-11 11:09:59,1679.25,0.0,1.0
2005-02-11 11:15:00,1679.75,0.0,1.0
2005-02-11 11:19:59,1680.25,0.0,0.0
2005-02-11 11:24:59,1680.25,0.0,-1.0
2005-02-11 11:29:59,1679.75,0.0,-1.0
2005-02-11 11:34:59,1678.75,0.0,0.0
2005-02-11 11:40:00,1678.75,0.0,0.0
2005-02-11 11:44:59,1678.75,0.0,0.0
2005-02-11 11:49:59,1678.75,0.0,0.0
2005-02-11 11:54:59,1678.75,0.0,0.0
2005-02-11 12:00:00,1678.75,0.0,1.0
2005-02-11 12:04:59,1679.25,0.0,0.0
2005-02-11 12:09:59,1679.25,0.0,0.0
2005-02-11 12:14:59,1679.25,0.0,-1.0
2005-02-11 12:19:59,1678.75,0.0,0.0
2005-02-11 12:25:00,1678.75,0.0,0.0
2005-02-11 12:29:59,1678.75,0.0,-1.0
2005-02-11 12:34:59,1678.25,0.0,0.0
2005-02-11 12:39:59,1678.25,0.0,0.0
2005-02-11 12:45:00,1678.25,0.0,0.0
2005-02-11 12:49:59,1678.25,0.0,0.0
2005-02-11 12:54:59,1678.25,0.0,1.0
2005-02-11 12:59:59,1678.75,-1.0,0.0
2005-02-11 13:04:59,1678.75,0.0,0.0
2005-02-11 13:10:00,1678.75,0.0,1.0
2005-02-11 13:14:59,1679.25,0.0,-1.0
2005-02-11 13:19:59,1678.25,0.0,1.0
2005-02-11 13:24:59,1679.25,0.0,0.0
2005-02-11 13:30:00,1679.25,0.0,0.0
2005-02-11 13:34:59,1679.25,0.0,-1.0
2005-02-11 13:39:59,1678.75,0.0,0.0
2005-02-11 13:44:59,1678.75,0.0,0.0
2005-02-11 13:49:59,1678.75,0.0,0.0
2005-02-11 13:55:00,1678.75,0.0,0.0
2005-02-11 13:59:59,1678.75,0.0,0.0
2005-02-11 14:04:59,1678.75,0.0,0.0
2005-02-11 14:09:59,1678.75,0.0,1.0
2005-02-11 14:15:00,1679.25,0.0,-1.0
2005-02-11 14:19:59,1678.25,0.0,0.0
2005-02-11 14:24:59,1678.25,0.0,0.0
2005-02-11 14:29:59,1678.25,0.0,0.0
2005-02-11 14:34:59,1678.25,0.0,0.0
2005-02-11 14:40:00,1678.25,0.0,0.0
2005-02-11 14:44:59,1678.25,0.0,0.0
2005-02-11 14:49:59,1678.25,0.0,0.0
2005-02-11 14:54:59,1678.25,0.0,-1.0
2005-02-11 15:00:00,1677.25,0.0,0.0
2005-02-11 15:04:59,1677.25,0.0,0.0
2005-02-11 15:09:59,1677.25,0.0,0.0
2005-02-11 15:14:59,1677.25,-1.0,-1.0
2005-02-11 15:19:59,1676.75,-1.0,-1.0
2005-02-11 15:25:00,1676.25,0.0,0.0
2005-02-11 15:29:59,1676.25,0.0,1.0
2005-02-11 15:34:59,1677.75,0.0,1.0
2005-02-11 15:39:59,1678.75,0.0,-1.0
2005-02-11 15:45:00,1676.25,0.0,1.0
2005-02-11 15:49:59,1676.75,-1.0,1.0
2005-02-11 15:54:59,1679.25,0.0,1.0
2005-02-11 15:59:59,1680.75,0.0,0.0
2005-02-11 16:04:59,1680.75,0.0,-1.0
2005-02-11 16:10:00,1679.25,0.0,1.0
2005-02-11 16:14:59,1679.75,0.0,0.0
2005-02-11 16:19:59,1679.75,-1.0,0.0
2005-02-11 16:24:59,1679.75,0.0,1.0
2005-02-11 16:30:00,1680.75,0.0,0.0
2005-02-11 16:34:59,1680.75,0.0,1.0
2005-02-11 16:39:59,1685.25,0.0,-1.0
2005-02-11 16:44:59,1684.75,0.0,1.0
2005-02-11 16:49:59,1686.25,0.0,1.0
2005-02-11 16:55:00,1686.75,0.0,1.0
2005-02-11 16:59:59,1687.25,0.0,0.0
2005-02-11 17:04:59,1687.25,0.0,-1.0
2005-02-11 17:09:59,1686.75,0.0,-1.0
2005-02-11 17:15:00,1685.25,0.0,-1.0
2005-02-11 17:19:59,1684.75,0.0,1.0
2005-02-11 17:24:59,1685.25,0.0,-1.0
2005-02-11 17:29:59,1684.25,0.0,-1.0
2005-02-11 17:34:59,1683.75,0.0,0.0
2005-02-11 17:40:00,1683.75,0.0,-1.0
2005-02-11 17:44:59,1682.75,0.0,0.0
2005-02-11 17:49:59,1682.75,0.0,1.0
2005-02-11 17:54:59,1683.25,0.0,1.0
2005-02-11 18:00:00,1684.25,0.0,0.0
2005-02-11 18:04:59,1684.25,0.0,0.0
2005-02-11 18:09:59,1684.25,-1.0,0.0
2005-02-11 18:14:59,1684.25,-1.0,1.0
2005-02-11 18:19:59,1684.75,0.0,1.0
2005-02-11 18:25:00,1685.25,-1.0,0.0
2005-02-11 18:29:59,1685.25,-1.0,0.0
2005-02-11 18:34:59,1685.25,-1.0,-1.0
2005-02-11 18:39:59,1684.25,-1.0,1.0
2005-02-11 18:45:00,1684.75,-1.0,1.0
2005-02-11 18:49:59,1686.75,-1.0,1.0
2005-02-11 18:54:59,1688.75,-1.0,-1.0
2005-02-11 18:59:59,1687.25,-1.0,1.0
2005-02-11 19:04:59,1687.75,-1.0,0.0
2005-02-11 19:10:00,1687.75,-1.0,0.0
2005-02-11 19:14:59,1687.75,0.0,-1.0
2005-02-11 19:19:59,1687.25,0.0,-1.0
2005-02-11 19:24:59,1686.25,1.0,0.0
2005-02-11 19:30:00,1686.25,0.0,0.0
2005-02-11 19:34:59,1686.25,0.0,0.0
2005-02-11 19:39:59,1686.25,0.0,-1.0
2005-02-11 19:44:59,1685.75,0.0,0.0
2005-02-11 19:49:59,1685.75,0.0,1.0
2005-02-11 19:55:00,1686.25,0.0,1.0
2005-02-11 19:59:59,1687.75,-1.0,-1.0
2005-02-11 20:04:59,1686.75,-1.0,-1.0
2005-02-11 20:09:59,1683.75,-1.0,-1.0
2005-02-11 20:15:00,1682.25,0.0,-1.0
2005-02-11 20:19:59,1681.75,0.0,1.0
2005-02-11 20:24:59,1682.25,0.0,-1.0
2005-02-11 20:29:59,1681.75,0.0,-1.0
2005-02-11 20:34:59,1680.25,0.0,0.0
2005-02-11 20:40:00,1680.25,0.0,1.0
2005-02-11 20:44:59,1681.75,0.0,-1.0
2005-02-11 20:49:59,1680.25,0.0,-1.0
2005-02-11 20:54:59,1679.25,0.0,1.0
2005-02-11 21:00:00,1680.25,0.0,1.0
2005-02-11 21:04:59,1681.25,0.0,-1.0
2005-02-11 21:09:59,1679.25,0.0,-1.0
2005-02-11 21:14:59,1678.75,0.0,1.0
2005-02-11 21:19:59,1679.25,0.0,1.0
2005-02-11 21:25:00,1680.75,0.0,1.0
2005-02-11 21:29:59,1683.25,0.0,-1.0
2005-02-11 21:34:59,1682.75,0.0,-1.0
2005-02-11 21:39:59,1681.25,0.0,1.0
2005-02-11 21:45:00,1681.75,1.0,1.0
2005-02-11 21:49:59,1682.75,0.0,0.0
2005-02-11 21:54:59,1682.75,0.0,1.0
2005-02-11 21:59:59,1684.25,0.0,-1.0
2005-02-11 22:04:59,1682.25,-1.0,-1.0
2005-02-11 22:10:00,1681.25,1.0,0.0
2005-02-11 22:14:59,1681.25,-1.0,0.0
2005-02-11 22:19:59,1681.25,0.0,0.0
2005-02-11 22:24:59,1681.25,-1.0,1.0
2005-02-11 22:30:00,1681.75,-1.0,-1.0
2005-02-11 22:34:59,1681.25,1.0,1.0
2005-02-11 22:39:59,1681.75,0.0,-1.0
2005-02-11 22:44:59,1681.25,-1.0,1.0
2005-02-11 22:49:59,1681.75,0.0,0.0
2005-02-11 22:55:00,1681.75,0.0,0.0
2005-02-11 22:59:59,1681.75,-1.0,0.0
2005-02-11 23:04:59,1681.75,-1.0,1.0
2005-02-11 23:09:59,1682.25,0.0,0.0
2005-02-11 23:15:00,1682.25,0.0,0.0
2005-02-11 23:19:59,1682.25,0.0,1.0
2005-02-11 23:24:59,1682.75,-1.0,1.0
2005-02-12 00:00:00,1683.25,-1.0,1.0
2005-02-12 00:04:59,1683.75,-1.0,-1.0
2005-02-12 00:09:59,1682.75,-1.0,1.0
2005-02-12 00:14:59,1683.25,-1.0,0.0
2005-02-12 00:19:59,1683.25,-1.0,-1.0
2005-02-12 00:25:00,1682.75,-1.0,1.0
2005-02-12 00:29:59,1683.75,-1.0,-1.0
2005-02-12 00:34:59,1683.25,-1.0,0.0
2005-02-12 00:39:59,1683.25,-1.0,-1.0
2005-02-12 00:45:00,1682.75,-1.0,1.0
2005-02-12 00:49:59,1683.25,-1.0,0.0
2005-02-12 00:54:59,1683.25,-1.0,-1.0
2005-02-12 00:59:59,1682.75,-1.0,0.0
2005-02-12 01:04:59,1682.75,-1.0,0.0
2005-02-12 01:10:00,1682.75,-1.0,1.0
2005-02-12 01:14:59,1683.25,-1.0,0.0
2005-02-12 01:19:59,1683.25,-1.0,0.0
2005-02-12 01:24:59,1683.25,-1.0,-1.0
2005-02-12 01:30:00,1682.75,-1.0,0.0
2005-02-12 01:34:59,1682.75,-1.0,0.0
2005-02-12 01:39:59,1682.75,-1.0,0.0
2005-02-12 01:44:59,1682.75,-1.0,-1.0
2005-02-12 01:49:59,1682.25,-1.0,0.0
2005-02-12 01:55:00,1682.25,-1.0,1.0
2005-02-12 01:59:59,1683.25,-1.0,1.0
2005-02-12 02:04:59,1684.25,-1.0,-1.0
2005-02-12 02:09:59,1683.75,-1.0,0.0
2005-02-12 02:15:00,1683.75,-1.0,0.0
2005-02-12 02:19:59,1683.75,-1.0,0.0
2005-02-12 02:24:59,1683.75,-1.0,-1.0
2005-02-12 02:29:59,1683.25,-1.0,0.0
2005-02-12 02:34:59,1683.25,1.0,0.0
2005-02-12 02:40:00,1683.25,-1.0,0.0
2005-02-12 02:44:59,1683.25,1.0,0.0
2005-02-12 02:49:59,1683.25,1.0,0.0
2005-02-12 02:54:59,1683.25,1.0,1.0
2005-02-12 03:00:00,1684.25,1.0,0.0
2005-02-12 03:04:59,1684.25,1.0,0.0
2005-02-12 03:09:59,1684.25,1.0,0.0
2005-02-12 03:14:59,1684.25,1.0,1.0
2005-02-12 03:19:59,1684.75,1.0,0.0
2005-02-12 03:25:00,1684.75,-1.0,-1.0
2005-02-12 03:29:59,1684.25,1.0,-1.0
2005-02-12 03:34:59,1683.75,1.0,0.0
2005-02-12 03:39:59,1683.75,1.0,-1.0
2005-02-12 03:45:00,1683.25,1.0,-1.0
2005-02-12 03:49:59,1682.25,1.0,1.0
2005-02-12 03:54:59,1682.75,1.0,0.0
2005-02-12 03:59:59,1682.75,1.0,0.0
2005-02-12 04:04:59,1682.75,1.0,0.0
2005-02-12 04:10:00,1682.75,1.0,0.0
2005-02-12 04:14:59,1682.75,0.0,-1.0
2005-02-12 04:19:59,1682.25,-1.0,0.0
2005-02-12 04:24:59,1682.25,-1.0,0.0
2005-02-12 04:30:00,1682.25,-1.0,0.0
2005-02-12 04:34:59,1682.25,-1.0,0.0
2005-02-12 04:39:59,1682.25,-1.0,0.0
2005-02-12 04:44:59,1682.25,-1.0,0.0
2005-02-12 04:49:59,1682.25,0.0,1.0
2005-02-12 04:55:00,1682.75,0.0,1.0
2005-02-12 04:59:59,1683.25,0.0,-1.0
2005-02-12 05:04:59,1682.75,1.0,1.0
2005-02-12 05:09:59,1683.25,0.0,0.0
2005-02-12 05:15:00,1683.25,1.0,-1.0
2005-02-12 05:19:59,1682.75,1.0,-1.0
2005-02-12 05:24:59,1681.25,-1.0,-1.0
2005-02-12 05:29:59,1680.75,0.0,1.0
2005-02-12 05:34:59,1681.25,0.0,0.0
2005-02-12 05:40:00,1681.25,0.0,-1.0
2005-02-12 05:44:59,1680.75,0.0,1.0
2005-02-12 05:49:59,1681.25,1.0,0.0
2005-02-12 05:54:59,1681.25,1.0,0.0
2005-02-12 06:00:00,1681.25,1.0,0.0
2005-02-12 06:04:59,1681.25,1.0,0.0
2005-02-12 06:09:59,1681.25,1.0,-1.0
2005-02-12 06:14:59,1680.75,1.0,1.0
2005-02-12 06:19:59,1681.25,1.0,0.0
2005-02-12 06:25:00,1681.25,1.0,0.0
2005-02-12 06:29:59,1681.25,1.0,0.0
2005-02-12 06:34:59,1681.25,1.0,0.0
2005-02-12 06:39:59,1681.25,1.0,0.0
2005-02-12 06:45:00,1681.25,1.0,0.0
2005-02-12 06:49:59,1681.25,1.0,0.0
2005-02-12 06:54:59,1681.25,1.0,0.0
2005-02-12 06:59:59,1681.25,1.0,0.0
2005-02-12 07:04:59,1681.25,1.0,0.0
2005-02-12 07:10:00,1681.25,-1.0,0.0
2005-02-12 07:14:59,1681.25,-1.0,0.0
2005-02-12 07:19:59,1681.25,1.0,0.0
2005-02-12 07:24:59,1681.25,1.0,0.0
2005-02-12 07:30:00,1681.25,1.0,0.0
2005-02-12 07:34:59,1681.25,1.0,0.0
2005-02-12 07:39:59,1681.25,1.0,0.0
2005-02-12 07:44:59,1681.25,1.0,1.0
2005-02-12 07:49:59,1682.25,1.0,0.0
2005-02-12 07:55:00,1682.25,1.0,0.0
2005-02-12 07:59:59,1682.25,1.0,0.0
2005-02-12 08:04:59,1682.25,1.0,0.0
2005-02-12 08:09:59,1682.25,1.0,1.0
2005-02-12 08:15:00,1682.75,1.0,0.0
2005-02-12 08:19:59,1682.75,1.0,0.0
2005-02-12 08:24:59,1682.75,-1.0,-1.0
2005-02-12 08:29:59,1682.25,0.0,-1.0
2005-02-12 08:34:59,1681.75,0.0,0.0
2005-02-12 08:40:00,1681.75,0.0,0.0
2005-02-12 08:44:59,1681.75,1.0,0.0
2005-02-12 08:49:59,1681.75,1.0,1.0
2005-02-12 08:54:59,1682.25,1.0,0.0
2005-02-12 09:00:00,1682.25,-1.0,1.0
2005-02-12 09:04:59,1682.75,1.0,-1.0
2005-02-12 09:09:59,1682.25,1.0,-1.0
2005-02-12 09:14:59,1681.75,1.0,0.0
2005-02-12 09:19:59,1681.75,-1.0,1.0
2005-02-12 09:25:00,1682.25,1.0,-1.0
2005-02-12 09:29:59,1681.75,1.0,1.0
2005-02-12 09:34:59,1682.25,1.0,1.0
2005-02-12 09:39:59,1682.75,1.0,-1.0
2005-02-12 09:45:00,1681.75,1.0,0.0
2005-02-12 09:49:59,1681.75,1.0,-1.0
2005-02-12 09:54:59,1681.25,1.0,1.0
2005-02-12 09:59:59,1681.75,-1.0,0.0
2005-02-12 10:04:59,1681.75,-1.0,0.0
2005-02-12 10:10:00,1681.75,-1.0,0.0
2005-02-12 10:14:59,1681.75,-1.0,-1.0
2005-02-12 10:19:59,1681.25,-1.0,1.0
2005-02-12 10:24:59,1682.25,-1.0,-1.0
2005-02-12 10:30:00,1681.25,-1.0,1.0
2005-02-12 10:34:59,1681.75,-1.0,0.0
2005-02-12 10:39:59,1681.75,-1.0,0.0
2005-02-12 10:44:59,1681.75,-1.0,1.0
2005-02-12 10:49:59,1682.25,-1.0,0.0
2005-02-12 10:55:00,1682.25,-1.0,0.0
2005-02-12 10:59:59,1682.25,1.0,0.0
2005-02-12 11:04:59,1682.25,1.0,0.0
2005-02-12 11:09:59,1682.25,1.0,0.0
2005-02-12 11:15:00,1682.25,-1.0,0.0
2005-02-12 11:19:59,1682.25,-1.0,0.0
2005-02-12 11:24:59,1682.25,-1.0,0.0
2005-02-12 11:29:59,1682.25,-1.0,-1.0
2005-02-12 11:34:59,1681.25,0.0,1.0
2005-02-12 11:40:00,1681.75,0.0,-1.0
2005-02-12 11:44:59,1681.25,-1.0,0.0
2005-02-12 11:49:59,1681.25,-1.0,0.0
2005-02-12 11:54:59,1681.25,-1.0,0.0
2005-02-12 12:00:00,1681.25,1.0,-1.0
2005-02-12 12:04:59,1680.75,1.0,0.0
2005-02-12 12:09:59,1680.75,1.0,1.0
2005-02-12 12:14:59,1682.25,1.0,-1.0
2005-02-12 12:19:59,1681.75,-1.0,-1.0
2005-02-12 12:25:00,1681.25,-1.0,1.0
2005-02-12 12:29:59,1681.75,-1.0,1.0
2005-02-12 12:34:59,1682.25,-1.0,0.0
2005-02-12 12:39:59,1682.25,1.0,1.0
2005-02-12 12:45:00,1682.75,-1.0,1.0
2005-02-12 12:49:59,1683.25,-1.0,-1.0
2005-02-12 12:54:59,1682.75,-1.0,1.0
2005-02-12 12:59:59,1684.75,-1.0,1.0
2005-02-12 13:04:59,1685.25,-1.0,1.0
2005-02-12 13:10:00,1685.75,-1.0,1.0
2005-02-12 13:14:59,1686.25,-1.0,1.0
2005-02-12 13:19:59,1686.75,-1.0,-1.0
2005-02-12 13:24:59,1686.25,-1.0,0.0
2005-02-12 13:30:00,1686.25,-1.0,0.0
2005-02-12 13:34:59,1686.25,-1.0,0.0
2005-02-12 13:39:59,1686.25,-1.0,1.0
2005-02-12 13:44:59,1687.25,0.0,-1.0
2005-02-12 13:49:59,1686.25,0.0,0.0
2005-02-12 13:55:00,1686.25,0.0,0.0
2005-02-12 13:59:59,1686.25,0.0,1.0
2005-02-12 14:04:59,1686.75,0.0,-1.0
2005-02-12 14:09:59,1686.25,0.0,0.0
2005-02-12 14:15:00,1686.25,0.0,-1.0
2005-02-12 14:19:59,1685.75,0.0,-1.0
2005-02-12 14:24:59,1685.25,-1.0,-1.0
2005-02-12 14:29:59,1684.75,1.0,1.0
2005-02-12 14:34:59,1685.25,0.0,1.0
2005-02-12 14:40:00,1685.75,0.0,-1.0
2005-02-12 14:44:59,1684.75,1.0,1.0
2005-02-12 14:49:59,1686.25,1.0,-1.0
2005-02-12 14:54:59,1685.75,1.0,-1.0
2005-02-12 15:00:00,1684.75,1.0,-1.0
2005-02-12 15:04:59,1684.25,1.0,1.0
2005-02-12 15:09:59,1684.75,-1.0,1.0
2005-02-12 15:14:59,1685.25,-1.0,-1.0
2005-02-12 15:19:59,1684.75,0.0,-1.0
2005-02-12 15:25:00,1683.25,0.0,-1.0
2005-02-12 15:29:59,1681.25,0.0,1.0
2005-02-12 15:34:59,1684.25,0.0,0.0
2005-02-12 15:39:59,1684.25,1.0,-1.0
2005-02-12 15:45:00,1682.75,1.0,1.0
2005-02-12 15:49:59,1683.75,-1.0,1.0
2005-02-12 15:54:59,1684.75,0.0,-1.0
2005-02-12 15:59:59,1682.75,0.0,-1.0
2005-02-12 16:04:59,1680.25,0.0,-1.0
2005-02-12 16:10:00,1677.75,-1.0,1.0
2005-02-12 16:14:59,1679.75,0.0,-1.0
2005-02-12 16:19:59,1679.25,0.0,0.0
2005-02-12 16:24:59,1679.25,1.0,-1.0
2005-02-12 16:30:00,1677.25,0.0,1.0
2005-02-12 16:34:59,1677.75,0.0,-1.0
2005-02-12 16:39:59,1677.25,-1.0,1.0
2005-02-12 16:44:59,1678.75,-1.0,-1.0
2005-02-12 16:49:59,1678.25,-1.0,-1.0
2005-02-12 16:55:00,1677.75,-1.0,1.0
2005-02-12 16:59:59,1679.25,-1.0,1.0
2005-02-12 17:04:59,1683.75,-1.0,1.0
2005-02-12 17:09:59,1691.25,1.0,1.0
2005-02-12 17:15:00,1691.75,-1.0,-1.0
2005-02-12 17:19:59,1690.75,-1.0,-1.0
2005-02-12 17:24:59,1689.75,-1.0,1.0
2005-02-12 17:29:59,1691.25,-1.0,1.0
2005-02-12 17:34:59,1693.25,-1.0,1.0
2005-02-12 17:40:00,1694.75,-1.0,-1.0
2005-02-12 17:44:59,1693.75,1.0,-1.0
2005-02-12 17:49:59,1693.25,-1.0,1.0
2005-02-12 17:54:59,1695.25,-1.0,1.0
2005-02-12 18:00:00,1695.75,-1.0,1.0
2005-02-12 18:04:59,1696.75,1.0,-1.0
2005-02-12 18:09:59,1694.25,-1.0,1.0
2005-02-12 18:14:59,1694.75,-1.0,-1.0
2005-02-12 18:19:59,1694.25,1.0,1.0
2005-02-12 18:25:00,1695.25,-1.0,0.0
2005-02-12 18:29:59,1695.25,1.0,-1.0
2005-02-12 18:34:59,1694.75,0.0,0.0
2005-02-12 18:39:59,1694.75,0.0,1.0
2005-02-12 18:45:00,1695.75,0.0,0.0
2005-02-12 18:49:59,1695.75,0.0,-1.0
2005-02-12 18:54:59,1694.75,0.0,0.0
2005-02-12 18:59:59,1694.75,-1.0,-1.0
2005-02-12 19:04:59,1694.25,1.0,0.0
2005-02-12 19:10:00,1694.25,-1.0,-1.0
2005-02-12 19:14:59,1692.75,0.0,1.0
2005-02-12 19:19:59,1693.25,0.0,1.0
2005-02-12 19:24:59,1693.75,-1.0,0.0
2005-02-12 19:30:00,1693.75,0.0,0.0
2005-02-12 19:34:59,1693.75,0.0,0.0
2005-02-12 19:39:59,1693.75,0.0,1.0
2005-02-12 19:44:59,1694.25,-1.0,1.0
2005-02-12 19:49:59,1696.75,-1.0,-1.0
2005-02-12 19:55:00,1696.25,-1.0,1.0
2005-02-12 19:59:59,1698.25,-1.0,-1.0
2005-02-12 20:04:59,1697.25,0.0,-1.0
2005-02-12 20:09:59,1696.75,-1.0,1.0
2005-02-12 20:15:00,1697.75,-1.0,-1.0
2005-02-12 20:19:59,1696.25,-1.0,0.0
2005-02-12 20:24:59,1696.25,-1.0,0.0
2005-02-12 20:29:59,1696.25,-1.0,1.0
2005-02-12 20:34:59,1697.25,0.0,1.0
2005-02-12 20:40:00,1698.25,0.0,1.0
2005-02-12 20:44:59,1698.75,0.0,-1.0
2005-02-12 20:49:59,1696.25,0.0,1.0
2005-02-12 20:54:59,1696.75,-1.0,-1.0
2005-02-12 21:00:00,1694.25,0.0,1.0
2005-02-12 21:04:59,1694.75,1.0,1.0
2005-02-12 21:09:59,1696.25,0.0,-1.0
2005-02-12 21:14:59,1694.75,0.0,1.0
2005-02-12 21:19:59,1695.75,0.0,1.0
2005-02-12 21:25:00,1696.25,0.0,1.0
2005-02-12 21:29:59,1697.25,0.0,1.0
2005-02-12 21:34:59,1698.75,0.0,1.0
2005-02-12 21:39:59,1699.25,0.0,0.0
2005-02-12 21:45:00,1699.25,0.0,-1.0
2005-02-12 21:49:59,1696.75,0.0,1.0
2005-02-12 21:54:59,1697.25,0.0,1.0
2005-02-12 21:59:59,1697.75,0.0,-1.0
2005-02-12 22:04:59,1697.25,0.0,-1.0
2005-02-12 22:10:00,1696.75,0.0,0.0
2005-02-12 22:14:59,1696.75,0.0,0.0
2005-02-12 22:19:59,1696.75,0.0,0.0
2005-02-12 22:24:59,1696.75,0.0,1.0
2005-02-12 22:30:00,1697.25,0.0,0.0
2005-02-12 22:34:59,1697.25,0.0,1.0
2005-02-12 22:39:59,1697.75,0.0,-1.0
2005-02-12 22:44:59,1697.25,0.0,0.0
2005-02-12 22:49:59,1697.25,0.0,0.0
2005-02-12 22:55:00,1697.25,0.0,1.0
2005-02-12 22:59:59,1697.75,0.0,-1.0
2005-02-12 23:04:59,1697.25,0.0,0.0
2005-02-12 23:09:59,1697.25,0.0,0.0
2005-02-12 23:15:00,1697.25,0.0,0.0
2005-02-12 23:19:59,1697.25,0.0,0.0
2005-02-12 23:24:59,1697.25,0.0,0.0
2005-02-13 00:00:00,1697.25,0.0,1.0
2005-02-13 00:04:59,1697.75,0.0,-1.0
2005-02-13 00:09:59,1696.75,0.0,0.0
2005-02-13 00:14:59,1696.75,0.0,0.0
2005-02-13 00:19:59,1696.75,0.0,1.0
2005-02-13 00:25:00,1697.75,0.0,0.0
2005-02-13 00:29:59,1697.75,0.0,0.0
2005-02-13 00:34:59,1697.75,0.0,-1.0
2005-02-13 00:39:59,1697.25,0.0,0.0
2005-02-13 00:45:00,1697.25,0.0,-1.0
2005-02-13 00:49:59,1696.75,0.0,1.0
2005-02-13 00:54:59,1697.25,0.0,-1.0
2005-02-13 00:59:59,1696.75,0.0,0.0
2005-02-13 01:04:59,1696.75,0.0,1.0
2005-02-13 01:10:00,1697.25,0.0,0.0
2005-02-13 01:14:59,1697.25,0.0,1.0
2005-02-13 01:19:59,1697.75,0.0,-1.0
2005-02-13 01:24:59,1697.25,0.0,1.0
2005-02-13 01:30:00,1697.75,0.0,0.0
2005-02-13 01:34:59,1697.75,0.0,0.0
2005-02-13 01:39:59,1697.75,0.0,0.0
2005-02-13 01:44:59,1697.75,0.0,-1.0
2005-02-13 01:49:59,1697.25,0.0,0.0
2005-02-13 01:55:00,1697.25,0.0,1.0
2005-02-13 01:59:59,1697.75,0.0,0.0
2005-02-13 02:04:59,1697.75,0.0,0.0
2005-02-13 02:09:59,1697.75,0.0,0.0
2005-02-13 02:15:00,1697.75,0.0,0.0
2005-02-13 02:19:59,1697.75,0.0,0.0
2005-02-13 02:24:59,1697.75,0.0,0.0
2005-02-13 02:29:59,1697.75,0.0,0.0
2005-02-13 02:34:59,1697.75,0.0,1.0
2005-02-13 02:40:00,1698.75,0.0,1.0
2005-02-13 02:44:59,1699.25,0.0,-1.0
2005-02-13 02:49:59,1698.75,0.0,-1.0
2005-02-13 02:54:59,1698.25,0.0,0.0
2005-02-13 03:00:00,1698.25,0.0,0.0
2005-02-13 03:04:59,1698.25,0.0,1.0
2005-02-13 03:09:59,1698.75,0.0,0.0
2005-02-13 03:14:59,1698.75,0.0,-1.0
2005-02-13 03:19:59,1698.25,0.0,1.0
2005-02-13 03:25:00,1698.75,0.0,0.0
2005-02-13 03:29:59,1698.75,0.0,0.0
2005-02-13 03:34:59,1698.75,0.0,0.0
2005-02-13 03:39:59,1698.75,0.0,0.0
2005-02-13 03:45:00,1698.75,0.0,0.0
2005-02-13 03:49:59,1698.75,0.0,-1.0
2005-02-13 03:54:59,1698.25,0.0,0.0
2005-02-13 03:59:59,1698.25,0.0,1.0
2005-02-13 04:04:59,1699.25,0.0,-1.0
2005-02-13 04:10:00,1698.25,0.0,0.0
2005-02-13 04:14:59,1698.25,0.0,1.0
2005-02-13 04:19:59,1698.75,0.0,1.0
2005-02-13 04:24:59,1699.25,0.0,-1.0
2005-02-13 04:30:00,1698.75,0.0,0.0
2005-02-13 04:34:59,1698.75,0.0,0.0
2005-02-13 04:39:59,1698.75,0.0,0.0
2005-02-13 04:44:59,1698.75,0.0,0.0
2005-02-13 04:49:59,1698.75,0.0,0.0
2005-02-13 04:55:00,1698.75,0.0,0.0
2005-02-13 04:59:59,1698.75,0.0,0.0
2005-02-13 05:04:59,1698.75,0.0,0.0
2005-02-13 05:09:59,1698.75,0.0,-1.0
2005-02-13 05:15:00,1697.75,0.0,1.0
2005-02-13 05:19:59,1698.25,0.0,0.0
2005-02-13 05:24:59,1698.25,0.0,1.0
2005-02-13 05:29:59,1698.75,0.0,1.0
2005-02-13 05:34:59,1699.25,0.0,-1.0
2005-02-13 05:40:00,1698.75,0.0,0.0
2005-02-13 05:44:59,1698.75,0.0,0.0
2005-02-13 05:49:59,1698.75,0.0,0.0
2005-02-13 05:54:59,1698.75,0.0,0.0
2005-02-13 06:00:00,1698.75,0.0,-1.0
2005-02-13 06:04:59,1698.25,0.0,0.0
2005-02-13 06:09:59,1698.25,0.0,-1.0
2005-02-13 06:14:59,1697.75,0.0,0.0
2005-02-13 06:19:59,1697.75,0.0,-1.0
2005-02-13 06:25:00,1697.25,0.0,0.0
2005-02-13 06:29:59,1697.25,0.0,0.0
2005-02-13 06:34:59,1697.25,0.0,0.0
2005-02-13 06:39:59,1697.25,0.0,0.0
2005-02-13 06:45:00,1697.25,0.0,0.0
2005-02-13 06:49:59,1697.25,0.0,0.0
2005-02-13 06:54:59,1697.25,0.0,0.0
2005-02-13 06:59:59,1697.25,0.0,0.0
2005-02-13 07:04:59,1697.25,0.0,0.0
2005-02-13 07:10:00,1697.25,0.0,0.0
2005-02-13 07:14:59,1697.25,0.0,-1.0
2005-02-13 07:19:59,1696.75,0.0,1.0
2005-02-13 07:24:59,1697.25,0.0,1.0
2005-02-13 07:30:00,1697.75,0.0,0.0
2005-02-13 07:34:59,1697.75,0.0,0.0
2005-02-13 07:39:59,1697.75,0.0,0.0
2005-02-13 07:44:59,1697.75,0.0,0.0
2005-02-13 07:49:59,1697.75,0.0,-1.0
2005-02-13 07:55:00,1697.25,0.0,0.0
2005-02-13 07:59:59,1697.25,0.0,0.0
2005-02-13 08:04:59,1697.25,0.0,0.0
2005-02-13 08:09:59,1697.25,0.0,0.0
2005-02-13 08:15:00,1697.25,0.0,1.0
2005-02-13 08:19:59,1697.75,0.0,0.0
2005-02-13 08:24:59,1697.75,0.0,-1.0
2005-02-13 08:29:59,1697.25,0.0,0.0
2005-02-13 08:34:59,1697.25,0.0,-1.0
2005-02-13 08:40:00,1696.75,0.0,1.0
2005-02-13 08:44:59,1697.25,0.0,0.0
2005-02-13 08:49:59,1697.25,0.0,0.0
2005-02-13 08:54:59,1697.25,0.0,-1.0
2005-02-13 09:00:00,1696.75,0.0,1.0
2005-02-13 09:04:59,1697.25,0.0,1.0
2005-02-13 09:09:59,1697.75,0.0,0.0
2005-02-13 09:14:59,1697.75,0.0,-1.0
2005-02-13 09:19:59,1697.25,0.0,1.0
2005-02-13 09:25:00,1698.25,0.0,0.0
2005-02-13 09:29:59,1698.25,0.0,0.0
2005-02-13 09:34:59,1698.25,0.0,-1.0
2005-02-13 09:39:59,1697.75,0.0,0.0
2005-02-13 09:45:00,1697.75,0.0,-1.0
2005-02-13 09:49:59,1697.25,0.0,1.0
2005-02-13 09:54:59,1697.75,0.0,-1.0
2005-02-13 09:59:59,1697.25,0.0,0.0
2005-02-13 10:04:59,1697.25,0.0,0.0
2005-02-13 10:10:00,1697.25,0.0,-1.0
2005-02-13 10:14:59,1696.75,0.0,1.0
2005-02-13 10:19:59,1697.25,0.0,0.0
2005-02-13 10:24:59,1697.25,0.0,1.0
2005-02-13 10:30:00,1697.75,0.0,1.0
2005-02-13 10:34:59,1698.25,0.0,1.0
2005-02-13 10:39:59,1698.75,0.0,0.0
2005-02-13 10:44:59,1698.75,0.0,0.0
2005-02-13 10:49:59,1698.75,0.0,0.0
2005-02-13 10:55:00,1698.75,0.0,0.0
2005-02-13 10:59:59,1698.75,0.0,1.0
2005-02-13 11:04:59,1699.25,0.0,0.0
2005-02-13 11:09:59,1699.25,0.0,-1.0
2005-02-13 11:15:00,1698.25,0.0,1.0
2005-02-13 11:19:59,1698.75,0.0,1.0
2005-02-13 11:24:59,1699.75,0.0,-1.0
2005-02-13 11:29:59,1699.25,0.0,-1.0
2005-02-13 11:34:59,1698.75,0.0,0.0
2005-02-13 11:40:00,1698.75,0.0,-1.0
2005-02-13 11:44:59,1698.25,0.0,1.0
2005-02-13 11:49:59,1698.75,0.0,-1.0
2005-02-13 11:54:59,1698.25,0.0,1.0
2005-02-13 12:00:00,1698.75,0.0,-1.0
2005-02-13 12:04:59,1698.25,0.0,0.0
2005-02-13 12:09:59,1698.25,0.0,0.0
2005-02-13 12:14:59,1698.25,0.0,-1.0
2005-02-13 12:19:59,1697.75,0.0,1.0
2005-02-13 12:25:00,1698.25,0.0,0.0
2005-02-13 12:29:59,1698.25,0.0,1.0
2005-02-13 12:34:59,1698.75,0.0,1.0
2005-02-13 12:39:59,1699.25,0.0,0.0
2005-02-13 12:45:00,1699.25,0.0,-1.0
2005-02-13 12:49:59,1698.75,0.0,0.0
2005-02-13 12:54:59,1698.75,0.0,-1.0
2005-02-13 12:59:59,1697.75,0.0,1.0
2005-02-13 13:04:59,1698.25,0.0,-1.0
2005-02-13 13:10:00,1697.25,0.0,0.0
2005-02-13 13:14:59,1697.25,0.0,1.0
2005-02-13 13:19:59,1697.75,0.0,-1.0
2005-02-13 13:24:59,1697.25,0.0,1.0
2005-02-13 13:30:00,1697.75,0.0,1.0
2005-02-13 13:34:59,1698.25,0.0,1.0
2005-02-13 13:39:59,1698.75,0.0,-1.0
2005-02-13 13:44:59,1698.25,0.0,0.0
2005-02-13 13:49:59,1698.25,0.0,0.0
2005-02-13 13:55:00,1698.25,0.0,1.0
2005-02-13 13:59:59,1698.75,0.0,-1.0
2005-02-13 14:04:59,1698.25,0.0,0.0
2005-02-13 14:09:59,1698.25,0.0,0.0
2005-02-13 14:15:00,1698.25,0.0,-1.0
2005-02-13 14:19:59,1697.25,0.0,1.0
2005-02-13 14:24:59,1698.25,0.0,-1.0
2005-02-13 14:29:59,1697.25,0.0,-1.0
2005-02-13 14:34:59,1695.25,0.0,1.0
2005-02-13 14:40:00,1695.75,0.0,-1.0
2005-02-13 14:44:59,1694.25,0.0,1.0
2005-02-13 14:49:59,1695.25,0.0,-1.0
2005-02-13 14:54:59,1694.25,0.0,1.0
2005-02-13 15:00:00,1694.75,0.0,-1.0
2005-02-13 15:04:59,1693.75,0.0,0.0
2005-02-13 15:09:59,1693.75,0.0,0.0
2005-02-13 15:14:59,1693.75,0.0,1.0
2005-02-13 15:19:59,1694.75,0.0,1.0
2005-02-13 15:25:00,1695.25,0.0,-1.0
2005-02-13 15:29:59,1693.75,0.0,0.0
2005-02-13 15:34:59,1693.75,0.0,1.0
2005-02-13 15:39:59,1695.75,0.0,0.0
2005-02-13 15:45:00,1695.75,0.0,1.0
2005-02-13 15:49:59,1696.75,0.0,1.0
2005-02-13 15:54:59,1697.25,0.0,1.0
2005-02-13 15:59:59,1699.75,0.0,0.0
2005-02-13 16:04:59,1699.75,0.0,1.0
2005-02-13 16:10:00,1700.75,0.0,-1.0
2005-02-13 16:14:59,1698.75,0.0,1.0
2005-02-13 16:19:59,1701.25,0.0,-1.0
2005-02-13 16:24:59,1699.25,0.0,-1.0
2005-02-13 16:30:00,1698.75,0.0,-1.0
2005-02-13 16:34:59,1697.75,0.0,1.0
2005-02-13 16:39:59,1699.25,0.0,1.0
2005-02-13 16:44:59,1700.25,0.0,-1.0
2005-02-13 16:49:59,1698.75,0.0,-1.0
2005-02-13 16:55:00,1696.25,0.0,1.0
2005-02-13 16:59:59,1696.75,0.0,-1.0
2005-02-13 17:04:59,1696.25,0.0,-1.0
2005-02-13 17:09:59,1694.75,0.0,1.0
2005-02-13 17:15:00,1696.25,0.0,1.0
2005-02-13 17:19:59,1697.25,0.0,0.0
2005-02-13 17:24:59,1697.25,0.0,0.0
2005-02-13 17:29:59,1697.25,0.0,-1.0
2005-02-13 17:34:59,1693.75,0.0,0.0
2005-02-13 17:40:00,1693.75,0.0,0.0
2005-02-13 17:44:59,1693.75,0.0,0.0
2005-02-13 17:49:59,1693.75,0.0,-1.0
2005-02-13 17:54:59,1693.25,0.0,0.0
2005-02-13 18:00:00,1693.25,0.0,-1.0
2005-02-13 18:04:59,1691.75,0.0,1.0
2005-02-13 18:09:59,1692.25,0.0,1.0
2005-02-13 18:14:59,1692.75,0.0,0.0
2005-02-13 18:19:59,1692.75,0.0,-1.0
2005-02-13 18:25:00,1692.25,0.0,-1.0
2005-02-13 18:29:59,1691.25,0.0,-1.0
2005-02-13 18:34:59,1689.25,0.0,-1.0
2005-02-13 18:39:59,1688.25,0.0,1.0
2005-02-13 18:45:00,1688.75,0.0,0.0
2005-02-13 18:49:59,1688.75,0.0,1.0
2005-02-13 18:54:59,1689.75,0.0,-1.0
2005-02-13 18:59:59,1688.25,0.0,-1.0
2005-02-13 19:04:59,1687.25,0.0,1.0
2005-02-13 19:10:00,1688.75,0.0,0.0
2005-02-13 19:14:59,1688.75,0.0,1.0
2005-02-13 19:19:59,1690.75,0.0,-1.0
2005-02-13 19:24:59,1690.25,0.0,-1.0
2005-02-13 19:30:00,1689.25,0.0,-1.0
2005-02-13 19:34:59,1687.75,0.0,-1.0
2005-02-13 19:39:59,1686.75,0.0,1.0
2005-02-13 19:44:59,1688.25,0.0,0.0
2005-02-13 19:49:59,1688.25,0.0,1.0
2005-02-13 19:55:00,1691.25,0.0,-1.0
2005-02-13 19:59:59,1690.25,0.0,1.0
2005-02-13 20:04:59,1690.75,0.0,1.0
2005-02-13 20:09:59,1691.25,0.0,-1.0
2005-02-13 20:15:00,1688.75,0.0,1.0
2005-02-13 20:19:59,1689.25,0.0,0.0
2005-02-13 20:24:59,1689.25,0.0,1.0
2005-02-13 20:29:59,1690.25,0.0,0.0
2005-02-13 20:34:59,1690.25,0.0,-1.0
2005-02-13 20:40:00,1687.75,0.0,1.0
2005-02-13 20:44:59,1689.75,0.0,-1.0
2005-02-13 20:49:59,1689.25,0.0,1.0
2005-02-13 20:54:59,1690.25,0.0,1.0
2005-02-13 21:00:00,1690.75,0.0,-1.0
2005-02-13 21:04:59,1688.75,0.0,1.0
2005-02-13 21:09:59,1689.25,0.0,-1.0
2005-02-13 21:14:59,1687.75,0.0,1.0
2005-02-13 21:19:59,1689.75,0.0,1.0
2005-02-13 21:25:00,1690.25,0.0,0.0
2005-02-13 21:29:59,1690.25,0.0,0.0
2005-02-13 21:34:59,1690.25,0.0,-1.0
2005-02-13 21:39:59,1688.75,0.0,-1.0
2005-02-13 21:45:00,1686.25,0.0,-1.0
2005-02-13 21:49:59,1685.25,0.0,1.0
2005-02-13 21:54:59,1685.75,0.0,-1.0
2005-02-13 21:59:59,1685.25,0.0,1.0
2005-02-13 22:04:59,1686.25,0.0,-1.0
2005-02-13 22:10:00,1684.75,0.0,0.0
2005-02-13 22:14:59,1684.75,0.0,0.0
2005-02-13 22:19:59,1684.75,0.0,0.0
2005-02-13 22:24:59,1684.75,0.0,1.0
2005-02-13 22:30:00,1685.25,0.0,1.0
2005-02-13 22:34:59,1686.75,0.0,1.0
2005-02-13 22:39:59,1688.25,0.0,0.0
2005-02-13 22:44:59,1688.25,0.0,-1.0
2005-02-13 22:49:59,1687.75,0.0,-1.0
2005-02-13 22:55:00,1686.25,0.0,1.0
2005-02-13 22:59:59,1686.75,0.0,1.0
2005-02-13 23:04:59,1687.75,0.0,0.0
2005-02-13 23:09:59,1687.75,0.0,-1.0
2005-02-13 23:15:00,1686.75,0.0,1.0
2005-02-13 23:19:59,1687.25,0.0,-1.0
2005-02-13 23:24:59,1686.75,0.0,1.0
2005-02-14 00:00:00,1688.75,0.0,0.0
2005-02-14 00:04:59,1688.75,0.0,0.0
2005-02-14 00:09:59,1688.75,0.0,0.0
2005-02-14 00:14:59,1688.75,0.0,0.0
2005-02-14 00:19:59,1688.75,0.0,1.0
2005-02-14 00:25:00,1689.25,0.0,-1.0
2005-02-14 00:29:59,1688.75,-1.0,0.0
2005-02-14 00:34:59,1688.75,-1.0,1.0
2005-02-14 00:39:59,1689.25,-1.0,-1.0
2005-02-14 00:45:00,1688.75,-1.0,0.0
2005-02-14 00:49:59,1688.75,-1.0,1.0
2005-02-14 00:54:59,1689.25,-1.0,-1.0
2005-02-14 00:59:59,1688.75,-1.0,0.0
2005-02-14 01:04:59,1688.75,-1.0,0.0
2005-02-14 01:10:00,1688.75,0.0,-1.0
2005-02-14 01:14:59,1687.75,0.0,0.0
2005-02-14 01:19:59,1687.75,0.0,1.0
2005-02-14 01:24:59,1688.25,0.0,-1.0
2005-02-14 01:30:00,1687.75,0.0,1.0
2005-02-14 01:34:59,1688.25,0.0,-1.0
2005-02-14 01:39:59,1687.75,0.0,1.0
2005-02-14 01:44:59,1688.75,0.0,0.0
2005-02-14 01:49:59,1688.75,0.0,0.0
2005-02-14 01:55:00,1688.75,0.0,0.0
2005-02-14 01:59:59,1688.75,0.0,0.0
2005-02-14 02:04:59,1688.75,0.0,0.0
2005-02-14 02:09:59,1688.75,0.0,0.0
2005-02-14 02:15:00,1688.75,0.0,0.0
2005-02-14 02:19:59,1688.75,0.0,0.0
2005-02-14 02:24:59,1688.75,0.0,0.0
2005-02-14 02:29:59,1688.75,0.0,0.0
2005-02-14 02:34:59,1688.75,0.0,0.0
2005-02-14 02:40:00,1688.75,0.0,0.0
2005-02-14 02:44:59,1688.75,0.0,-1.0
2005-02-14 02:49:59,1688.25,0.0,0.0
2005-02-14 02:54:59,1688.25,0.0,0.0
2005-02-14 03:00:00,1688.25,0.0,0.0
2005-02-14 03:04:59,1688.25,0.0,-1.0
2005-02-14 03:09:59,1687.75,0.0,0.0
2005-02-14 03:14:59,1687.75,0.0,0.0
2005-02-14 03:19:59,1687.75,0.0,0.0
2005-02-14 03:25:00,1687.75,0.0,1.0
2005-02-14 03:29:59,1688.25,0.0,-1.0
2005-02-14 03:34:59,1687.75,0.0,1.0
2005-02-14 03:39:59,1688.25,0.0,0.0
2005-02-14 03:45:00,1688.25,0.0,-1.0
2005-02-14 03:49:59,1687.75,0.0,1.0
2005-02-14 03:54:59,1688.25,0.0,-1.0
2005-02-14 03:59:59,1687.75,0.0,1.0
2005-02-14 04:04:59,1688.25,0.0,1.0
2005-02-14 04:10:00,1688.75,0.0,0.0
2005-02-14 04:14:59,1688.75,0.0,-1.0
2005-02-14 04:19:59,1687.75,0.0,0.0
2005-02-14 04:24:59,1687.75,0.0,0.0
2005-02-14 04:30:00,1687.75,0.0,1.0
2005-02-14 04:34:59,1688.25,0.0,0.0
2005-02-14 04:39:59,1688.25,0.0,0.0
2005-02-14 04:44:59,1688.25,0.0,-1.0
2005-02-14 04:49:59,1687.75,0.0,0.0
2005-02-14 04:55:00,1687.75,0.0,1.0
2005-02-14 04:59:59,1688.25,0.0,0.0
2005-02-14 05:04:59,1688.25,0.0,0.0
2005-02-14 05:09:59,1688.25,0.0,0.0
2005-02-14 05:15:00,1688.25,0.0,0.0
2005-02-14 05:19:59,1688.25,0.0,0.0
2005-02-14 05:24:59,1688.25,0.0,0.0
2005-02-14 05:29:59,1688.25,0.0,0.0
2005-02-14 05:34:59,1688.25,0.0,0.0
2005-02-14 05:40:00,1688.25,0.0,0.0
2005-02-14 05:44:59,1688.25,0.0,0.0
2005-02-14 05:49:59,1688.25,0.0,0.0
2005-02-14 05:54:59,1688.25,0.0,1.0
2005-02-14 06:00:00,1688.75,0.0,0.0
2005-02-14 06:04:59,1688.75,0.0,1.0
2005-02-14 06:09:59,1689.25,0.0,0.0
2005-02-14 06:14:59,1689.25,0.0,0.0
2005-02-14 06:19:59,1689.25,0.0,0.0
2005-02-14 06:25:00,1689.25,0.0,0.0
2005-02-14 06:29:59,1689.25,0.0,0.0
2005-02-14 06:34:59,1689.25,0.0,1.0
2005-02-14 06:39:59,1689.75,0.0,0.0
2005-02-14 06:45:00,1689.75,0.0,0.0
2005-02-14 06:49:59,1689.75,0.0,0.0
2005-02-14 06:54:59,1689.75,0.0,0.0
2005-02-14 06:59:59,1689.75,0.0,0.0
2005-02-14 07:04:59,1689.75,0.0,0.0
2005-02-14 07:10:00,1689.75,0.0,1.0
2005-02-14 07:14:59,1691.25,0.0,0.0
2005-02-14 07:19:59,1691.25,0.0,-1.0
2005-02-14 07:24:59,1690.25,1.0,0.0
2005-02-14 07:30:00,1690.25,-1.0,0.0
2005-02-14 07:34:59,1690.25,1.0,0.0
2005-02-14 07:39:59,1690.25,1.0,0.0
2005-02-14 07:44:59,1690.25,0.0,0.0
2005-02-14 07:49:59,1690.25,1.0,0.0
2005-02-14 07:55:00,1690.25,0.0,-1.0
2005-02-14 07:59:59,1689.75,-1.0,1.0
2005-02-14 08:04:59,1690.25,-1.0,-1.0
2005-02-14 08:09:59,1689.75,0.0,0.0
2005-02-14 08:15:00,1689.75,0.0,0.0
2005-02-14 08:19:59,1689.75,0.0,1.0
2005-02-14 08:24:59,1690.75,0.0,-1.0
2005-02-14 08:29:59,1690.25,0.0,0.0
2005-02-14 08:34:59,1690.25,0.0,1.0
2005-02-14 08:40:00,1690.75,0.0,0.0
2005-02-14 08:44:59,1690.75,0.0,-1.0
2005-02-14 08:49:59,1690.25,0.0,-1.0
2005-02-14 08:54:59,1689.75,0.0,1.0
2005-02-14 09:00:00,1690.75,0.0,-1.0
2005-02-14 09:04:59,1689.75,0.0,1.0
2005-02-14 09:09:59,1690.75,0.0,0.0
2005-02-14 09:14:59,1690.75,0.0,1.0
2005-02-14 09:19:59,1691.25,0.0,-1.0
2005-02-14 09:25:00,1690.75,0.0,0.0
2005-02-14 09:29:59,1690.75,0.0,-1.0
2005-02-14 09:34:59,1690.25,0.0,1.0
2005-02-14 09:39:59,1690.75,0.0,1.0
2005-02-14 09:45:00,1691.25,0.0,0.0
2005-02-14 09:49:59,1691.25,0.0,0.0
2005-02-14 09:54:59,1691.25,0.0,1.0
2005-02-14 09:59:59,1691.75,0.0,-1.0
2005-02-14 10:04:59,1691.25,0.0,0.0
2005-02-14 10:10:00,1691.25,0.0,-1.0
2005-02-14 10:14:59,1690.75,0.0,1.0
2005-02-14 10:19:59,1691.25,0.0,-1.0
2005-02-14 10:24:59,1690.25,0.0,0.0
2005-02-14 10:30:00,1690.25,0.0,0.0
2005-02-14 10:34:59,1690.25,0.0,-1.0
2005-02-14 10:39:59,1689.75,0.0,0.0
2005-02-14 10:44:59,1689.75,0.0,1.0
2005-02-14 10:49:59,1690.25,0.0,1.0
2005-02-14 10:55:00,1690.75,0.0,0.0
2005-02-14 10:59:59,1690.75,0.0,0.0
2005-02-14 11:04:59,1690.75,0.0,0.0
2005-02-14 11:09:59,1690.75,0.0,0.0
2005-02-14 11:15:00,1690.75,0.0,0.0
2005-02-14 11:19:59,1690.75,0.0,0.0
2005-02-14 11:24:59,1690.75,0.0,0.0
2005-02-14 11:29:59,1690.75,0.0,0.0
2005-02-14 11:34:59,1690.75,0.0,0.0
2005-02-14 11:40:00,1690.75,0.0,-1.0
2005-02-14 11:44:59,1690.25,0.0,1.0
2005-02-14 11:49:59,1690.75,0.0,0.0
2005-02-14 11:54:59,1690.75,0.0,-1.0
2005-02-14 12:00:00,1690.25,0.0,0.0
2005-02-14 12:04:59,1690.25,0.0,0.0
2005-02-14 12:09:59,1690.25,0.0,1.0
2005-02-14 12:14:59,1691.25,0.0,-1.0
2005-02-14 12:19:59,1689.75,0.0,-1.0
2005-02-14 12:25:00,1689.25,0.0,0.0
2005-02-14 12:29:59,1689.25,0.0,1.0
2005-02-14 12:34:59,1690.25,0.0,0.0
2005-02-14 12:39:59,1690.25,0.0,0.0
2005-02-14 12:45:00,1690.25,0.0,0.0
2005-02-14 12:49:59,1690.25,0.0,0.0
2005-02-14 12:54:59,1690.25,0.0,1.0
2005-02-14 12:59:59,1690.75,0.0,0.0
2005-02-14 13:04:59,1690.75,0.0,1.0
2005-02-14 13:10:00,1691.75,0.0,-1.0
2005-02-14 13:14:59,1691.25,0.0,-1.0
2005-02-14 13:19:59,1690.75,0.0,0.0
2005-02-14 13:24:59,1690.75,0.0,-1.0
2005-02-14 13:30:00,1690.25,0.0,0.0
2005-02-14 13:34:59,1690.25,0.0,1.0
2005-02-14 13:39:59,1690.75,0.0,-1.0
2005-02-14 13:44:59,1690.25,0.0,-1.0
2005-02-14 13:49:59,1689.75,0.0,1.0
2005-02-14 13:55:00,1690.25,0.0,0.0
2005-02-14 13:59:59,1690.25,0.0,0.0
2005-02-14 14:04:59,1690.25,0.0,1.0
2005-02-14 14:09:59,1690.75,0.0,-1.0
2005-02-14 14:15:00,1690.25,0.0,0.0
2005-02-14 14:19:59,1690.25,0.0,0.0
2005-02-14 14:24:59,1690.25,0.0,1.0
2005-02-14 14:29:59,1690.75,0.0,-1.0
2005-02-14 14:34:59,1690.25,0.0,-1.0
2005-02-14 14:40:00,1688.75,0.0,1.0
2005-02-14 14:44:59,1689.25,0.0,-1.0
2005-02-14 14:49:59,1688.75,0.0,0.0
2005-02-14 14:54:59,1688.75,0.0,-1.0
2005-02-14 15:00:00,1688.25,0.0,-1.0
2005-02-14 15:04:59,1687.75,0.0,1.0
2005-02-14 15:09:59,1688.25,0.0,-1.0
2005-02-14 15:14:59,1687.75,0.0,1.0
2005-02-14 15:19:59,1688.25,0.0,1.0
2005-02-14 15:25:00,1688.75,0.0,1.0
2005-02-14 15:29:59,1694.25,0.0,-1.0
2005-02-14 15:34:59,1691.75,1.0,1.0
2005-02-14 15:39:59,1692.25,1.0,-1.0
2005-02-14 15:45:00,1688.25,0.0,1.0
2005-02-14 15:49:59,1692.75,-1.0,1.0
2005-02-14 15:54:59,1695.25,0.0,-1.0
2005-02-14 15:59:59,1693.25,-1.0,-1.0
2005-02-14 16:04:59,1691.75,-1.0,-1.0
2005-02-14 16:10:00,1689.75,0.0,1.0
2005-02-14 16:14:59,1690.75,0.0,-1.0
2005-02-14 16:19:59,1686.75,-1.0,1.0
2005-02-14 16:24:59,1687.75,-1.0,-1.0
2005-02-14 16:30:00,1685.25,0.0,-1.0
2005-02-14 16:34:59,1679.25,0.0,-1.0
2005-02-14 16:39:59,1672.75,0.0,1.0
2005-02-14 16:44:59,1675.25,0.0,-1.0
2005-02-14 16:49:59,1674.25,0.0,-1.0
2005-02-14 16:55:00,1672.75,0.0,1.0
2005-02-14 16:59:59,1674.25,0.0,1.0
2005-02-14 17:04:59,1676.75,0.0,-1.0
2005-02-14 17:09:59,1675.25,0.0,1.0
2005-02-14 17:15:00,1675.75,0.0,-1.0
2005-02-14 17:19:59,1675.25,1.0,-1.0
2005-02-14 17:24:59,1674.25,0.0,1.0
2005-02-14 17:29:59,1676.25,0.0,1.0
2005-02-14 17:34:59,1677.25,0.0,-1.0
2005-02-14 17:40:00,1676.75,1.0,-1.0
2005-02-14 17:44:59,1674.75,1.0,-1.0
2005-02-14 17:49:59,1672.75,1.0,0.0
2005-02-14 17:54:59,1672.75,0.0,-1.0
2005-02-14 18:00:00,1671.25,0.0,1.0
2005-02-14 18:04:59,1672.75,0.0,1.0
2005-02-14 18:09:59,1673.25,0.0,-1.0
2005-02-14 18:14:59,1671.75,0.0,-1.0
2005-02-14 18:19:59,1666.25,0.0,-1.0
2005-02-14 18:25:00,1665.75,1.0,1.0
2005-02-14 18:29:59,1666.25,1.0,-1.0
2005-02-14 18:34:59,1665.75,1.0,1.0
2005-02-14 18:39:59,1667.25,1.0,1.0
2005-02-14 18:45:00,1667.75,1.0,1.0
2005-02-14 18:49:59,1668.25,1.0,0.0
2005-02-14 18:54:59,1668.25,0.0,1.0
2005-02-14 18:59:59,1669.25,0.0,-1.0
2005-02-14 19:04:59,1668.25,0.0,1.0
2005-02-14 19:10:00,1668.75,0.0,1.0
2005-02-14 19:14:59,1669.75,0.0,0.0
2005-02-14 19:19:59,1669.75,0.0,-1.0
2005-02-14 19:24:59,1668.25,0.0,1.0
2005-02-14 19:30:00,1668.75,0.0,1.0
2005-02-14 19:34:59,1669.25,0.0,1.0
2005-02-14 19:39:59,1669.75,0.0,-1.0
2005-02-14 19:44:59,1667.75,0.0,1.0
2005-02-14 19:49:59,1669.75,0.0,-1.0
2005-02-14 19:55:00,1669.25,0.0,0.0
2005-02-14 19:59:59,1669.25,0.0,1.0
2005-02-14 20:04:59,1669.75,0.0,0.0
2005-02-14 20:09:59,1669.75,0.0,1.0
2005-02-14 20:15:00,1672.25,0.0,0.0
2005-02-14 20:19:59,1672.25,0.0,1.0
2005-02-14 20:24:59,1673.25,0.0,-1.0
2005-02-14 20:29:59,1671.25,0.0,1.0
2005-02-14 20:34:59,1672.25,0.0,1.0
2005-02-14 20:40:00,1672.75,0.0,-1.0
2005-02-14 20:44:59,1671.75,0.0,1.0
2005-02-14 20:49:59,1672.25,-1.0,-1.0
2005-02-14 20:54:59,1669.25,0.0,1.0
2005-02-14 21:00:00,1670.25,-1.0,-1.0
2005-02-14 21:04:59,1669.75,-1.0,0.0
2005-02-14 21:09:59,1669.75,0.0,0.0
2005-02-14 21:14:59,1669.75,-1.0,0.0
2005-02-14 21:19:59,1669.75,0.0,1.0
2005-02-14 21:25:00,1670.25,-1.0,1.0
2005-02-14 21:29:59,1671.75,-1.0,1.0
2005-02-14 21:34:59,1672.25,-1.0,-1.0
2005-02-14 21:39:59,1671.75,0.0,1.0
2005-02-14 21:45:00,1672.25,0.0,1.0
2005-02-14 21:49:59,1673.25,0.0,-1.0
2005-02-14 21:54:59,1671.75,0.0,-1.0
2005-02-14 21:59:59,1671.25,0.0,1.0
2005-02-14 22:04:59,1672.25,0.0,-1.0
2005-02-14 22:10:00,1671.75,0.0,1.0
2005-02-17 00:29:59,1672.75,0.0,0.0
2005-02-17 00:34:59,1672.75,-1.0,0.0
2005-02-17 00:39:59,1672.75,1.0,-1.0
2005-02-17 00:45:00,1671.75,-1.0,-1.0
2005-02-17 00:49:59,1671.25,1.0,1.0
2005-02-17 00:54:59,1671.75,1.0,1.0
2005-02-17 00:59:59,1672.75,0.0,1.0
2005-02-17 01:04:59,1673.25,1.0,0.0
2005-02-17 01:10:00,1673.25,1.0,1.0
2005-02-17 01:14:59,1673.75,1.0,-1.0
2005-02-17 01:19:59,1673.25,1.0,0.0
2005-02-17 01:24:59,1673.25,1.0,-1.0
2005-02-17 01:30:00,1672.75,1.0,0.0
2005-02-17 01:34:59,1672.75,1.0,0.0
2005-02-17 01:39:59,1672.75,0.0,1.0
2005-02-17 01:44:59,1673.25,1.0,0.0
2005-02-17 01:49:59,1673.25,1.0,-1.0
2005-02-17 01:55:00,1672.75,0.0,-1.0
2005-02-17 01:59:59,1672.25,1.0,1.0
2005-02-17 02:04:59,1672.75,1.0,0.0
2005-02-17 02:09:59,1672.75,1.0,0.0
2005-02-17 02:15:00,1672.75,-1.0,0.0
2005-02-17 02:19:59,1672.75,1.0,0.0
2005-02-17 02:24:59,1672.75,1.0,0.0
2005-02-17 02:29:59,1672.75,1.0,0.0
2005-02-17 02:34:59,1672.75,1.0,0.0
2005-02-17 02:40:00,1672.75,1.0,0.0
2005-02-17 02:44:59,1672.75,1.0,0.0
2005-02-17 02:49:59,1672.75,1.0,0.0
2005-02-17 02:54:59,1672.75,1.0,0.0
2005-02-17 03:00:00,1672.75,1.0,0.0
2005-02-17 03:04:59,1672.75,1.0,0.0
2005-02-17 03:09:59,1672.75,-1.0,0.0
2005-02-17 03:14:59,1672.75,-1.0,0.0
2005-02-17 03:19:59,1672.75,1.0,0.0
2005-02-17 03:25:00,1672.75,-1.0,0.0
2005-02-17 03:29:59,1672.75,-1.0,0.0
2005-02-17 03:34:59,1672.75,-1.0,0.0
2005-02-17 03:39:59,1672.75,-1.0,0.0
2005-02-17 03:45:00,1672.75,-1.0,1.0
2005-02-17 03:49:59,1673.25,-1.0,1.0
2005-02-17 03:54:59,1673.75,-1.0,0.0
2005-02-17 03:59:59,1673.75,-1.0,0.0
2005-02-17 04:04:59,1673.75,-1.0,-1.0
2005-02-17 04:10:00,1673.25,-1.0,0.0
2005-02-17 04:14:59,1673.25,-1.0,0.0
2005-02-17 04:19:59,1673.25,-1.0,0.0
2005-02-17 04:24:59,1673.25,-1.0,0.0
2005-02-17 04:30:00,1673.25,-1.0,0.0
2005-02-17 04:34:59,1673.25,-1.0,0.0
2005-02-17 04:39:59,1673.25,-1.0,0.0
2005-02-17 04:44:59,1673.25,-1.0,-1.0
2005-02-17 04:49:59,1672.75,-1.0,0.0
2005-02-17 04:55:00,1672.75,-1.0,-1.0
2005-02-17 04:59:59,1672.25,-1.0,0.0
2005-02-17 05:04:59,1672.25,-1.0,0.0
2005-02-17 05:09:59,1672.25,1.0,0.0
2005-02-17 05:15:00,1672.25,-1.0,0.0
2005-02-17 05:19:59,1672.25,-1.0,-1.0
2005-02-17 05:24:59,1671.75,-1.0,1.0
2005-02-17 05:29:59,1672.75,-1.0,0.0
2005-02-17 05:34:59,1672.75,-1.0,0.0
2005-02-17 05:40:00,1672.75,-1.0,0.0
2005-02-17 05:44:59,1672.75,-1.0,0.0
2005-02-17 05:49:59,1672.75,-1.0,0.0
2005-02-17 05:54:59,1672.75,-1.0,-1.0
2005-02-17 06:00:00,1672.25,-1.0,0.0
2005-02-17 06:04:59,1672.25,-1.0,1.0
2005-02-17 06:09:59,1672.75,-1.0,0.0
2005-02-17 06:14:59,1672.75,-1.0,1.0
2005-02-17 06:19:59,1673.25,-1.0,0.0
2005-02-17 06:25:00,1673.25,-1.0,-1.0
2005-02-17 06:29:59,1672.25,-1.0,0.0
2005-02-17 06:34:59,1672.25,-1.0,0.0
2005-02-17 06:39:59,1672.25,-1.0,0.0
2005-02-17 06:45:00,1672.25,-1.0,0.0
2005-02-17 06:49:59,1672.25,-1.0,0.0
2005-02-17 06:54:59,1672.25,-1.0,0.0
2005-02-17 06:59:59,1672.25,-1.0,0.0
2005-02-17 07:04:59,1672.25,-1.0,0.0
2005-02-17 07:10:00,1672.25,-1.0,0.0
2005-02-17 07:14:59,1672.25,-1.0,0.0
2005-02-17 07:19:59,1672.25,-1.0,0.0
2005-02-17 07:24:59,1672.25,-1.0,0.0
2005-02-17 07:30:00,1672.25,-1.0,0.0
2005-02-17 07:34:59,1672.25,-1.0,0.0
2005-02-17 07:39:59,1672.25,-1.0,0.0
2005-02-17 07:44:59,1672.25,-1.0,-1.0
2005-02-17 07:49:59,1671.75,-1.0,0.0
2005-02-17 07:55:00,1671.75,-1.0,0.0
2005-02-17 07:59:59,1671.75,-1.0,0.0
2005-02-17 08:04:59,1671.75,-1.0,0.0
2005-02-17 08:09:59,1671.75,1.0,1.0
2005-02-17 08:15:00,1672.25,-1.0,0.0
2005-02-17 08:19:59,1672.25,-1.0,0.0
2005-02-17 08:24:59,1672.25,-1.0,0.0
2005-02-17 08:29:59,1672.25,-1.0,0.0
2005-02-17 08:34:59,1672.25,-1.0,0.0
2005-02-17 08:40:00,1672.25,-1.0,1.0
2005-02-17 08:44:59,1672.75,-1.0,-1.0
2005-02-17 08:49:59,1671.75,-1.0,0.0
2005-02-17 08:54:59,1671.75,-1.0,1.0
2005-02-17 09:00:00,1672.25,1.0,-1.0
2005-02-17 09:04:59,1671.75,1.0,1.0
2005-02-17 09:09:59,1673.25,1.0,1.0
2005-02-17 09:14:59,1673.75,1.0,0.0
2005-02-17 09:19:59,1673.75,1.0,1.0
2005-02-17 09:25:00,1674.25,1.0,0.0
2005-02-17 09:29:59,1674.25,1.0,0.0
2005-02-17 09:34:59,1674.25,1.0,0.0
2005-02-17 09:39:59,1674.25,-1.0,0.0
2005-02-17 09:45:00,1674.25,-1.0,1.0
2005-02-17 09:49:59,1674.75,-1.0,0.0
2005-02-17 09:54:59,1674.75,-1.0,-1.0
2005-02-17 09:59:59,1674.25,-1.0,1.0
2005-02-17 10:04:59,1675.25,-1.0,0.0
2005-02-17 10:10:00,1675.25,-1.0,-1.0
2005-02-17 10:14:59,1674.25,-1.0,0.0
2005-02-17 10:19:59,1674.25,-1.0,-1.0
2005-02-17 10:24:59,1672.75,-1.0,0.0
2005-02-17 10:30:00,1672.75,-1.0,1.0
2005-02-17 10:34:59,1673.75,-1.0,-1.0
2005-02-17 10:39:59,1673.25,-1.0,-1.0
2005-02-17 10:44:59,1672.75,-1.0,1.0
2005-02-17 10:49:59,1673.25,-1.0,0.0
2005-02-17 10:55:00,1673.25,-1.0,0.0
2005-02-17 10:59:59,1673.25,-1.0,1.0
2005-02-17 11:04:59,1673.75,-1.0,0.0
2005-02-17 11:09:59,1673.75,-1.0,0.0
2005-02-17 11:15:00,1673.75,-1.0,0.0
2005-02-17 11:19:59,1673.75,-1.0,-1.0
2005-02-17 11:24:59,1673.25,-1.0,0.0
2005-02-17 11:29:59,1673.25,1.0,1.0
2005-02-17 11:34:59,1673.75,1.0,0.0
2005-02-17 11:40:00,1673.75,-1.0,0.0
2005-02-17 11:44:59,1673.75,1.0,0.0
2005-02-17 11:49:59,1673.75,1.0,0.0
2005-02-17 11:54:59,1673.75,1.0,1.0
2005-02-17 12:00:00,1674.25,1.0,0.0
2005-02-17 12:04:59,1674.25,1.0,-1.0
2005-02-17 12:09:59,1673.75,-1.0,0.0
2005-02-17 12:14:59,1673.75,-1.0,1.0
2005-02-17 12:19:59,1674.25,1.0,0.0
2005-02-17 12:25:00,1674.25,1.0,0.0
2005-02-17 12:29:59,1674.25,1.0,0.0
2005-02-17 12:34:59,1674.25,1.0,-1.0
2005-02-17 12:39:59,1673.75,1.0,-1.0
2005-02-17 12:45:00,1672.75,1.0,-1.0
2005-02-17 12:49:59,1672.25,-1.0,0.0
2005-02-17 12:54:59,1672.25,1.0,1.0
2005-02-17 12:59:59,1672.75,1.0,0.0
2005-02-17 13:04:59,1672.75,1.0,0.0
2005-02-17 13:10:00,1672.75,1.0,0.0
2005-02-17 13:14:59,1672.75,1.0,0.0
2005-02-17 13:19:59,1672.75,1.0,0.0
2005-02-17 13:24:59,1672.75,1.0,0.0
2005-02-17 13:30:00,1672.75,1.0,0.0
2005-02-17 13:34:59,1672.75,1.0,0.0
2005-02-17 13:39:59,1672.75,1.0,0.0
2005-02-17 13:44:59,1672.75,1.0,0.0
2005-02-17 13:49:59,1672.75,-1.0,0.0
2005-02-17 13:55:00,1672.75,-1.0,0.0
2005-02-17 13:59:59,1672.75,-1.0,0.0
2005-02-17 14:04:59,1672.75,1.0,0.0
2005-02-17 14:09:59,1672.75,-1.0,0.0
2005-02-17 14:15:00,1672.75,-1.0,0.0
2005-02-17 14:19:59,1672.75,1.0,0.0
2005-02-17 14:24:59,1672.75,1.0,0.0
2005-02-17 14:29:59,1672.75,-1.0,-1.0
2005-02-17 14:34:59,1672.25,-1.0,0.0
2005-02-17 14:40:00,1672.25,-1.0,-1.0
2005-02-17 14:44:59,1671.75,-1.0,0.0
2005-02-17 14:49:59,1671.75,-1.0,1.0
2005-02-17 14:54:59,1672.25,-1.0,0.0
2005-02-17 15:00:00,1672.25,-1.0,0.0
2005-02-17 15:04:59,1672.25,-1.0,0.0
2005-02-17 15:09:59,1672.25,-1.0,0.0
2005-02-17 15:14:59,1672.25,-1.0,0.0
2005-02-17 15:19:59,1672.25,-1.0,1.0
2005-02-17 15:25:00,1672.75,-1.0,-1.0
2005-02-17 15:29:59,1672.25,-1.0,0.0
2005-02-17 15:34:59,1672.25,-1.0,1.0
2005-02-17 15:39:59,1672.75,-1.0,0.0
2005-02-17 15:45:00,1672.75,-1.0,1.0
2005-02-17 15:49:59,1673.25,-1.0,1.0
2005-02-17 15:54:59,1673.75,-1.0,-1.0
2005-02-17 15:59:59,1673.25,1.0,0.0
2005-02-17 16:04:59,1673.25,1.0,0.0
2005-02-17 16:10:00,1673.25,1.0,1.0
2005-02-17 16:14:59,1673.75,1.0,0.0
2005-02-17 16:19:59,1673.75,-1.0,0.0
2005-02-17 16:24:59,1673.75,-1.0,0.0
2005-02-17 16:30:00,1673.75,-1.0,0.0
2005-02-17 16:34:59,1673.75,-1.0,0.0
2005-02-17 16:39:59,1673.75,-1.0,0.0
2005-02-17 16:44:59,1673.75,-1.0,0.0
2005-02-17 16:49:59,1673.75,-1.0,1.0
2005-02-17 16:55:00,1674.25,-1.0,1.0
2005-02-17 16:59:59,1674.75,-1.0,1.0
2005-02-17 17:04:59,1675.25,-1.0,1.0
2005-02-17 17:09:59,1675.75,-1.0,1.0
2005-02-17 17:15:00,1676.25,-1.0,-1.0
2005-02-17 17:19:59,1675.75,-1.0,0.0
2005-02-17 17:24:59,1675.75,-1.0,0.0
2005-02-18 00:25:00,1675.75,-1.0,-1.0
2005-02-18 00:29:59,1675.25,-1.0,-1.0
2005-02-18 00:34:59,1674.75,-1.0,0.0
2005-02-18 00:39:59,1674.75,-1.0,1.0
2005-02-18 00:45:00,1676.25,-1.0,0.0
2005-02-18 00:49:59,1676.25,1.0,0.0
2005-02-18 00:54:59,1676.25,1.0,0.0
2005-02-18 00:59:59,1676.25,-1.0,0.0
2005-02-18 01:04:59,1676.25,-1.0,0.0
2005-02-18 01:10:00,1676.25,-1.0,0.0
2005-02-18 01:14:59,1676.25,-1.0,0.0
2005-02-18 01:19:59,1676.25,0.0,0.0
2005-02-18 01:24:59,1676.25,1.0,0.0
2005-02-18 01:30:00,1676.25,-1.0,0.0
2005-02-18 01:34:59,1676.25,1.0,0.0
2005-02-18 01:39:59,1676.25,1.0,0.0
2005-02-18 01:44:59,1676.25,0.0,0.0
2005-02-18 01:49:59,1676.25,-1.0,0.0
2005-02-18 01:55:00,1676.25,0.0,0.0
2005-02-18 01:59:59,1676.25,0.0,1.0
2005-02-18 02:04:59,1676.75,0.0,-1.0
2005-02-18 02:09:59,1676.25,0.0,0.0
2005-02-18 02:15:00,1676.25,0.0,1.0
2005-02-18 02:19:59,1676.75,0.0,-1.0
2005-02-18 02:24:59,1676.25,0.0,1.0
2005-02-18 02:29:59,1676.75,0.0,0.0
2005-02-18 02:34:59,1676.75,0.0,0.0
2005-02-18 02:40:00,1676.75,0.0,1.0
2005-02-18 02:44:59,1677.25,0.0,0.0
2005-02-18 02:49:59,1677.25,0.0,0.0
2005-02-18 02:54:59,1677.25,0.0,-1.0
2005-02-18 03:00:00,1676.75,0.0,0.0
2005-02-18 03:04:59,1676.75,0.0,0.0
2005-02-18 03:09:59,1676.75,0.0,1.0
2005-02-18 03:14:59,1677.25,0.0,-1.0
2005-02-18 03:19:59,1676.75,0.0,0.0
2005-02-18 03:25:00,1676.75,0.0,0.0
2005-02-18 03:29:59,1676.75,0.0,1.0
2005-02-18 03:34:59,1677.25,0.0,1.0
2005-02-18 03:39:59,1677.75,0.0,-1.0
2005-02-18 03:45:00,1677.25,0.0,1.0
2005-02-18 03:49:59,1677.75,0.0,-1.0
2005-02-18 03:54:59,1677.25,0.0,0.0
2005-02-18 03:59:59,1677.25,0.0,0.0
2005-02-18 04:04:59,1677.25,0.0,-1.0
2005-02-18 04:10:00,1676.75,0.0,0.0
2005-02-18 04:14:59,1676.75,0.0,0.0
2005-02-18 04:19:59,1676.75,0.0,0.0
2005-02-18 04:24:59,1676.75,0.0,0.0
2005-02-18 04:30:00,1676.75,0.0,0.0
2005-02-18 04:34:59,1676.75,0.0,0.0
2005-02-18 04:39:59,1676.75,0.0,0.0
2005-02-18 04:44:59,1676.75,0.0,0.0
2005-02-18 04:49:59,1676.75,0.0,0.0
2005-02-18 04:55:00,1676.75,0.0,1.0
2005-02-18 04:59:59,1677.25,0.0,1.0
2005-02-18 05:04:59,1677.75,0.0,0.0
2005-02-18 05:09:59,1677.75,0.0,0.0
2005-02-18 05:15:00,1677.75,0.0,0.0
2005-02-18 05:19:59,1677.75,0.0,0.0
2005-02-18 05:24:59,1677.75,0.0,0.0
2005-02-18 05:29:59,1677.75,0.0,0.0
2005-02-18 05:34:59,1677.75,0.0,0.0
2005-02-18 05:40:00,1677.75,-1.0,0.0
2005-02-18 05:44:59,1677.75,-1.0,0.0
2005-02-18 05:49:59,1677.75,-1.0,0.0
2005-02-18 05:54:59,1677.75,-1.0,0.0
2005-02-18 06:00:00,1677.75,-1.0,0.0
2005-02-18 06:04:59,1677.75,-1.0,0.0
2005-02-18 06:09:59,1677.75,-1.0,1.0
2005-02-18 06:14:59,1678.25,-1.0,0.0
2005-02-18 06:19:59,1678.25,-1.0,1.0
2005-02-18 06:25:00,1678.75,0.0,-1.0
2005-02-18 06:29:59,1678.25,0.0,0.0
2005-02-18 06:34:59,1678.25,-1.0,0.0
2005-02-18 06:39:59,1678.25,-1.0,0.0
2005-02-18 06:45:00,1678.25,-1.0,0.0
2005-02-18 06:49:59,1678.25,-1.0,1.0
2005-02-18 06:54:59,1678.75,0.0,0.0
2005-02-18 06:59:59,1678.75,1.0,0.0
2005-02-18 07:04:59,1678.75,0.0,-1.0
2005-02-18 07:10:00,1678.25,1.0,1.0
2005-02-18 07:14:59,1678.75,1.0,0.0
2005-02-18 07:19:59,1678.75,1.0,-1.0
2005-02-18 07:24:59,1678.25,1.0,0.0
2005-02-18 07:30:00,1678.25,1.0,0.0
2005-02-18 07:34:59,1678.25,1.0,-1.0
2005-02-18 07:39:59,1677.75,1.0,0.0
2005-02-18 07:44:59,1677.75,1.0,0.0
2005-02-18 07:49:59,1677.75,1.0,0.0
2005-02-18 07:55:00,1677.75,1.0,1.0
2005-02-18 07:59:59,1678.25,1.0,1.0
2005-02-18 08:04:59,1678.75,1.0,-1.0
2005-02-18 08:09:59,1677.75,1.0,0.0
2005-02-18 08:15:00,1677.75,1.0,0.0
2005-02-18 08:19:59,1677.75,1.0,0.0
2005-02-18 08:24:59,1677.75,1.0,1.0
2005-02-18 08:29:59,1678.25,1.0,0.0
2005-02-18 08:34:59,1678.25,1.0,1.0
2005-02-18 08:40:00,1678.75,1.0,-1.0
2005-02-18 08:44:59,1677.75,1.0,0.0
2005-02-18 08:49:59,1677.75,1.0,-1.0
2005-02-18 08:54:59,1677.25,1.0,0.0
2005-02-18 09:00:00,1677.25,1.0,0.0
2005-02-18 09:04:59,1677.25,1.0,0.0
2005-02-18 09:09:59,1677.25,1.0,1.0
2005-02-18 09:14:59,1678.25,1.0,1.0
2005-02-18 09:19:59,1679.25,1.0,1.0
2005-02-18 09:25:00,1681.25,1.0,1.0
2005-02-18 09:29:59,1681.75,-1.0,-1.0
2005-02-18 09:34:59,1680.75,-1.0,0.0
2005-02-18 09:39:59,1680.75,-1.0,1.0
2005-02-18 09:45:00,1681.25,-1.0,1.0
2005-02-18 09:49:59,1681.75,-1.0,-1.0
2005-02-18 09:54:59,1680.75,-1.0,1.0
2005-02-18 09:59:59,1681.25,-1.0,0.0
2005-02-18 10:04:59,1681.25,-1.0,1.0
2005-02-18 10:10:00,1681.75,-1.0,-1.0
2005-02-18 10:14:59,1681.25,-1.0,0.0
2005-02-18 10:19:59,1681.25,-1.0,0.0
2005-02-18 10:24:59,1681.25,-1.0,0.0
2005-02-18 10:30:00,1681.25,-1.0,1.0
2005-02-18 10:34:59,1681.75,-1.0,1.0
2005-02-18 10:39:59,1682.75,-1.0,-1.0
2005-02-18 10:44:59,1682.25,-1.0,1.0
2005-02-18 10:49:59,1682.75,1.0,-1.0
2005-02-18 10:55:00,1681.25,1.0,1.0
2005-02-18 10:59:59,1682.75,1.0,-1.0
2005-02-18 11:04:59,1681.75,-1.0,0.0
2005-02-18 11:09:59,1681.75,-1.0,0.0
2005-02-18 11:15:00,1681.75,-1.0,-1.0
2005-02-18 11:19:59,1680.75,1.0,1.0
2005-02-18 11:24:59,1681.25,-1.0,0.0
2005-02-18 11:29:59,1681.25,1.0,-1.0
2005-02-18 11:34:59,1680.75,0.0,1.0
2005-02-18 11:40:00,1681.25,0.0,1.0
2005-02-18 11:44:59,1681.75,0.0,-1.0
2005-02-18 11:49:59,1681.25,0.0,0.0
2005-02-18 11:54:59,1681.25,0.0,0.0
2005-02-18 12:00:00,1681.25,0.0,0.0
2005-02-18 12:04:59,1681.25,0.0,0.0
2005-02-18 12:09:59,1681.25,0.0,0.0
2005-02-18 12:14:59,1681.25,-1.0,0.0
2005-02-18 12:19:59,1681.25,-1.0,1.0
2005-02-18 12:25:00,1681.75,-1.0,0.0
2005-02-18 12:29:59,1681.75,-1.0,0.0
2005-02-18 12:34:59,1681.75,-1.0,0.0
2005-02-18 12:39:59,1681.75,1.0,0.0
2005-02-18 12:45:00,1681.75,-1.0,-1.0
2005-02-18 12:49:59,1680.75,-1.0,0.0
2005-02-18 12:54:59,1680.75,0.0,1.0
2005-02-18 12:59:59,1681.25,0.0,0.0
2005-02-18 13:04:59,1681.25,0.0,0.0
2005-02-18 13:10:00,1681.25,0.0,0.0
2005-02-18 13:14:59,1681.25,0.0,-1.0
2005-02-18 13:19:59,1680.75,-1.0,1.0
2005-02-18 13:24:59,1681.25,-1.0,-1.0
2005-02-18 13:30:00,1680.75,-1.0,0.0
2005-02-18 13:34:59,1680.75,-1.0,-1.0
2005-02-18 13:39:59,1680.25,-1.0,0.0
2005-02-18 13:44:59,1680.25,0.0,0.0
2005-02-18 13:49:59,1680.25,-1.0,0.0
2005-02-18 13:55:00,1680.25,-1.0,0.0
2005-02-18 13:59:59,1680.25,-1.0,1.0
2005-02-18 14:04:59,1680.75,0.0,1.0
2005-02-18 14:09:59,1681.25,0.0,-1.0
2005-02-18 14:15:00,1680.75,0.0,-1.0
2005-02-18 14:19:59,1680.25,0.0,1.0
2005-02-18 14:24:59,1680.75,0.0,1.0
2005-02-18 14:29:59,1681.25,0.0,1.0
2005-02-18 14:34:59,1682.25,0.0,1.0
2005-02-18 14:40:00,1683.75,0.0,1.0
2005-02-18 14:44:59,1684.75,0.0,-1.0
2005-02-18 14:49:59,1683.75,0.0,-1.0
2005-02-18 14:54:59,1682.75,0.0,1.0
2005-02-18 15:00:00,1684.25,0.0,-1.0
2005-02-18 15:04:59,1683.75,0.0,-1.0
2005-02-18 15:09:59,1683.25,0.0,-1.0
2005-02-18 15:14:59,1682.75,0.0,0.0
2005-02-18 15:19:59,1682.75,0.0,1.0
2005-02-18 15:25:00,1683.75,0.0,1.0
2005-02-18 15:29:59,1689.25,0.0,-1.0
2005-02-18 15:34:59,1684.75,0.0,1.0
2005-02-18 15:39:59,1686.25,0.0,-1.0
2005-02-18 15:45:00,1685.25,0.0,-1.0
2005-02-18 15:49:59,1682.75,0.0,1.0
2005-02-18 15:54:59,1685.25,0.0,1.0
2005-02-18 15:59:59,1687.25,0.0,0.0
2005-02-18 16:04:59,1687.25,0.0,-1.0
2005-02-18 16:10:00,1683.75,0.0,1.0
2005-02-18 16:14:59,1685.25,-1.0,-1.0
2005-02-18 16:19:59,1683.75,0.0,1.0
2005-02-18 16:24:59,1685.75,0.0,0.0
2005-02-18 16:30:00,1685.75,0.0,0.0
2005-02-18 16:34:59,1685.75,0.0,-1.0
2005-02-18 16:39:59,1685.25,0.0,0.0
2005-02-18 16:44:59,1685.25,-1.0,-1.0
2005-02-18 16:49:59,1684.25,-1.0,1.0
2005-02-18 16:55:00,1685.75,1.0,0.0
2005-02-18 16:59:59,1685.75,-1.0,1.0
2005-02-18 17:04:59,1687.25,-1.0,1.0
2005-02-18 17:09:59,1687.75,-1.0,1.0
2005-02-18 17:15:00,1688.25,-1.0,-1.0
2005-02-18 17:19:59,1687.25,-1.0,1.0
2005-02-18 17:24:59,1687.75,-1.0,0.0
2005-02-18 17:29:59,1687.75,-1.0,-1.0
2005-02-18 17:34:59,1686.75,-1.0,0.0
2005-02-18 17:40:00,1686.75,0.0,0.0
2005-02-18 17:44:59,1686.75,0.0,0.0
2005-02-18 17:49:59,1686.75,-1.0,0.0
2005-02-18 17:54:59,1686.75,-1.0,1.0
2005-02-18 18:00:00,1687.25,-1.0,1.0
2005-02-18 18:04:59,1688.75,-1.0,1.0
2005-02-18 18:09:59,1689.25,-1.0,1.0
2005-02-18 18:14:59,1691.25,-1.0,1.0
2005-02-18 18:19:59,1692.25,-1.0,0.0
2005-02-18 18:25:00,1692.25,-1.0,-1.0
2005-02-18 18:29:59,1691.75,-1.0,-1.0
2005-02-18 18:34:59,1691.25,-1.0,0.0
2005-02-18 18:39:59,1691.25,-1.0,0.0
2005-02-18 18:45:00,1691.25,-1.0,0.0
2005-02-18 18:49:59,1691.25,0.0,0.0
2005-02-18 18:54:59,1691.25,-1.0,1.0
2005-02-18 18:59:59,1691.75,0.0,1.0
2005-02-18 19:04:59,1693.25,0.0,1.0
2005-02-18 19:10:00,1693.75,0.0,-1.0
2005-02-18 19:14:59,1692.25,0.0,0.0
2005-02-18 19:19:59,1692.25,-1.0,-1.0
2005-02-18 19:24:59,1691.75,1.0,0.0
2005-02-18 19:30:00,1691.75,0.0,1.0
2005-02-18 19:34:59,1692.25,0.0,-1.0
2005-02-18 19:39:59,1690.75,0.0,1.0
2005-02-18 19:44:59,1691.25,0.0,1.0
2005-02-18 19:49:59,1692.75,0.0,-1.0
2005-02-18 19:55:00,1692.25,0.0,1.0
2005-02-18 19:59:59,1693.75,0.0,-1.0
2005-02-18 20:04:59,1692.75,0.0,0.0
2005-02-18 20:09:59,1692.75,0.0,1.0
2005-02-18 20:15:00,1695.75,0.0,1.0
2005-02-18 20:19:59,1696.25,0.0,0.0
2005-02-18 20:24:59,1696.25,-1.0,0.0
2005-02-18 20:29:59,1696.25,-1.0,-1.0
2005-02-18 20:34:59,1695.25,-1.0,1.0
2005-02-18 20:40:00,1695.75,-1.0,1.0
2005-02-18 20:44:59,1696.75,-1.0,-1.0
2005-02-18 20:49:59,1695.75,-1.0,1.0
2005-02-18 20:54:59,1697.75,-1.0,-1.0
2005-02-18 21:00:00,1696.75,-1.0,-1.0
2005-02-18 21:04:59,1695.75,-1.0,-1.0
2005-02-18 21:09:59,1694.25,-1.0,1.0
2005-02-18 21:14:59,1694.75,-1.0,1.0
2005-02-18 21:19:59,1695.75,-1.0,-1.0
2005-02-18 21:25:00,1693.25,-1.0,-1.0
2005-02-18 21:29:59,1692.75,-1.0,1.0
2005-02-18 21:34:59,1694.75,-1.0,-1.0
2005-02-18 21:39:59,1693.25,-1.0,-1.0
2005-02-18 21:45:00,1692.75,-1.0,-1.0
2005-02-18 21:49:59,1691.75,-1.0,0.0
2005-02-18 21:54:59,1691.75,-1.0,-1.0
2005-02-18 21:59:59,1690.75,1.0,0.0
2005-02-18 22:04:59,1690.75,-1.0,1.0
2005-02-18 22:10:00,1692.25,-1.0,0.0
2005-02-18 22:14:59,1692.25,-1.0,0.0
2005-02-18 22:19:59,1692.25,-1.0,0.0
2005-02-18 22:24:59,1692.25,-1.0,1.0
2005-02-18 22:30:00,1694.75,-1.0,-1.0
2005-02-18 22:34:59,1694.25,-1.0,0.0
2005-02-18 22:39:59,1694.25,-1.0,1.0
2005-02-18 22:44:59,1694.75,-1.0,-1.0
2005-02-18 22:49:59,1694.25,-1.0,1.0
2005-02-18 22:55:00,1695.75,-1.0,-1.0
2005-02-18 22:59:59,1695.25,-1.0,0.0
2005-02-18 23:04:59,1695.25,-1.0,1.0
2005-02-18 23:09:59,1696.25,-1.0,0.0
2005-02-18 23:15:00,1696.25,-1.0,0.0
2005-02-18 23:19:59,1696.25,-1.0,-1.0
2005-02-18 23:24:59,1695.75,-1.0,0.0
2005-02-19 00:00:00,1695.75,-1.0,-1.0
2005-02-19 00:04:59,1695.25,-1.0,1.0
2005-02-19 00:09:59,1695.75,-1.0,-1.0
2005-02-19 00:14:59,1694.75,0.0,1.0
2005-02-19 00:19:59,1695.25,0.0,0.0
2005-02-19 00:25:00,1695.25,0.0,-1.0
2005-02-19 00:29:59,1694.25,0.0,0.0
2005-02-19 00:34:59,1694.25,0.0,1.0
2005-02-19 00:39:59,1694.75,-1.0,-1.0
2005-02-19 00:45:00,1693.75,0.0,0.0
2005-02-19 00:49:59,1693.75,-1.0,0.0
2005-02-19 00:54:59,1693.75,0.0,0.0
2005-02-19 00:59:59,1693.75,0.0,0.0
2005-02-19 01:04:59,1693.75,-1.0,1.0
2005-02-19 01:10:00,1694.25,0.0,0.0
2005-02-19 01:14:59,1694.25,0.0,0.0
2005-02-19 01:19:59,1694.25,0.0,-1.0
2005-02-19 01:24:59,1693.75,0.0,0.0
2005-02-19 01:30:00,1693.75,0.0,0.0
2005-02-19 01:34:59,1693.75,0.0,-1.0
2005-02-19 01:39:59,1693.25,0.0,0.0
2005-02-19 01:44:59,1693.25,0.0,1.0
2005-02-19 01:49:59,1693.75,0.0,0.0
2005-02-19 01:55:00,1693.75,0.0,0.0
2005-02-19 01:59:59,1693.75,0.0,-1.0
2005-02-19 02:04:59,1693.25,0.0,1.0
2005-02-19 02:09:59,1693.75,0.0,0.0
2005-02-19 02:15:00,1693.75,0.0,0.0
2005-02-19 02:19:59,1693.75,0.0,0.0
2005-02-19 02:24:59,1693.75,0.0,0.0
2005-02-19 02:29:59,1693.75,0.0,0.0
2005-02-19 02:34:59,1693.75,0.0,0.0
2005-02-19 02:40:00,1693.75,-1.0,0.0
2005-02-19 02:44:59,1693.75,0.0,0.0
2005-02-19 02:49:59,1693.75,0.0,0.0
2005-02-19 02:54:59,1693.75,0.0,0.0
2005-02-19 03:00:00,1693.75,0.0,0.0
2005-02-19 03:04:59,1693.75,0.0,0.0
2005-02-19 03:09:59,1693.75,0.0,0.0
2005-02-19 03:14:59,1693.75,0.0,0.0
2005-02-19 03:19:59,1693.75,0.0,0.0
2005-02-19 03:25:00,1693.75,0.0,1.0
2005-02-19 03:29:59,1694.25,0.0,0.0
2005-02-19 03:34:59,1694.25,0.0,-1.0
2005-02-19 03:39:59,1693.75,0.0,1.0
2005-02-19 03:45:00,1694.25,0.0,0.0
2005-02-19 03:49:59,1694.25,0.0,0.0
2005-02-19 03:54:59,1694.25,0.0,-1.0
2005-02-19 03:59:59,1693.75,0.0,0.0
2005-02-19 04:04:59,1693.75,0.0,1.0
2005-02-19 04:10:00,1694.25,0.0,0.0
2005-02-19 04:14:59,1694.25,0.0,-1.0
2005-02-19 04:19:59,1693.75,0.0,0.0
2005-02-19 04:24:59,1693.75,0.0,0.0
2005-02-19 04:30:00,1693.75,0.0,0.0
2005-02-19 04:34:59,1693.75,0.0,0.0
2005-02-19 04:39:59,1693.75,0.0,0.0
2005-02-19 04:44:59,1693.75,0.0,0.0
2005-02-19 04:49:59,1693.75,0.0,0.0
2005-02-19 04:55:00,1693.75,0.0,0.0
2005-02-19 04:59:59,1693.75,0.0,0.0
2005-02-19 05:04:59,1693.75,0.0,0.0
2005-02-19 05:09:59,1693.75,0.0,0.0
2005-02-19 05:15:00,1693.75,0.0,0.0
2005-02-19 05:19:59,1693.75,0.0,0.0
2005-02-19 05:24:59,1693.75,0.0,0.0
2005-02-19 05:29:59,1693.75,0.0,0.0
2005-02-19 05:34:59,1693.75,0.0,0.0
2005-02-19 05:40:00,1693.75,0.0,1.0
2005-02-19 05:44:59,1694.25,0.0,-1.0
2005-02-19 05:49:59,1693.25,0.0,0.0
2005-02-19 05:54:59,1693.25,0.0,0.0
2005-02-19 06:00:00,1693.25,0.0,0.0
2005-02-19 06:04:59,1693.25,0.0,0.0
2005-02-19 06:09:59,1693.25,0.0,-1.0
2005-02-19 06:14:59,1692.75,0.0,0.0
2005-02-19 06:19:59,1692.75,0.0,1.0
2005-02-19 06:25:00,1693.25,0.0,-1.0
2005-02-19 06:29:59,1692.75,0.0,0.0
2005-02-19 06:34:59,1692.75,0.0,0.0
2005-02-19 06:39:59,1692.75,0.0,0.0
2005-02-19 06:45:00,1692.75,0.0,1.0
2005-02-19 06:49:59,1693.75,0.0,1.0
2005-02-19 06:54:59,1694.25,0.0,0.0
2005-02-19 06:59:59,1694.25,0.0,0.0
2005-02-19 07:04:59,1694.25,0.0,0.0
2005-02-19 07:10:00,1694.25,0.0,0.0
2005-02-19 07:14:59,1694.25,0.0,0.0
2005-02-19 07:19:59,1694.25,0.0,0.0
2005-02-19 07:24:59,1694.25,0.0,0.0
2005-02-19 07:30:00,1694.25,0.0,0.0
2005-02-19 07:34:59,1694.25,0.0,0.0
2005-02-19 07:39:59,1694.25,0.0,-1.0
2005-02-19 07:44:59,1693.25,0.0,-1.0
2005-02-19 07:49:59,1692.75,0.0,-1.0
2005-02-19 07:55:00,1692.25,0.0,0.0
2005-02-19 07:59:59,1692.25,0.0,0.0
2005-02-19 08:04:59,1692.25,0.0,0.0
2005-02-19 08:09:59,1692.25,0.0,-1.0
2005-02-19 08:15:00,1691.75,0.0,0.0
2005-02-19 08:19:59,1691.75,0.0,-1.0
2005-02-19 08:24:59,1691.25,0.0,0.0
2005-02-19 08:29:59,1691.25,0.0,1.0
2005-02-19 08:34:59,1691.75,0.0,0.0
2005-02-19 08:40:00,1691.75,0.0,0.0
2005-02-19 08:44:59,1691.75,0.0,0.0
2005-02-19 08:49:59,1691.75,0.0,0.0
2005-02-19 08:54:59,1691.75,0.0,0.0
2005-02-19 09:00:00,1691.75,0.0,1.0
2005-02-19 09:04:59,1692.25,0.0,-1.0
2005-02-19 09:09:59,1691.75,0.0,-1.0
2005-02-19 09:14:59,1691.25,0.0,0.0
2005-02-19 09:19:59,1691.25,0.0,1.0
2005-02-19 09:25:00,1691.75,0.0,1.0
2005-02-19 09:29:59,1692.25,0.0,0.0
2005-02-19 09:34:59,1692.25,0.0,0.0
2005-02-19 09:39:59,1692.25,0.0,-1.0
2005-02-19 09:45:00,1691.75,0.0,1.0
2005-02-19 09:49:59,1692.25,0.0,0.0
2005-02-19 09:54:59,1692.25,0.0,0.0
2005-02-19 09:59:59,1692.25,0.0,0.0
2005-02-19 10:04:59,1692.25,0.0,0.0
2005-02-19 10:10:00,1692.25,0.0,0.0
2005-02-19 10:14:59,1692.25,0.0,-1.0
2005-02-19 10:19:59,1691.75,0.0,1.0
2005-02-19 10:24:59,1693.25,0.0,1.0
2005-02-19 10:30:00,1693.75,0.0,-1.0
2005-02-19 10:34:59,1693.25,0.0,1.0
2005-02-19 10:39:59,1693.75,0.0,0.0
2005-02-19 10:44:59,1693.75,0.0,1.0
2005-02-19 10:49:59,1694.25,0.0,-1.0
2005-02-19 10:55:00,1693.75,0.0,0.0
2005-02-19 10:59:59,1693.75,0.0,0.0
2005-02-19 11:04:59,1693.75,0.0,-1.0
2005-02-19 11:09:59,1693.25,0.0,1.0
2005-02-19 11:15:00,1693.75,0.0,0.0
2005-02-19 11:19:59,1693.75,0.0,0.0
2005-02-19 11:24:59,1693.75,0.0,1.0
2005-02-19 11:29:59,1694.25,0.0,0.0
2005-02-19 11:34:59,1694.25,0.0,1.0
2005-02-19 11:40:00,1694.75,0.0,0.0
2005-02-19 11:44:59,1694.75,-1.0,0.0
2005-02-19 11:49:59,1694.75,-1.0,0.0
2005-02-19 11:54:59,1694.75,0.0,1.0
2005-02-19 12:00:00,1695.25,0.0,-1.0
2005-02-19 12:04:59,1694.25,0.0,0.0
2005-02-19 12:09:59,1694.25,0.0,-1.0
2005-02-19 12:14:59,1693.75,0.0,0.0
2005-02-19 12:19:59,1693.75,0.0,1.0
2005-02-19 12:25:00,1694.25,0.0,-1.0
2005-02-19 12:29:59,1693.75,-1.0,0.0
2005-02-19 12:34:59,1693.75,-1.0,0.0
2005-02-19 12:39:59,1693.75,-1.0,0.0
2005-02-19 12:45:00,1693.75,-1.0,0.0
2005-02-19 12:49:59,1693.75,-1.0,0.0
2005-02-19 12:54:59,1693.75,-1.0,-1.0
2005-02-19 12:59:59,1692.75,-1.0,1.0
2005-02-19 13:04:59,1693.25,-1.0,0.0
2005-02-19 13:10:00,1693.25,-1.0,0.0
2005-02-19 13:14:59,1693.25,-1.0,-1.0
2005-02-19 13:19:59,1692.75,-1.0,1.0
2005-02-19 13:24:59,1693.25,-1.0,1.0
2005-02-19 13:30:00,1693.75,-1.0,1.0
2005-02-19 13:34:59,1694.25,-1.0,0.0
2005-02-19 13:39:59,1694.25,-1.0,-1.0
2005-02-19 13:44:59,1693.75,-1.0,1.0
2005-02-19 13:49:59,1694.25,-1.0,1.0
2005-02-19 13:55:00,1694.75,-1.0,0.0
2005-02-19 13:59:59,1694.75,-1.0,1.0
2005-02-19 14:04:59,1695.25,-1.0,-1.0
2005-02-19 14:09:59,1694.75,0.0,-1.0
2005-02-19 14:15:00,1693.75,0.0,1.0
2005-02-19 14:19:59,1694.25,0.0,0.0
2005-02-19 14:24:59,1694.25,1.0,0.0
2005-02-19 14:29:59,1694.25,1.0,1.0
2005-02-19 14:34:59,1694.75,0.0,1.0
2005-02-19 14:40:00,1695.25,0.0,-1.0
2005-02-19 14:44:59,1694.75,0.0,0.0
2005-02-19 14:49:59,1694.75,0.0,0.0
2005-02-19 14:54:59,1694.75,0.0,0.0
2005-02-19 15:00:00,1694.75,0.0,0.0
2005-02-19 15:04:59,1694.75,0.0,0.0
2005-02-19 15:09:59,1694.75,0.0,-1.0
2005-02-19 15:14:59,1694.25,0.0,0.0
2005-02-19 15:19:59,1694.25,0.0,0.0
2005-02-19 15:25:00,1694.25,0.0,-1.0
2005-02-19 15:29:59,1693.75,0.0,0.0
2005-02-19 15:34:59,1693.75,0.0,-1.0
2005-02-19 15:39:59,1692.25,0.0,1.0
2005-02-19 15:45:00,1692.75,0.0,-1.0
2005-02-19 15:49:59,1692.25,0.0,1.0
2005-02-19 15:54:59,1692.75,0.0,-1.0
2005-02-19 15:59:59,1692.25,1.0,1.0
2005-02-19 16:04:59,1694.25,1.0,-1.0
2005-02-19 16:10:00,1693.25,0.0,1.0
2005-02-19 16:14:59,1693.75,0.0,-1.0
2005-02-19 16:19:59,1692.75,0.0,-1.0
2005-02-19 16:24:59,1690.75,0.0,-1.0
2005-02-19 16:30:00,1687.75,0.0,1.0
2005-02-19 16:34:59,1689.25,1.0,-1.0
2005-02-19 16:39:59,1687.75,0.0,-1.0
2005-02-19 16:44:59,1687.25,0.0,1.0
2005-02-19 16:49:59,1687.75,0.0,1.0
2005-02-19 16:55:00,1688.25,0.0,1.0
2005-02-19 16:59:59,1689.25,0.0,1.0
2005-02-19 17:04:59,1690.25,0.0,-1.0
2005-02-19 17:09:59,1689.75,0.0,0.0
2005-02-19 17:15:00,1689.75,0.0,1.0
2005-02-19 17:19:59,1691.25,0.0,-1.0
2005-02-19 17:24:59,1690.25,0.0,1.0
2005-02-19 17:29:59,1691.25,0.0,1.0
2005-02-19 17:34:59,1692.75,0.0,0.0
2005-02-19 17:40:00,1692.75,0.0,-1.0
2005-02-19 17:44:59,1690.75,0.0,1.0
2005-02-19 17:49:59,1691.75,0.0,1.0
2005-02-19 17:54:59,1692.25,0.0,0.0
2005-02-19 18:00:00,1692.25,0.0,1.0
2005-02-19 18:04:59,1692.75,0.0,1.0
2005-02-19 18:09:59,1693.75,0.0,1.0
2005-02-19 18:14:59,1696.25,0.0,-1.0
2005-02-19 18:19:59,1695.75,0.0,1.0
2005-02-19 18:25:00,1696.25,0.0,1.0
2005-02-19 18:29:59,1699.75,0.0,-1.0
2005-02-19 18:34:59,1698.75,0.0,-1.0
2005-02-19 18:39:59,1698.25,0.0,1.0
2005-02-19 18:45:00,1698.75,0.0,-1.0
2005-02-19 18:49:59,1698.25,0.0,-1.0
2005-02-19 18:54:59,1697.75,0.0,1.0
2005-02-19 18:59:59,1698.25,0.0,1.0
2005-02-19 19:04:59,1698.75,0.0,0.0
2005-02-19 19:10:00,1698.75,0.0,1.0
2005-02-19 19:14:59,1699.75,0.0,-1.0
2005-02-19 19:19:59,1696.75,0.0,-1.0
2005-02-19 19:24:59,1696.25,0.0,1.0
2005-02-19 19:30:00,1697.25,0.0,-1.0
2005-02-19 19:34:59,1696.75,0.0,1.0
2005-02-19 19:39:59,1697.25,0.0,0.0
2005-02-19 19:44:59,1697.25,0.0,-1.0
2005-02-19 19:49:59,1696.25,0.0,1.0
2005-02-19 19:55:00,1697.25,0.0,-1.0
2005-02-19 19:59:59,1696.75,0.0,-1.0
2005-02-19 20:04:59,1693.75,0.0,-1.0
2005-02-19 20:09:59,1691.75,0.0,-1.0
2005-02-19 20:15:00,1688.25,0.0,1.0
2005-02-19 20:19:59,1688.75,0.0,1.0
2005-02-19 20:24:59,1689.25,0.0,1.0
2005-02-19 20:29:59,1689.75,0.0,1.0
2005-02-19 20:34:59,1690.25,0.0,0.0
2005-02-19 20:40:00,1690.25,0.0,-1.0
2005-02-19 20:44:59,1689.25,0.0,1.0
2005-02-19 20:49:59,1690.25,0.0,0.0
2005-02-19 20:54:59,1690.25,0.0,1.0
2005-02-19 21:00:00,1690.75,0.0,1.0
2005-02-19 21:04:59,1692.75,0.0,-1.0
2005-02-19 21:09:59,1691.25,0.0,1.0
2005-02-19 21:14:59,1694.25,0.0,-1.0
2005-02-19 21:19:59,1692.75,0.0,0.0
2005-02-19 21:25:00,1692.75,0.0,1.0
2005-02-19 21:29:59,1694.25,0.0,-1.0
2005-02-19 21:34:59,1693.75,0.0,-1.0
2005-02-19 21:39:59,1693.25,0.0,-1.0
2005-02-19 21:45:00,1692.75,0.0,-1.0
2005-02-19 21:49:59,1691.75,0.0,1.0
2005-02-19 21:54:59,1692.75,0.0,1.0
2005-02-19 21:59:59,1693.75,0.0,1.0
2005-02-19 22:04:59,1695.25,0.0,-1.0
2005-02-19 22:10:00,1694.25,0.0,0.0
2005-02-19 22:14:59,1694.25,0.0,0.0
2005-02-19 22:19:59,1694.25,0.0,0.0
2005-02-19 22:24:59,1694.25,0.0,1.0
2005-02-19 22:30:00,1696.75,0.0,0.0
2005-02-19 22:34:59,1696.75,0.0,-1.0
2005-02-19 22:39:59,1696.25,0.0,1.0
2005-02-19 22:44:59,1697.25,-1.0,1.0
2005-02-19 22:49:59,1700.25,-1.0,-1.0
2005-02-19 22:55:00,1699.75,0.0,1.0
2005-02-19 22:59:59,1700.75,0.0,-1.0
2005-02-19 23:04:59,1700.25,0.0,1.0
2005-02-19 23:09:59,1701.75,0.0,-1.0
2005-02-19 23:15:00,1701.25,0.0,1.0
2005-02-19 23:19:59,1702.25,0.0,1.0
2005-02-19 23:24:59,1702.75,0.0,1.0
2005-02-20 00:00:00,1703.25,0.0,0.0
2005-02-20 00:04:59,1703.25,0.0,0.0
2005-02-20 00:09:59,1703.25,0.0,0.0
2005-02-20 00:14:59,1703.25,0.0,-1.0
2005-02-20 00:19:59,1702.25,0.0,-1.0
2005-02-20 00:25:00,1701.75,0.0,1.0
2005-02-20 00:29:59,1702.25,0.0,0.0
2005-02-20 00:34:59,1702.25,0.0,0.0
2005-02-20 00:39:59,1702.25,0.0,-1.0
2005-02-20 00:45:00,1701.75,0.0,0.0
2005-02-20 00:49:59,1701.75,1.0,1.0
2005-02-20 00:54:59,1702.25,1.0,-1.0
2005-02-20 00:59:59,1701.75,1.0,0.0
2005-02-20 01:04:59,1701.75,1.0,0.0
2005-02-20 01:10:00,1701.75,1.0,0.0
2005-02-20 01:14:59,1701.75,1.0,0.0
2005-02-20 01:19:59,1701.75,1.0,0.0
2005-02-20 01:24:59,1701.75,0.0,1.0
2005-02-20 01:30:00,1702.75,0.0,0.0
2005-02-20 01:34:59,1702.75,1.0,-1.0
2005-02-20 01:39:59,1702.25,1.0,0.0
2005-02-20 01:44:59,1702.25,1.0,0.0
2005-02-20 01:49:59,1702.25,1.0,0.0
2005-02-20 01:55:00,1702.25,1.0,-1.0
2005-02-20 01:59:59,1701.75,1.0,0.0
2005-02-20 02:04:59,1701.75,1.0,1.0
2005-02-20 02:09:59,1702.25,1.0,-1.0
2005-02-20 02:15:00,1701.75,0.0,-1.0
2005-02-20 02:19:59,1701.25,-1.0,1.0
2005-02-20 02:24:59,1701.75,1.0,0.0
2005-02-20 02:29:59,1701.75,1.0,0.0
2005-02-20 02:34:59,1701.75,1.0,0.0
2005-02-20 02:40:00,1701.75,0.0,0.0
2005-02-20 02:44:59,1701.75,0.0,-1.0
2005-02-20 02:49:59,1701.25,0.0,0.0
2005-02-20 02:54:59,1701.25,0.0,0.0
2005-02-20 03:00:00,1701.25,0.0,0.0
2005-02-20 03:04:59,1701.25,0.0,1.0
2005-02-20 03:09:59,1701.75,0.0,0.0
2005-02-20 03:14:59,1701.75,0.0,0.0
2005-02-20 03:19:59,1701.75,0.0,0.0
2005-02-20 03:25:00,1701.75,0.0,-1.0
2005-02-20 03:29:59,1701.25,0.0,0.0
2005-02-20 03:34:59,1701.25,0.0,0.0
2005-02-20 03:39:59,1701.25,0.0,-1.0
2005-02-20 03:45:00,1700.75,0.0,0.0
2005-02-20 03:49:59,1700.75,0.0,1.0
2005-02-20 03:54:59,1701.25,0.0,-1.0
2005-02-20 03:59:59,1700.75,0.0,1.0
2005-02-20 04:04:59,1701.25,0.0,-1.0
2005-02-20 04:10:00,1700.75,0.0,1.0
2005-02-20 04:14:59,1701.75,0.0,-1.0
2005-02-20 04:19:59,1700.75,0.0,1.0
2005-02-20 04:24:59,1701.75,0.0,-1.0
2005-02-20 04:30:00,1700.75,0.0,0.0
2005-02-20 04:34:59,1700.75,0.0,1.0
2005-02-20 04:39:59,1701.25,0.0,-1.0
2005-02-20 04:44:59,1700.75,0.0,0.0
2005-02-20 04:49:59,1700.75,0.0,0.0
2005-02-20 04:55:00,1700.75,0.0,-1.0
2005-02-20 04:59:59,1700.25,0.0,1.0
2005-02-20 05:04:59,1700.75,0.0,0.0
2005-02-20 05:09:59,1700.75,0.0,0.0
2005-02-20 05:15:00,1700.75,0.0,0.0
2005-02-20 05:19:59,1700.75,0.0,0.0
2005-02-20 05:24:59,1700.75,0.0,0.0
2005-02-20 05:29:59,1700.75,0.0,1.0
2005-02-20 05:34:59,1701.25,0.0,-1.0
2005-02-20 05:40:00,1700.75,0.0,0.0
2005-02-20 05:44:59,1700.75,0.0,0.0
2005-02-20 05:49:59,1700.75,0.0,0.0
2005-02-20 05:54:59,1700.75,0.0,0.0
2005-02-20 06:00:00,1700.75,0.0,0.0
2005-02-20 06:04:59,1700.75,0.0,0.0
2005-02-20 06:09:59,1700.75,0.0,0.0
2005-02-20 06:14:59,1700.75,0.0,-1.0
2005-02-20 06:19:59,1700.25,0.0,0.0
2005-02-20 06:25:00,1700.25,0.0,1.0
2005-02-20 06:29:59,1700.75,0.0,-1.0
2005-02-20 06:34:59,1700.25,0.0,0.0
2005-02-20 06:39:59,1700.25,0.0,0.0
2005-02-20 06:45:00,1700.25,0.0,1.0
2005-02-20 06:49:59,1700.75,0.0,0.0
2005-02-20 06:54:59,1700.75,0.0,0.0
2005-02-20 06:59:59,1700.75,0.0,0.0
2005-02-20 07:04:59,1700.75,0.0,0.0
2005-02-20 07:10:00,1700.75,0.0,1.0
2005-02-20 07:14:59,1701.25,0.0,0.0
2005-02-20 07:19:59,1701.25,0.0,0.0
2005-02-20 07:24:59,1701.25,0.0,0.0
2005-02-20 07:30:00,1701.25,0.0,0.0
2005-02-20 07:34:59,1701.25,0.0,0.0
2005-02-20 07:39:59,1701.25,0.0,0.0
2005-02-20 07:44:59,1701.25,0.0,-1.0
2005-02-20 07:49:59,1700.25,0.0,0.0
2005-02-20 07:55:00,1700.25,0.0,1.0
2005-02-20 07:59:59,1700.75,0.0,-1.0
2005-02-20 08:04:59,1700.25,0.0,0.0
2005-02-20 08:09:59,1700.25,0.0,1.0
2005-02-20 08:15:00,1700.75,0.0,0.0
2005-02-20 08:19:59,1700.75,0.0,0.0
2005-02-20 08:24:59,1700.75,0.0,0.0
2005-02-20 08:29:59,1700.75,0.0,0.0
2005-02-20 08:34:59,1700.75,0.0,0.0
2005-02-20 08:40:00,1700.75,0.0,0.0
2005-02-20 08:44:59,1700.75,0.0,0.0
2005-02-20 08:49:59,1700.75,0.0,1.0
2005-02-20 08:54:59,1702.25,0.0,0.0
2005-02-20 09:00:00,1702.25,0.0,-1.0
2005-02-20 09:04:59,1701.25,0.0,-1.0
2005-02-20 09:09:59,1700.75,0.0,1.0
2005-02-20 09:14:59,1701.25,0.0,-1.0
2005-02-20 09:19:59,1700.75,0.0,1.0
2005-02-20 09:25:00,1701.25,0.0,0.0
2005-02-20 09:29:59,1701.25,0.0,0.0
2005-02-20 09:34:59,1701.25,0.0,0.0
2005-02-20 09:39:59,1701.25,0.0,0.0
2005-02-20 09:45:00,1701.25,0.0,-1.0
2005-02-20 09:49:59,1700.75,0.0,1.0
2005-02-20 09:54:59,1701.25,0.0,0.0
2005-02-20 09:59:59,1701.25,0.0,0.0
2005-02-20 10:04:59,1701.25,0.0,1.0
2005-02-20 10:10:00,1701.75,0.0,1.0
2005-02-20 10:14:59,1702.25,0.0,1.0
2005-02-20 10:19:59,1702.75,0.0,0.0
2005-02-20 10:24:59,1702.75,0.0,0.0
2005-02-20 10:30:00,1702.75,0.0,0.0
2005-02-20 10:34:59,1702.75,0.0,0.0
2005-02-20 10:39:59,1702.75,0.0,-1.0
2005-02-20 10:44:59,1702.25,0.0,0.0
2005-02-20 10:49:59,1702.25,0.0,1.0
2005-02-20 10:55:00,1703.25,0.0,0.0
2005-02-20 10:59:59,1703.25,0.0,-1.0
2005-02-20 11:04:59,1702.25,0.0,0.0
2005-02-20 11:09:59,1702.25,0.0,-1.0
2005-02-20 11:15:00,1701.75,0.0,1.0
2005-02-20 11:19:59,1702.25,0.0,0.0
2005-02-20 11:24:59,1702.25,0.0,0.0
2005-02-20 11:29:59,1702.25,0.0,0.0
2005-02-20 11:34:59,1702.25,0.0,1.0
2005-02-20 11:40:00,1702.75,0.0,-1.0
2005-02-20 11:44:59,1702.25,0.0,1.0
2005-02-20 11:49:59,1702.75,0.0,-1.0
2005-02-20 11:54:59,1702.25,0.0,0.0
2005-02-20 12:00:00,1702.25,0.0,0.0
2005-02-20 12:04:59,1702.25,0.0,1.0
2005-02-20 12:09:59,1703.25,0.0,0.0
2005-02-20 12:14:59,1703.25,0.0,0.0
2005-02-20 12:19:59,1703.25,0.0,0.0
2005-02-20 12:25:00,1703.25,0.0,0.0
2005-02-20 12:29:59,1703.25,0.0,-1.0
2005-02-20 12:34:59,1702.75,0.0,0.0
2005-02-20 12:39:59,1702.75,0.0,-1.0
2005-02-20 12:45:00,1702.25,0.0,0.0
2005-02-20 12:49:59,1702.25,0.0,0.0
2005-02-20 12:54:59,1702.25,-1.0,0.0
2005-02-20 12:59:59,1702.25,-1.0,1.0
2005-02-20 13:04:59,1702.75,-1.0,1.0
2005-02-20 13:10:00,1703.25,-1.0,0.0
2005-02-20 13:14:59,1703.25,0.0,1.0
2005-02-20 13:19:59,1704.25,0.0,1.0
2005-02-20 13:24:59,1704.75,0.0,-1.0
2005-02-20 13:30:00,1703.25,0.0,1.0
2005-02-20 13:34:59,1703.75,0.0,1.0
2005-02-20 13:39:59,1704.25,0.0,1.0
2005-02-20 13:44:59,1705.75,0.0,1.0
2005-02-20 13:49:59,1706.75,0.0,0.0
2005-02-20 13:55:00,1706.75,0.0,0.0
2005-02-20 13:59:59,1706.75,0.0,-1.0
2005-02-20 14:04:59,1706.25,0.0,1.0
2005-02-20 14:09:59,1706.75,0.0,-1.0
2005-02-20 14:15:00,1705.25,0.0,1.0
2005-02-20 14:19:59,1705.75,0.0,1.0
2005-02-20 14:24:59,1706.25,0.0,-1.0
2005-02-20 14:29:59,1705.75,0.0,1.0
2005-02-20 14:34:59,1706.25,0.0,1.0
2005-02-20 14:40:00,1706.75,0.0,1.0
2005-02-20 14:44:59,1707.75,0.0,0.0
2005-02-20 14:49:59,1707.75,0.0,0.0
2005-02-20 14:54:59,1707.75,0.0,1.0
2005-02-20 15:00:00,1708.75,0.0,-1.0
2005-02-20 15:04:59,1708.25,0.0,-1.0
2005-02-20 15:09:59,1707.75,0.0,0.0
2005-02-20 15:14:59,1707.75,0.0,-1.0
2005-02-20 15:19:59,1706.75,0.0,1.0
2005-02-20 15:25:00,1707.75,0.0,1.0
2005-02-20 15:29:59,1708.25,0.0,-1.0
2005-02-20 15:34:59,1707.75,0.0,-1.0
2005-02-20 15:39:59,1705.75,0.0,0.0
2005-02-20 15:45:00,1705.75,0.0,1.0
2005-02-20 15:49:59,1707.75,0.0,-1.0
2005-02-20 15:54:59,1705.75,0.0,-1.0
2005-02-20 15:59:59,1704.75,0.0,-1.0
2005-02-20 16:04:59,1699.75,0.0,1.0
2005-02-20 16:10:00,1701.25,0.0,-1.0
2005-02-20 16:14:59,1698.75,0.0,1.0
2005-02-20 16:19:59,1699.75,0.0,0.0
2005-02-20 16:24:59,1699.75,0.0,-1.0
2005-02-20 16:30:00,1698.75,0.0,1.0
2005-02-20 16:34:59,1699.75,0.0,1.0
2005-02-20 16:39:59,1701.75,0.0,1.0
2005-02-20 16:44:59,1702.25,0.0,-1.0
2005-02-20 16:49:59,1700.75,0.0,-1.0
2005-02-20 16:55:00,1699.25,0.0,-1.0
2005-02-20 16:59:59,1697.25,0.0,-1.0
2005-02-20 17:04:59,1696.25,0.0,1.0
2005-02-20 17:09:59,1697.75,0.0,0.0
2005-02-20 17:15:00,1697.75,0.0,0.0
2005-02-20 17:19:59,1697.75,0.0,1.0
2005-02-20 17:24:59,1700.25,0.0,0.0
2005-02-20 17:29:59,1700.25,0.0,0.0
2005-02-20 17:34:59,1700.25,1.0,1.0
2005-02-20 17:40:00,1701.25,0.0,-1.0
2005-02-20 17:44:59,1700.25,1.0,-1.0
2005-02-20 17:49:59,1698.75,1.0,0.0
2005-02-20 17:54:59,1698.75,0.0,-1.0
2005-02-20 18:00:00,1696.25,0.0,1.0
2005-02-20 18:04:59,1698.75,0.0,1.0
2005-02-20 18:09:59,1700.25,0.0,0.0
2005-02-20 18:14:59,1700.25,0.0,1.0
2005-02-20 18:19:59,1701.25,0.0,-1.0
2005-02-20 18:25:00,1700.75,0.0,-1.0
2005-02-20 18:29:59,1700.25,0.0,-1.0
2005-02-20 18:34:59,1699.75,0.0,-1.0
2005-02-20 18:39:59,1699.25,0.0,0.0
2005-02-20 18:45:00,1699.25,0.0,0.0
2005-02-20 18:49:59,1699.25,1.0,-1.0
2005-02-20 18:54:59,1698.25,1.0,-1.0
2005-02-20 18:59:59,1697.25,1.0,-1.0
2005-02-20 19:04:59,1695.75,1.0,-1.0
2005-02-20 19:10:00,1695.25,1.0,1.0
2005-02-20 19:14:59,1696.25,0.0,-1.0
2005-02-20 19:19:59,1695.25,0.0,-1.0
2005-02-20 19:24:59,1692.25,1.0,0.0
2005-02-20 19:30:00,1692.25,1.0,1.0
2005-02-20 19:34:59,1694.75,1.0,-1.0
2005-02-20 19:39:59,1693.75,1.0,0.0
2005-02-20 19:44:59,1693.75,1.0,1.0
2005-02-20 19:49:59,1694.25,1.0,1.0
2005-02-20 19:55:00,1695.25,1.0,1.0
2005-02-20 19:59:59,1695.75,1.0,-1.0
2005-02-20 20:04:59,1694.75,1.0,-1.0
2005-02-20 20:09:59,1694.25,1.0,0.0
2005-02-20 20:15:00,1694.25,1.0,1.0
2005-02-20 20:19:59,1694.75,1.0,0.0
2005-02-20 20:24:59,1694.75,1.0,-1.0
2005-02-20 20:29:59,1692.75,1.0,-1.0
2005-02-20 20:34:59,1692.25,1.0,-1.0
2005-02-20 20:40:00,1690.25,1.0,-1.0
2005-02-20 20:44:59,1688.75,1.0,0.0
2005-02-20 20:49:59,1688.75,1.0,-1.0
2005-02-20 20:54:59,1686.25,1.0,-1.0
2005-02-20 21:00:00,1682.25,1.0,1.0
2005-02-20 21:04:59,1684.75,1.0,-1.0
2005-02-20 21:09:59,1681.75,1.0,1.0
2005-02-20 21:14:59,1684.25,1.0,-1.0
2005-02-20 21:19:59,1683.25,1.0,-1.0
2005-02-20 21:25:00,1679.75,1.0,-1.0
2005-02-20 21:29:59,1675.25,1.0,1.0
2005-02-20 21:34:59,1676.25,1.0,1.0
2005-02-20 21:39:59,1677.25,1.0,-1.0
2005-02-20 21:45:00,1676.25,1.0,-1.0
2005-02-20 21:49:59,1673.75,0.0,-1.0
2005-02-20 21:54:59,1671.75,1.0,-1.0
2005-02-20 21:59:59,1667.75,1.0,1.0
2005-02-20 22:04:59,1670.25,1.0,1.0
2005-02-20 22:10:00,1672.25,1.0,0.0
2005-02-20 22:14:59,1672.25,1.0,0.0
2005-02-20 22:19:59,1672.25,1.0,0.0
2005-02-20 22:24:59,1672.25,1.0,-1.0
2005-02-20 22:30:00,1671.75,1.0,0.0
2005-02-20 22:34:59,1671.75,1.0,1.0
2005-02-20 22:39:59,1672.25,1.0,0.0
2005-02-20 22:44:59,1672.25,1.0,0.0
2005-02-20 22:49:59,1672.25,1.0,0.0
2005-02-20 22:55:00,1672.25,1.0,0.0
2005-02-20 22:59:59,1672.25,1.0,-1.0
2005-02-20 23:04:59,1671.75,-1.0,-1.0
2005-02-20 23:09:59,1671.25,1.0,0.0
2005-02-20 23:15:00,1671.25,1.0,-1.0
2005-02-20 23:19:59,1670.25,1.0,0.0
2005-02-20 23:24:59,1670.25,1.0,0.0
2005-02-21 00:00:00,1670.25,1.0,0.0
2005-02-21 00:04:59,1670.25,1.0,1.0
2005-02-21 00:09:59,1670.75,1.0,1.0
2005-02-21 00:14:59,1671.25,1.0,-1.0
2005-02-21 00:19:59,1670.75,1.0,-1.0
2005-02-21 00:25:00,1670.25,1.0,0.0
2005-02-21 00:29:59,1670.25,1.0,1.0
2005-02-21 00:34:59,1671.25,-1.0,0.0
2005-02-21 00:39:59,1671.25,-1.0,-1.0
2005-02-21 00:45:00,1670.75,-1.0,1.0
2005-02-21 00:49:59,1671.25,-1.0,0.0
2005-02-21 00:54:59,1671.25,-1.0,0.0
2005-02-21 00:59:59,1671.25,-1.0,0.0
2005-02-21 01:04:59,1671.25,-1.0,1.0
2005-02-21 01:10:00,1671.75,-1.0,-1.0
2005-02-21 01:14:59,1670.75,-1.0,0.0
2005-02-21 01:19:59,1670.75,-1.0,1.0
2005-02-21 01:24:59,1671.75,-1.0,0.0
2005-02-21 01:30:00,1671.75,1.0,1.0
2005-02-21 01:34:59,1672.25,-1.0,0.0
2005-02-21 01:39:59,1672.25,-1.0,0.0
2005-02-21 01:44:59,1672.25,-1.0,1.0
2005-02-21 01:49:59,1672.75,-1.0,1.0
2005-02-21 01:55:00,1673.25,-1.0,-1.0
2005-02-21 01:59:59,1671.75,-1.0,0.0
2005-02-21 02:04:59,1671.75,-1.0,1.0
2005-02-21 02:09:59,1672.25,-1.0,1.0
2005-02-21 02:15:00,1672.75,-1.0,0.0
2005-02-21 02:19:59,1672.75,-1.0,0.0
2005-02-21 02:24:59,1672.75,-1.0,-1.0
2005-02-21 02:29:59,1672.25,-1.0,0.0
2005-02-21 02:34:59,1672.25,-1.0,0.0
2005-02-21 02:40:00,1672.25,-1.0,0.0
2005-02-21 02:44:59,1672.25,1.0,-1.0
2005-02-21 02:49:59,1671.25,-1.0,1.0
2005-02-21 02:54:59,1671.75,1.0,0.0
2005-02-21 03:00:00,1671.75,1.0,0.0
2005-02-21 03:04:59,1671.75,1.0,1.0
2005-02-21 03:09:59,1672.25,-1.0,0.0
2005-02-21 03:14:59,1672.25,-1.0,-1.0
2005-02-21 03:19:59,1671.75,-1.0,0.0
2005-02-21 03:25:00,1671.75,-1.0,1.0
2005-02-21 03:29:59,1672.25,1.0,0.0
2005-02-21 03:34:59,1672.25,1.0,1.0
2005-02-21 03:39:59,1672.75,1.0,-1.0
2005-02-21 03:45:00,1672.25,1.0,1.0
2005-02-21 03:49:59,1672.75,1.0,0.0
2005-02-21 03:54:59,1672.75,1.0,0.0
2005-02-21 03:59:59,1672.75,0.0,-1.0
2005-02-21 04:04:59,1672.25,1.0,1.0
2005-02-21 04:10:00,1673.25,1.0,0.0
2005-02-21 04:14:59,1673.25,0.0,-1.0
2005-02-21 04:19:59,1672.75,1.0,0.0
2005-02-21 04:24:59,1672.75,0.0,-1.0
2005-02-21 04:30:00,1672.25,-1.0,1.0
2005-02-21 04:34:59,1672.75,0.0,-1.0
2005-02-21 04:39:59,1672.25,0.0,1.0
2005-02-21 04:44:59,1672.75,0.0,0.0
2005-02-21 04:49:59,1672.75,0.0,-1.0
2005-02-21 04:55:00,1672.25,-1.0,0.0
2005-02-21 04:59:59,1672.25,0.0,1.0
2005-02-21 05:04:59,1672.75,0.0,-1.0
2005-02-21 05:09:59,1672.25,0.0,0.0
2005-02-21 05:15:00,1672.25,0.0,0.0
2005-02-21 05:19:59,1672.25,0.0,-1.0
2005-02-21 05:24:59,1671.75,0.0,-1.0
2005-02-21 05:29:59,1671.25,0.0,0.0
2005-02-21 05:34:59,1671.25,0.0,0.0
2005-02-21 05:40:00,1671.25,0.0,1.0
2005-02-21 05:44:59,1671.75,0.0,0.0
2005-02-21 05:49:59,1671.75,1.0,-1.0
2005-02-21 05:54:59,1671.25,1.0,0.0
2005-02-21 06:00:00,1671.25,-1.0,1.0
2005-02-21 06:04:59,1672.25,0.0,0.0
2005-02-21 06:09:59,1672.25,1.0,0.0
2005-02-21 06:14:59,1672.25,1.0,1.0
2005-02-21 06:19:59,1672.75,-1.0,0.0
2005-02-21 06:25:00,1672.75,1.0,1.0
2005-02-21 06:29:59,1673.25,1.0,-1.0
2005-02-21 06:34:59,1671.75,1.0,-1.0
2005-02-21 06:39:59,1671.25,0.0,0.0
2005-02-21 06:45:00,1671.25,-1.0,0.0
2005-02-21 06:49:59,1671.25,0.0,1.0
2005-02-21 06:54:59,1671.75,1.0,0.0
2005-02-21 06:59:59,1671.75,1.0,1.0
2005-02-21 07:04:59,1672.25,-1.0,1.0
2005-02-21 07:10:00,1672.75,-1.0,0.0
2005-02-21 07:14:59,1672.75,-1.0,0.0
2005-02-21 07:19:59,1672.75,1.0,0.0
2005-02-21 07:24:59,1672.75,1.0,0.0
2005-02-21 07:30:00,1672.75,1.0,0.0
2005-02-21 07:34:59,1672.75,1.0,0.0
2005-02-21 07:39:59,1672.75,1.0,-1.0
2005-02-21 07:44:59,1672.25,1.0,1.0
2005-02-21 07:49:59,1673.25,-1.0,0.0
2005-02-21 07:55:00,1673.25,1.0,0.0
2005-02-21 07:59:59,1673.25,1.0,0.0
2005-02-21 08:04:59,1673.25,1.0,1.0
2005-02-21 08:09:59,1673.75,1.0,-1.0
2005-02-21 08:15:00,1672.25,1.0,-1.0
2005-02-21 08:19:59,1671.75,1.0,0.0
2005-02-21 08:24:59,1671.75,1.0,1.0
2005-02-21 08:29:59,1672.25,1.0,0.0
2005-02-21 08:34:59,1672.25,1.0,0.0
2005-02-21 08:40:00,1672.25,1.0,1.0
2005-02-21 08:44:59,1672.75,1.0,0.0
2005-02-21 08:49:59,1672.75,-1.0,1.0
2005-02-21 08:54:59,1674.25,-1.0,-1.0
2005-02-21 09:00:00,1673.25,1.0,0.0
2005-02-21 09:04:59,1673.25,1.0,0.0
2005-02-21 09:09:59,1673.25,1.0,-1.0
2005-02-21 09:14:59,1672.25,-1.0,1.0
2005-02-21 09:19:59,1672.75,-1.0,1.0
2005-02-21 09:25:00,1673.25,1.0,-1.0
2005-02-21 09:29:59,1672.75,1.0,1.0
2005-02-21 09:34:59,1673.25,1.0,0.0
2005-02-21 09:39:59,1673.25,-1.0,0.0
2005-02-21 09:45:00,1673.25,-1.0,0.0
2005-02-21 09:49:59,1673.25,1.0,1.0
2005-02-21 09:54:59,1674.25,-1.0,1.0
2005-02-21 09:59:59,1675.25,1.0,1.0
2005-02-21 10:04:59,1676.25,1.0,0.0
2005-02-21 10:10:00,1676.25,1.0,1.0
2005-02-21 10:14:59,1676.75,1.0,-1.0
2005-02-21 10:19:59,1676.25,1.0,-1.0
2005-02-21 10:24:59,1675.75,-1.0,0.0
2005-02-21 10:30:00,1675.75,1.0,-1.0
2005-02-21 10:34:59,1675.25,1.0,1.0
2005-02-21 10:39:59,1675.75,1.0,1.0
2005-02-21 10:44:59,1676.75,1.0,0.0
2005-02-21 10:49:59,1676.75,-1.0,0.0
2005-02-21 10:55:00,1676.75,-1.0,0.0
2005-02-21 10:59:59,1676.75,-1.0,0.0
2005-02-21 11:04:59,1676.75,-1.0,0.0
2005-02-21 11:09:59,1676.75,-1.0,-1.0
2005-02-21 11:15:00,1676.25,-1.0,1.0
2005-02-21 11:19:59,1676.75,-1.0,0.0
2005-02-21 11:24:59,1676.75,-1.0,0.0
2005-02-21 11:29:59,1676.75,-1.0,0.0
2005-02-21 11:34:59,1676.75,-1.0,-1.0
2005-02-21 11:40:00,1676.25,-1.0,-1.0
2005-02-21 11:44:59,1675.75,-1.0,1.0
2005-02-21 11:49:59,1676.25,-1.0,1.0
2005-02-21 11:54:59,1677.75,0.0,-1.0
2005-02-21 12:00:00,1676.25,0.0,-1.0
2005-02-21 12:04:59,1674.75,-1.0,0.0
2005-02-21 12:09:59,1674.75,-1.0,0.0
2005-02-21 12:14:59,1674.75,1.0,0.0
2005-02-21 12:19:59,1674.75,1.0,0.0
2005-02-21 12:25:00,1674.75,1.0,-1.0
2005-02-21 12:29:59,1673.75,0.0,-1.0
2005-02-21 12:34:59,1673.25,-1.0,0.0
2005-02-21 12:39:59,1673.25,0.0,1.0
2005-02-21 12:45:00,1674.25,1.0,1.0
2005-02-21 12:49:59,1674.75,1.0,1.0
2005-02-21 12:54:59,1675.75,1.0,-1.0
2005-02-21 12:59:59,1674.25,0.0,1.0
2005-02-21 13:04:59,1674.75,1.0,-1.0
2005-02-21 13:10:00,1672.25,1.0,0.0
2005-02-21 13:14:59,1672.25,-1.0,0.0
2005-02-21 13:19:59,1672.25,-1.0,0.0
2005-02-21 13:24:59,1672.25,-1.0,0.0
2005-02-21 13:30:00,1672.25,1.0,0.0
2005-02-21 13:34:59,1672.25,1.0,0.0
2005-02-21 13:39:59,1672.25,-1.0,0.0
2005-02-21 13:44:59,1672.25,-1.0,-1.0
2005-02-21 13:49:59,1671.75,-1.0,1.0
2005-02-21 13:55:00,1672.75,-1.0,0.0
2005-02-21 13:59:59,1672.75,-1.0,-1.0
2005-02-21 14:04:59,1672.25,-1.0,1.0
2005-02-21 14:09:59,1673.25,-1.0,1.0
2005-02-21 14:15:00,1674.25,-1.0,0.0
2005-02-21 14:19:59,1674.25,-1.0,-1.0
2005-02-21 14:24:59,1673.75,-1.0,-1.0
2005-02-21 14:29:59,1671.75,-1.0,-1.0
2005-02-21 14:34:59,1671.25,-1.0,-1.0
2005-02-21 14:40:00,1670.75,-1.0,1.0
2005-02-21 14:44:59,1672.25,-1.0,-1.0
2005-02-21 14:49:59,1671.75,-1.0,1.0
2005-02-21 14:54:59,1672.75,-1.0,0.0
2005-02-21 15:00:00,1672.75,-1.0,1.0
2005-02-21 15:04:59,1673.75,-1.0,0.0
2005-02-21 15:09:59,1673.75,-1.0,-1.0
2005-02-21 15:14:59,1672.75,1.0,1.0
2005-02-21 15:19:59,1673.75,1.0,0.0
2005-02-21 15:25:00,1673.75,1.0,0.0
2005-02-21 15:29:59,1673.75,1.0,-1.0
2005-02-21 15:34:59,1668.75,-1.0,-1.0
2005-02-21 15:39:59,1663.25,-1.0,1.0
2005-02-21 15:45:00,1666.75,1.0,0.0
2005-02-21 15:49:59,1666.75,1.0,-1.0
2005-02-21 15:54:59,1664.75,-1.0,1.0
2005-02-21 15:59:59,1666.25,1.0,1.0
2005-02-21 16:04:59,1669.75,-1.0,-1.0
2005-02-21 16:10:00,1669.25,-1.0,1.0
2005-02-21 16:14:59,1670.75,1.0,-1.0
2005-02-21 16:19:59,1666.75,-1.0,-1.0
2005-02-21 16:24:59,1666.25,1.0,0.0
2005-02-21 16:30:00,1666.25,1.0,-1.0
2005-02-21 16:34:59,1661.75,-1.0,-1.0
2005-02-21 16:39:59,1657.75,1.0,1.0
2005-02-21 16:44:59,1659.25,1.0,-1.0
2005-02-21 16:49:59,1658.75,1.0,0.0
2005-02-21 16:55:00,1658.75,1.0,1.0
2005-02-21 16:59:59,1660.25,1.0,1.0
2005-02-21 17:04:59,1663.25,0.0,-1.0
2005-02-21 17:09:59,1662.25,0.0,-1.0
2005-02-21 17:15:00,1661.75,-1.0,1.0
2005-02-21 17:19:59,1662.75,0.0,1.0
2005-02-21 17:24:59,1663.25,0.0,1.0
2005-02-21 17:29:59,1665.75,0.0,-1.0
2005-02-21 17:34:59,1664.75,0.0,-1.0
2005-02-21 17:40:00,1663.75,0.0,1.0
2005-02-21 17:44:59,1664.25,0.0,1.0
2005-02-21 17:49:59,1665.25,0.0,0.0
2005-02-21 17:54:59,1665.25,0.0,0.0
2005-02-21 18:00:00,1665.25,0.0,-1.0
2005-02-21 18:04:59,1663.75,0.0,-1.0
2005-02-21 18:09:59,1661.75,0.0,0.0
2005-02-21 18:14:59,1661.75,0.0,0.0
2005-02-21 18:19:59,1661.75,0.0,-1.0
2005-02-21 18:25:00,1660.75,0.0,1.0
2005-02-21 18:29:59,1661.25,-1.0,-1.0
2005-02-21 18:34:59,1660.75,0.0,-1.0
2005-02-21 18:39:59,1660.25,-1.0,-1.0
2005-02-21 18:45:00,1659.75,-1.0,-1.0
2005-02-21 18:49:59,1656.75,-1.0,-1.0
2005-02-21 18:54:59,1656.25,0.0,1.0
2005-02-21 18:59:59,1657.25,-1.0,1.0
2005-02-21 19:04:59,1657.75,-1.0,-1.0
2005-02-21 19:10:00,1657.25,0.0,1.0
2005-02-21 19:14:59,1658.75,0.0,-1.0
2005-02-21 19:19:59,1658.25,-1.0,1.0
2005-02-21 19:24:59,1658.75,-1.0,-1.0
2005-02-21 19:30:00,1658.25,0.0,1.0
2005-02-21 19:34:59,1661.75,1.0,1.0
2005-02-21 19:39:59,1662.75,0.0,1.0
2005-02-21 19:44:59,1663.25,0.0,1.0
2005-02-21 19:49:59,1667.75,0.0,-1.0
2005-02-21 19:55:00,1666.75,-1.0,1.0
2005-02-21 19:59:59,1667.25,0.0,1.0
2005-02-21 20:04:59,1671.75,-1.0,-1.0
2005-02-21 20:09:59,1670.75,-1.0,1.0
2005-02-21 20:15:00,1672.75,-1.0,-1.0
2005-02-21 20:19:59,1672.25,-1.0,-1.0
2005-02-21 20:24:59,1671.75,-1.0,1.0
2005-02-21 20:29:59,1674.75,0.0,-1.0
2005-02-21 20:34:59,1673.75,-1.0,1.0
2005-02-21 20:40:00,1674.75,-1.0,1.0
2005-02-21 20:44:59,1676.25,-1.0,-1.0
2005-02-21 20:49:59,1675.75,0.0,-1.0
2005-02-21 20:54:59,1671.25,-1.0,0.0
2005-02-21 21:00:00,1671.25,-1.0,1.0
2005-02-21 21:04:59,1671.75,-1.0,-1.0
2005-02-21 21:09:59,1670.25,-1.0,-1.0
2005-02-21 21:14:59,1669.25,-1.0,1.0
2005-02-21 21:19:59,1670.25,-1.0,1.0
2005-02-21 21:25:00,1670.75,0.0,-1.0
2005-02-21 21:29:59,1670.25,-1.0,0.0
2005-02-21 21:34:59,1670.25,0.0,-1.0
2005-02-21 21:39:59,1667.25,0.0,1.0
2005-02-21 21:45:00,1668.25,0.0,-1.0
2005-02-21 21:49:59,1667.75,0.0,1.0
2005-02-21 21:54:59,1669.25,0.0,0.0
2005-02-21 21:59:59,1669.25,0.0,-1.0
2005-02-21 22:04:59,1668.75,0.0,-1.0
2005-02-21 22:10:00,1668.25,0.0,1.0
2005-02-24 00:29:59,1669.25,1.0,-1.0
2005-02-24 00:34:59,1668.25,0.0,1.0
2005-02-24 00:39:59,1668.75,0.0,-1.0
2005-02-24 00:45:00,1668.25,0.0,0.0
2005-02-24 00:49:59,1668.25,0.0,0.0
2005-02-24 00:54:59,1668.25,0.0,0.0
2005-02-24 00:59:59,1668.25,0.0,-1.0
2005-02-24 01:04:59,1667.75,0.0,0.0
2005-02-24 01:10:00,1667.75,-1.0,1.0
2005-02-24 01:14:59,1668.25,1.0,0.0
2005-02-24 01:19:59,1668.25,-1.0,0.0
2005-02-24 01:24:59,1668.25,1.0,-1.0
2005-02-24 01:30:00,1667.75,1.0,0.0
2005-02-24 01:34:59,1667.75,1.0,0.0
2005-02-24 01:39:59,1667.75,1.0,0.0
2005-02-24 01:44:59,1667.75,1.0,0.0
2005-02-24 01:49:59,1667.75,1.0,1.0
2005-02-24 01:55:00,1668.75,0.0,0.0
2005-02-24 01:59:59,1668.75,0.0,-1.0
2005-02-24 02:04:59,1668.25,1.0,1.0
2005-02-24 02:09:59,1668.75,1.0,1.0
2005-02-24 02:15:00,1669.25,1.0,1.0
2005-02-24 02:19:59,1669.75,0.0,0.0
2005-02-24 02:24:59,1669.75,0.0,0.0
2005-02-24 02:29:59,1669.75,0.0,0.0
2005-02-24 02:34:59,1669.75,0.0,0.0
2005-02-24 02:40:00,1669.75,0.0,-1.0
2005-02-24 02:44:59,1669.25,1.0,1.0
2005-02-24 02:49:59,1669.75,0.0,1.0
2005-02-24 02:54:59,1670.75,0.0,-1.0
2005-02-24 03:00:00,1670.25,0.0,0.0
2005-02-24 03:04:59,1670.25,0.0,0.0
2005-02-24 03:09:59,1670.25,0.0,0.0
2005-02-24 03:14:59,1670.25,0.0,0.0
2005-02-24 03:19:59,1670.25,0.0,0.0
2005-02-24 03:25:00,1670.25,0.0,-1.0
2005-02-24 03:29:59,1669.75,0.0,0.0
2005-02-24 03:34:59,1669.75,0.0,0.0
2005-02-24 03:39:59,1669.75,0.0,0.0
2005-02-24 03:45:00,1669.75,0.0,-1.0
2005-02-24 03:49:59,1669.25,0.0,1.0
2005-02-24 03:54:59,1669.75,0.0,0.0
2005-02-24 03:59:59,1669.75,0.0,0.0
2005-02-24 04:04:59,1669.75,0.0,-1.0
2005-02-24 04:10:00,1669.25,0.0,0.0
2005-02-24 04:14:59,1669.25,0.0,0.0
2005-02-24 04:19:59,1669.25,0.0,1.0
2005-02-24 04:24:59,1669.75,0.0,0.0
2005-02-24 04:30:00,1669.75,0.0,0.0
2005-02-24 04:34:59,1669.75,0.0,0.0
2005-02-24 04:39:59,1669.75,0.0,-1.0
2005-02-24 04:44:59,1669.25,0.0,0.0
2005-02-24 04:49:59,1669.25,0.0,0.0
2005-02-24 04:55:00,1669.25,0.0,1.0
2005-02-24 04:59:59,1669.75,0.0,0.0
2005-02-24 05:04:59,1669.75,0.0,0.0
2005-02-24 05:09:59,1669.75,0.0,0.0
2005-02-24 05:15:00,1669.75,0.0,0.0
2005-02-24 05:19:59,1669.75,1.0,0.0
2005-02-24 05:24:59,1669.75,0.0,0.0
2005-02-24 05:29:59,1669.75,0.0,0.0
2005-02-24 05:34:59,1669.75,0.0,0.0
2005-02-24 05:40:00,1669.75,0.0,0.0
2005-02-24 05:44:59,1669.75,1.0,0.0
2005-02-24 05:49:59,1669.75,1.0,1.0
2005-02-24 05:54:59,1671.25,1.0,-1.0
2005-02-24 06:00:00,1670.25,1.0,0.0
2005-02-24 06:04:59,1670.25,1.0,0.0
2005-02-24 06:09:59,1670.25,1.0,0.0
2005-02-24 06:14:59,1670.25,1.0,0.0
2005-02-24 06:19:59,1670.25,1.0,1.0
2005-02-24 06:25:00,1671.25,1.0,0.0
2005-02-24 06:29:59,1671.25,-1.0,0.0
2005-02-24 06:34:59,1671.25,-1.0,0.0
2005-02-24 06:39:59,1671.25,1.0,1.0
2005-02-24 06:45:00,1671.75,1.0,0.0
2005-02-24 06:49:59,1671.75,1.0,0.0
2005-02-24 06:54:59,1671.75,1.0,-1.0
2005-02-24 06:59:59,1671.25,1.0,0.0
2005-02-24 07:04:59,1671.25,1.0,0.0
2005-02-24 07:10:00,1671.25,-1.0,1.0
2005-02-24 07:14:59,1671.75,-1.0,-1.0
2005-02-24 07:19:59,1671.25,-1.0,0.0
2005-02-24 07:24:59,1671.25,0.0,1.0
2005-02-24 07:30:00,1671.75,0.0,-1.0
2005-02-24 07:34:59,1671.25,0.0,0.0
2005-02-24 07:39:59,1671.25,0.0,1.0
2005-02-24 07:44:59,1671.75,0.0,0.0
2005-02-24 07:49:59,1671.75,0.0,1.0
2005-02-24 07:55:00,1672.25,0.0,0.0
2005-02-24 07:59:59,1672.25,0.0,0.0
2005-02-24 08:04:59,1672.25,0.0,-1.0
2005-02-24 08:09:59,1670.75,0.0,0.0
2005-02-24 08:15:00,1670.75,0.0,1.0
2005-02-24 08:19:59,1671.25,0.0,0.0
2005-02-24 08:24:59,1671.25,0.0,0.0
2005-02-24 08:29:59,1671.25,0.0,-1.0
2005-02-24 08:34:59,1670.75,0.0,0.0
2005-02-24 08:40:00,1670.75,0.0,1.0
2005-02-24 08:44:59,1671.25,0.0,-1.0
2005-02-24 08:49:59,1670.25,0.0,0.0
2005-02-24 08:54:59,1670.25,0.0,0.0
2005-02-24 09:00:00,1670.25,0.0,1.0
2005-02-24 09:04:59,1670.75,0.0,-1.0
2005-02-24 09:09:59,1670.25,0.0,1.0
2005-02-24 09:14:59,1670.75,0.0,1.0
2005-02-24 09:19:59,1672.25,0.0,1.0
2005-02-24 09:25:00,1672.75,0.0,-1.0
2005-02-24 09:29:59,1672.25,0.0,-1.0
2005-02-24 09:34:59,1671.75,0.0,1.0
2005-02-24 09:39:59,1672.25,0.0,0.0
2005-02-24 09:45:00,1672.25,0.0,0.0
2005-02-24 09:49:59,1672.25,0.0,0.0
2005-02-24 09:54:59,1672.25,0.0,0.0
2005-02-24 09:59:59,1672.25,0.0,0.0
2005-02-24 10:04:59,1672.25,0.0,0.0
2005-02-24 10:10:00,1672.25,0.0,0.0
2005-02-24 10:14:59,1672.25,1.0,0.0
2005-02-24 10:19:59,1672.25,1.0,-1.0
2005-02-24 10:24:59,1671.75,1.0,0.0
2005-02-24 10:30:00,1671.75,1.0,0.0
2005-02-24 10:34:59,1671.75,1.0,0.0
2005-02-24 10:39:59,1671.75,0.0,0.0
2005-02-24 10:44:59,1671.75,0.0,0.0
2005-02-24 10:49:59,1671.75,0.0,0.0
2005-02-24 10:55:00,1671.75,1.0,0.0
2005-02-24 10:59:59,1671.75,0.0,0.0
2005-02-24 11:04:59,1671.75,0.0,0.0
2005-02-24 11:09:59,1671.75,-1.0,0.0
2005-02-24 11:15:00,1671.75,-1.0,-1.0
2005-02-24 11:19:59,1671.25,-1.0,1.0
2005-02-24 11:24:59,1671.75,0.0,-1.0
2005-02-24 11:29:59,1671.25,0.0,1.0
2005-02-24 11:34:59,1671.75,1.0,-1.0
2005-02-24 11:40:00,1671.25,1.0,0.0
2005-02-24 11:44:59,1671.25,-1.0,1.0
2005-02-24 11:49:59,1671.75,0.0,0.0
2005-02-24 11:54:59,1671.75,0.0,0.0
2005-02-24 12:00:00,1671.75,0.0,0.0
2005-02-24 12:04:59,1671.75,1.0,0.0
2005-02-24 12:09:59,1671.75,1.0,1.0
2005-02-24 12:14:59,1672.25,1.0,-1.0
2005-02-24 12:19:59,1671.75,1.0,0.0
2005-02-24 12:25:00,1671.75,1.0,1.0
2005-02-24 12:29:59,1672.25,-1.0,0.0
2005-02-24 12:34:59,1672.25,-1.0,0.0
2005-02-24 12:39:59,1672.25,0.0,0.0
2005-02-24 12:45:00,1672.25,0.0,1.0
2005-02-24 12:49:59,1672.75,0.0,1.0
2005-02-24 12:54:59,1673.25,0.0,0.0
2005-02-24 12:59:59,1673.25,0.0,-1.0
2005-02-24 13:04:59,1672.75,0.0,0.0
2005-02-24 13:10:00,1672.75,0.0,0.0
2005-02-24 13:14:59,1672.75,0.0,-1.0
2005-02-24 13:19:59,1672.25,0.0,0.0
2005-02-24 13:24:59,1672.25,0.0,1.0
2005-02-24 13:30:00,1675.75,0.0,0.0
2005-02-24 13:34:59,1675.75,0.0,1.0
2005-02-24 13:39:59,1676.75,1.0,1.0
2005-02-24 13:44:59,1677.25,1.0,0.0
2005-02-24 13:49:59,1677.25,1.0,-1.0
2005-02-24 13:55:00,1676.75,1.0,-1.0
2005-02-24 13:59:59,1675.25,1.0,1.0
2005-02-24 14:04:59,1675.75,1.0,-1.0
2005-02-24 14:09:59,1675.25,-1.0,1.0
2005-02-24 14:15:00,1676.25,-1.0,0.0
2005-02-24 14:19:59,1676.25,1.0,-1.0
2005-02-24 14:24:59,1675.75,1.0,-1.0
2005-02-24 14:29:59,1675.25,-1.0,1.0
2005-02-24 14:34:59,1675.75,1.0,0.0
2005-02-24 14:40:00,1675.75,1.0,-1.0
2005-02-24 14:44:59,1675.25,-1.0,-1.0
2005-02-24 14:49:59,1674.25,-1.0,1.0
2005-02-24 14:54:59,1674.75,1.0,1.0
2005-02-24 15:00:00,1675.75,1.0,-1.0
2005-02-24 15:04:59,1675.25,-1.0,0.0
2005-02-24 15:09:59,1675.25,1.0,0.0
2005-02-24 15:14:59,1675.25,-1.0,-1.0
2005-02-24 15:19:59,1674.25,-1.0,-1.0
2005-02-24 15:25:00,1672.75,-1.0,-1.0
2005-02-24 15:29:59,1672.25,-1.0,0.0
2005-02-24 15:34:59,1672.25,-1.0,-1.0
2005-02-24 15:39:59,1667.25,-1.0,-1.0
2005-02-24 15:45:00,1663.75,-1.0,-1.0
2005-02-24 15:49:59,1663.25,-1.0,1.0
2005-02-24 15:54:59,1664.75,-1.0,1.0
2005-02-24 15:59:59,1665.25,-1.0,-1.0
2005-02-24 16:04:59,1663.25,-1.0,-1.0
2005-02-24 16:10:00,1657.75,1.0,-1.0
2005-02-24 16:14:59,1657.25,1.0,-1.0
2005-02-24 16:19:59,1656.25,1.0,1.0
2005-02-24 16:24:59,1657.25,1.0,-1.0
2005-02-24 16:30:00,1656.25,1.0,-1.0
2005-02-24 16:34:59,1655.75,1.0,0.0
2005-02-24 16:39:59,1655.75,1.0,1.0
2005-02-24 16:44:59,1657.25,1.0,1.0
2005-02-24 16:49:59,1660.25,1.0,-1.0
2005-02-24 16:55:00,1659.75,0.0,0.0
2005-02-24 16:59:59,1659.75,0.0,-1.0
2005-02-24 17:04:59,1657.25,0.0,-1.0
2005-02-24 17:09:59,1656.75,1.0,0.0
2005-02-24 17:15:00,1656.75,1.0,1.0
2005-02-24 17:19:59,1657.75,1.0,-1.0
2005-02-24 17:24:59,1650.75,1.0,1.0
2005-02-24 17:29:59,1651.25,1.0,-1.0
2005-02-24 17:34:59,1650.25,1.0,0.0
2005-02-24 17:40:00,1650.25,1.0,1.0
2005-02-24 17:44:59,1651.25,1.0,-1.0
2005-02-24 17:49:59,1649.75,1.0,-1.0
2005-02-24 17:54:59,1647.25,1.0,0.0
2005-02-24 18:00:00,1647.25,1.0,-1.0
2005-02-24 18:04:59,1646.25,1.0,1.0
2005-02-24 18:09:59,1647.75,-1.0,1.0
2005-02-24 18:14:59,1648.75,1.0,0.0
2005-02-24 18:19:59,1648.75,0.0,1.0
2005-02-24 18:25:00,1649.75,0.0,0.0
2005-02-24 18:29:59,1649.75,0.0,1.0
2005-02-24 18:34:59,1650.25,0.0,1.0
2005-02-24 18:39:59,1650.75,1.0,-1.0
2005-02-24 18:45:00,1649.75,1.0,-1.0
2005-02-24 18:49:59,1649.25,1.0,-1.0
2005-02-24 18:54:59,1648.25,1.0,1.0
2005-02-24 18:59:59,1651.75,1.0,1.0
2005-02-24 19:04:59,1653.25,1.0,0.0
2005-02-24 19:10:00,1653.25,1.0,-1.0
2005-02-24 19:14:59,1652.25,1.0,-1.0
2005-02-24 19:19:59,1651.75,1.0,-1.0
2005-02-24 19:24:59,1650.25,1.0,1.0
2005-02-24 19:30:00,1650.75,1.0,-1.0
2005-02-24 19:34:59,1648.75,1.0,-1.0
2005-02-24 19:39:59,1646.75,1.0,1.0
2005-02-24 19:44:59,1647.75,1.0,1.0
2005-02-24 19:49:59,1648.75,1.0,-1.0
2005-02-24 19:55:00,1648.25,1.0,-1.0
2005-02-24 19:59:59,1647.25,1.0,-1.0
2005-02-24 20:04:59,1642.25,0.0,-1.0
2005-02-24 20:09:59,1640.25,0.0,1.0
2005-02-24 20:15:00,1642.75,0.0,1.0
2005-02-24 20:19:59,1643.25,0.0,-1.0
2005-02-24 20:24:59,1641.75,0.0,1.0
2005-02-24 20:29:59,1643.25,0.0,-1.0
2005-02-24 20:34:59,1642.75,0.0,0.0
2005-02-24 20:40:00,1642.75,0.0,1.0
2005-02-24 20:44:59,1643.25,1.0,-1.0
2005-02-24 20:49:59,1639.75,1.0,1.0
2005-02-24 20:54:59,1640.25,0.0,1.0
2005-02-24 21:00:00,1642.75,1.0,1.0
2005-02-24 21:04:59,1644.75,1.0,-1.0
2005-02-24 21:09:59,1644.25,1.0,0.0
2005-02-24 21:14:59,1644.25,1.0,0.0
2005-02-24 21:19:59,1644.25,1.0,0.0
2005-02-24 21:25:00,1644.25,1.0,-1.0
2005-02-24 21:29:59,1643.25,1.0,1.0
2005-02-24 21:34:59,1644.75,1.0,1.0
2005-02-24 21:39:59,1647.75,1.0,1.0
2005-02-24 21:45:00,1648.75,1.0,-1.0
2005-02-24 21:49:59,1648.25,1.0,1.0
2005-02-24 21:54:59,1648.75,1.0,1.0
2005-02-24 21:59:59,1649.25,1.0,-1.0
2005-02-24 22:04:59,1648.75,1.0,1.0
2005-02-24 22:10:00,1651.25,1.0,0.0
2005-02-24 22:14:59,1651.25,1.0,0.0
2005-02-24 22:19:59,1651.25,1.0,0.0
2005-02-24 22:24:59,1651.25,1.0,-1.0
2005-02-24 22:30:00,1650.75,1.0,0.0
2005-02-24 22:34:59,1650.75,-1.0,-1.0
2005-02-24 22:39:59,1650.25,-1.0,1.0
2005-02-24 22:44:59,1650.75,-1.0,-1.0
2005-02-24 22:49:59,1649.75,-1.0,0.0
2005-02-24 22:55:00,1649.75,1.0,1.0
2005-02-24 22:59:59,1650.25,1.0,-1.0
2005-02-24 23:04:59,1649.75,1.0,1.0
2005-02-24 23:09:59,1650.25,1.0,-1.0
2005-02-24 23:15:00,1649.25,1.0,1.0
2005-02-24 23:19:59,1649.75,1.0,-1.0
2005-02-24 23:24:59,1648.75,1.0,0.0
2005-02-24 23:29:59,1648.75,1.0,0.0
2005-02-25 00:00:00,1648.75,1.0,0.0
2005-02-25 00:04:59,1648.75,1.0,0.0
2005-02-25 00:09:59,1648.75,1.0,0.0
2005-02-25 00:14:59,1648.75,1.0,0.0
2005-02-25 00:19:59,1648.75,1.0,-1.0
2005-02-25 00:25:00,1648.25,1.0,1.0
2005-02-25 00:29:59,1648.75,1.0,0.0
2005-02-25 00:34:59,1648.75,1.0,-1.0
2005-02-25 00:39:59,1648.25,1.0,0.0
2005-02-25 00:45:00,1648.25,1.0,0.0
2005-02-25 00:49:59,1648.25,0.0,1.0
2005-02-25 00:54:59,1648.75,1.0,0.0
2005-02-25 00:59:59,1648.75,1.0,1.0
2005-02-25 01:04:59,1649.25,1.0,0.0
2005-02-25 01:10:00,1649.25,1.0,0.0
2005-02-25 01:14:59,1649.25,1.0,0.0
2005-02-25 01:19:59,1649.25,1.0,0.0
2005-02-25 01:24:59,1649.25,1.0,0.0
2005-02-25 01:30:00,1649.25,1.0,0.0
2005-02-25 01:34:59,1649.25,1.0,0.0
2005-02-25 01:39:59,1649.25,1.0,0.0
2005-02-25 01:44:59,1649.25,1.0,1.0
2005-02-25 01:49:59,1649.75,1.0,-1.0
2005-02-25 01:55:00,1648.75,1.0,1.0
2005-02-25 01:59:59,1649.75,1.0,0.0
2005-02-25 02:04:59,1649.75,-1.0,-1.0
2005-02-25 02:09:59,1649.25,-1.0,0.0
2005-02-25 02:15:00,1649.25,1.0,0.0
2005-02-25 02:19:59,1649.25,1.0,-1.0
2005-02-25 02:24:59,1648.75,1.0,1.0
2005-02-25 02:29:59,1649.75,1.0,-1.0
2005-02-25 02:34:59,1649.25,1.0,0.0
2005-02-25 02:40:00,1649.25,1.0,0.0
2005-02-25 02:44:59,1649.25,1.0,0.0
2005-02-25 02:49:59,1649.25,1.0,1.0
2005-02-25 02:54:59,1649.75,1.0,0.0
2005-02-25 03:00:00,1649.75,1.0,0.0
2005-02-25 03:04:59,1649.75,1.0,0.0
2005-02-25 03:09:59,1649.75,1.0,0.0
2005-02-25 03:14:59,1649.75,1.0,0.0
2005-02-25 03:19:59,1649.75,-1.0,0.0
2005-02-25 03:25:00,1649.75,1.0,0.0
2005-02-25 03:29:59,1649.75,1.0,0.0
2005-02-25 03:34:59,1649.75,1.0,0.0
2005-02-25 03:39:59,1649.75,1.0,0.0
2005-02-25 03:45:00,1649.75,1.0,1.0
2005-02-25 03:49:59,1650.75,1.0,-1.0
2005-02-25 03:54:59,1650.25,1.0,1.0
2005-02-25 03:59:59,1650.75,1.0,0.0
2005-02-25 04:04:59,1650.75,1.0,-1.0
2005-02-25 04:10:00,1650.25,1.0,1.0
2005-02-25 04:14:59,1650.75,-1.0,0.0
2005-02-25 04:19:59,1650.75,-1.0,-1.0
2005-02-25 04:24:59,1650.25,1.0,0.0
2005-02-25 04:30:00,1650.25,1.0,1.0
2005-02-25 04:34:59,1650.75,1.0,0.0
2005-02-25 04:39:59,1650.75,1.0,0.0
2005-02-25 04:44:59,1650.75,1.0,-1.0
2005-02-25 04:49:59,1649.75,1.0,0.0
2005-02-25 04:55:00,1649.75,1.0,1.0
2005-02-25 04:59:59,1650.25,1.0,0.0
2005-02-25 05:04:59,1650.25,1.0,0.0
2005-02-25 05:09:59,1650.25,1.0,-1.0
2005-02-25 05:15:00,1649.75,1.0,0.0
2005-02-25 05:19:59,1649.75,1.0,1.0
2005-02-25 05:24:59,1650.25,1.0,0.0
2005-02-25 05:29:59,1650.25,1.0,0.0
2005-02-25 05:34:59,1650.25,1.0,0.0
2005-02-25 05:40:00,1650.25,1.0,0.0
2005-02-25 05:44:59,1650.25,-1.0,-1.0
2005-02-25 05:49:59,1649.75,1.0,0.0
2005-02-25 05:54:59,1649.75,1.0,0.0
2005-02-25 06:00:00,1649.75,1.0,1.0
2005-02-25 06:04:59,1650.75,1.0,0.0
2005-02-25 06:09:59,1650.75,1.0,0.0
2005-02-25 06:14:59,1650.75,1.0,1.0
2005-02-25 06:19:59,1651.25,1.0,0.0
2005-02-25 06:25:00,1651.25,1.0,-1.0
2005-02-25 06:29:59,1650.75,1.0,0.0
2005-02-25 06:34:59,1650.75,1.0,-1.0
2005-02-25 06:39:59,1650.25,1.0,-1.0
2005-02-25 06:45:00,1649.75,1.0,-1.0
2005-02-25 06:49:59,1649.25,1.0,0.0
2005-02-25 06:54:59,1649.25,1.0,0.0
2005-02-25 06:59:59,1649.25,1.0,1.0
2005-02-25 07:04:59,1649.75,1.0,0.0
2005-02-25 07:10:00,1649.75,1.0,-1.0
2005-02-25 07:14:59,1648.75,1.0,1.0
2005-02-25 07:19:59,1649.75,1.0,-1.0
2005-02-25 07:24:59,1649.25,1.0,1.0
2005-02-25 07:30:00,1649.75,1.0,0.0
2005-02-25 07:34:59,1649.75,1.0,1.0
2005-02-25 07:39:59,1650.75,1.0,-1.0
2005-02-25 07:44:59,1650.25,1.0,0.0
2005-02-25 07:49:59,1650.25,1.0,1.0
2005-02-25 07:55:00,1650.75,1.0,1.0
2005-02-25 07:59:59,1651.25,1.0,-1.0
2005-02-25 08:04:59,1650.25,1.0,1.0
2005-02-25 08:09:59,1650.75,1.0,0.0
2005-02-25 08:15:00,1650.75,1.0,0.0
2005-02-25 08:19:59,1650.75,1.0,0.0
2005-02-25 08:24:59,1650.75,1.0,0.0
2005-02-25 08:29:59,1650.75,-1.0,-1.0
2005-02-25 08:34:59,1650.25,1.0,0.0
2005-02-25 08:40:00,1650.25,-1.0,0.0
2005-02-25 08:44:59,1650.25,-1.0,0.0
2005-02-25 08:49:59,1650.25,1.0,0.0
2005-02-25 08:54:59,1650.25,-1.0,1.0
2005-02-25 09:00:00,1650.75,1.0,0.0
2005-02-25 09:04:59,1650.75,1.0,1.0
2005-02-25 09:09:59,1651.25,-1.0,1.0
2005-02-25 09:14:59,1651.75,1.0,-1.0
2005-02-25 09:19:59,1650.25,1.0,1.0
2005-02-25 09:25:00,1651.25,1.0,0.0
2005-02-25 09:29:59,1651.25,1.0,1.0
2005-02-25 09:34:59,1651.75,1.0,0.0
2005-02-25 09:39:59,1651.75,1.0,1.0
2005-02-25 09:45:00,1652.25,1.0,-1.0
2005-02-25 09:49:59,1651.75,1.0,1.0
2005-02-25 09:54:59,1652.25,1.0,1.0
2005-02-25 09:59:59,1653.25,1.0,-1.0
2005-02-25 10:04:59,1652.75,1.0,-1.0
2005-02-25 10:10:00,1652.25,-1.0,-1.0
2005-02-25 10:14:59,1651.75,-1.0,-1.0
2005-02-25 10:19:59,1651.25,-1.0,0.0
2005-02-25 10:24:59,1651.25,-1.0,1.0
2005-02-25 10:30:00,1651.75,-1.0,-1.0
2005-02-25 10:34:59,1650.25,-1.0,-1.0
2005-02-25 10:39:59,1649.25,1.0,-1.0
2005-02-25 10:44:59,1648.75,1.0,1.0
2005-02-25 10:49:59,1649.25,1.0,-1.0
2005-02-25 10:55:00,1648.75,1.0,-1.0
2005-02-25 10:59:59,1647.75,1.0,0.0
2005-02-25 11:04:59,1647.75,1.0,1.0
2005-02-25 11:09:59,1648.25,1.0,0.0
2005-02-25 11:15:00,1648.25,1.0,-1.0
2005-02-25 11:19:59,1647.75,1.0,1.0
2005-02-25 11:24:59,1648.25,1.0,-1.0
2005-02-25 11:29:59,1647.75,1.0,1.0
2005-02-25 11:34:59,1648.75,1.0,0.0
2005-02-25 11:40:00,1648.75,1.0,0.0
2005-02-25 11:44:59,1648.75,1.0,-1.0
2005-02-25 11:49:59,1648.25,1.0,0.0
2005-02-25 11:54:59,1648.25,1.0,0.0
2005-02-25 12:00:00,1648.25,1.0,1.0
2005-02-25 12:04:59,1649.25,1.0,-1.0
2005-02-25 12:09:59,1648.75,1.0,0.0
2005-02-25 12:14:59,1648.75,1.0,0.0
2005-02-25 12:19:59,1648.75,1.0,1.0
2005-02-25 12:25:00,1650.25,1.0,0.0
2005-02-25 12:29:59,1650.25,1.0,-1.0
2005-02-25 12:34:59,1649.75,1.0,1.0
2005-02-25 12:39:59,1650.75,1.0,1.0
2005-02-25 12:45:00,1651.25,1.0,0.0
2005-02-25 12:49:59,1651.25,1.0,-1.0
2005-02-25 12:54:59,1650.75,1.0,0.0
2005-02-25 12:59:59,1650.75,1.0,-1.0
2005-02-25 13:04:59,1650.25,1.0,0.0
2005-02-25 13:10:00,1650.25,1.0,0.0
2005-02-25 13:14:59,1650.25,1.0,1.0
2005-02-25 13:19:59,1651.25,1.0,-1.0
2005-02-25 13:24:59,1650.25,-1.0,-1.0
2005-02-25 13:30:00,1649.75,1.0,0.0
2005-02-25 13:34:59,1649.75,1.0,0.0
2005-02-25 13:39:59,1649.75,1.0,1.0
2005-02-25 13:44:59,1650.25,1.0,1.0
2005-02-25 13:49:59,1650.75,1.0,0.0
2005-02-25 13:55:00,1650.75,1.0,-1.0
2005-02-25 13:59:59,1649.75,1.0,-1.0
2005-02-25 14:04:59,1647.75,1.0,-1.0
2005-02-25 14:09:59,1647.25,1.0,-1.0
2005-02-25 14:15:00,1646.25,1.0,-1.0
2005-02-25 14:19:59,1645.25,1.0,-1.0
2005-02-25 14:24:59,1644.25,1.0,-1.0
2005-02-25 14:29:59,1640.75,1.0,1.0
2005-02-25 14:34:59,1642.75,1.0,-1.0
2005-02-25 14:40:00,1642.25,1.0,-1.0
2005-02-25 14:44:59,1641.25,1.0,-1.0
2005-02-25 14:49:59,1639.75,1.0,1.0
2005-02-25 14:54:59,1642.25,1.0,1.0
2005-02-25 15:00:00,1643.25,1.0,1.0
2005-02-25 15:04:59,1644.75,1.0,0.0
2005-02-25 15:09:59,1644.75,1.0,0.0
2005-02-25 15:14:59,1644.75,1.0,-1.0
2005-02-25 15:19:59,1644.25,1.0,1.0
2005-02-25 15:25:00,1645.25,1.0,-1.0
2005-02-25 15:29:59,1642.75,1.0,-1.0
2005-02-25 15:34:59,1641.75,1.0,-1.0
2005-02-25 15:39:59,1640.75,1.0,1.0
2005-02-25 15:45:00,1642.25,1.0,1.0
2005-02-25 15:49:59,1644.75,1.0,1.0
2005-02-25 15:54:59,1646.25,1.0,-1.0
2005-02-25 15:59:59,1641.25,1.0,-1.0
2005-02-25 16:04:59,1638.75,1.0,1.0
2005-02-25 16:10:00,1642.75,1.0,1.0
2005-02-25 16:14:59,1644.75,1.0,1.0
2005-02-25 16:19:59,1650.25,1.0,1.0
2005-02-25 16:24:59,1652.75,1.0,1.0
2005-02-25 16:30:00,1658.25,1.0,-1.0
2005-02-25 16:34:59,1656.25,0.0,1.0
2005-02-25 16:39:59,1657.25,0.0,1.0
2005-02-25 16:44:59,1658.75,0.0,-1.0
2005-02-25 16:49:59,1656.25,0.0,-1.0
2005-02-25 16:55:00,1654.25,0.0,1.0
2005-02-25 16:59:59,1655.75,0.0,0.0
2005-02-25 17:04:59,1655.75,0.0,-1.0
2005-02-25 17:09:59,1651.25,0.0,-1.0
2005-02-25 17:15:00,1650.25,1.0,1.0
2005-02-25 17:19:59,1651.25,1.0,-1.0
2005-02-25 17:24:59,1649.25,1.0,1.0
2005-02-25 17:29:59,1649.75,1.0,1.0
2005-02-25 17:34:59,1650.75,1.0,-1.0
2005-02-25 17:40:00,1648.25,1.0,0.0
2005-02-25 17:44:59,1648.25,1.0,1.0
2005-02-25 17:49:59,1649.75,1.0,1.0
2005-02-25 17:54:59,1650.25,1.0,-1.0
2005-02-25 18:00:00,1649.25,1.0,0.0
2005-02-25 18:04:59,1649.25,1.0,1.0
2005-02-25 18:09:59,1649.75,1.0,1.0
2005-02-25 18:14:59,1650.25,1.0,1.0
2005-02-25 18:19:59,1653.75,1.0,-1.0
2005-02-25 18:25:00,1653.25,0.0,-1.0
2005-02-25 18:29:59,1652.75,1.0,1.0
2005-02-25 18:34:59,1653.25,1.0,0.0
2005-02-25 18:39:59,1653.25,1.0,-1.0
2005-02-25 18:45:00,1652.75,1.0,-1.0
2005-02-25 18:49:59,1650.75,1.0,-1.0
2005-02-25 18:54:59,1649.75,1.0,0.0
2005-02-25 18:59:59,1649.75,1.0,1.0
2005-02-25 19:04:59,1651.75,1.0,1.0
2005-02-25 19:10:00,1654.25,1.0,1.0
2005-02-25 19:14:59,1655.75,1.0,-1.0
2005-02-25 19:19:59,1654.25,1.0,0.0
2005-02-25 19:24:59,1654.25,-1.0,-1.0
2005-02-25 19:30:00,1653.75,-1.0,-1.0
2005-02-25 19:34:59,1653.25,1.0,-1.0
2005-02-25 19:39:59,1652.25,1.0,1.0
2005-02-25 19:44:59,1654.25,1.0,-1.0
2005-02-25 19:49:59,1651.75,-1.0,-1.0
2005-02-25 19:55:00,1650.75,-1.0,-1.0
2005-02-25 19:59:59,1649.25,-1.0,-1.0
2005-02-25 20:04:59,1648.75,-1.0,-1.0
2005-02-25 20:09:59,1645.25,1.0,1.0
2005-02-25 20:15:00,1646.75,-1.0,-1.0
2005-02-25 20:19:59,1645.75,1.0,-1.0
2005-02-25 20:24:59,1643.75,1.0,-1.0
2005-02-25 20:29:59,1642.25,-1.0,-1.0
2005-02-25 20:34:59,1639.75,-1.0,1.0
2005-02-25 20:40:00,1640.25,1.0,1.0
2005-02-25 20:44:59,1641.75,1.0,1.0
2005-02-25 20:49:59,1643.25,-1.0,-1.0
2005-02-25 20:54:59,1641.75,1.0,1.0
2005-02-25 21:00:00,1644.25,1.0,-1.0
2005-02-25 21:04:59,1643.75,1.0,1.0
2005-02-25 21:09:59,1646.25,1.0,-1.0
2005-02-25 21:14:59,1645.25,1.0,-1.0
2005-02-25 21:19:59,1644.25,1.0,-1.0
2005-02-25 21:25:00,1642.75,1.0,1.0
2005-02-25 21:29:59,1646.75,1.0,0.0
2005-02-25 21:34:59,1646.75,1.0,-1.0
2005-02-25 21:39:59,1646.25,1.0,-1.0
2005-02-25 21:45:00,1645.75,1.0,1.0
2005-02-25 21:49:59,1646.75,1.0,1.0
2005-02-25 21:54:59,1648.25,1.0,-1.0
2005-02-25 21:59:59,1646.75,1.0,0.0
2005-02-25 22:04:59,1646.75,-1.0,1.0
2005-02-25 22:10:00,1647.25,1.0,0.0
2005-02-25 22:14:59,1647.25,1.0,0.0
2005-02-25 22:19:59,1647.25,1.0,0.0
2005-02-25 22:24:59,1647.25,1.0,1.0
2005-02-25 22:30:00,1647.75,1.0,1.0
2005-02-25 22:34:59,1648.75,1.0,1.0
2005-02-25 22:39:59,1649.25,1.0,0.0
2005-02-25 22:44:59,1649.25,1.0,-1.0
2005-02-25 22:49:59,1648.75,1.0,0.0
2005-02-25 22:55:00,1648.75,1.0,-1.0
2005-02-25 22:59:59,1648.25,1.0,1.0
2005-02-25 23:04:59,1648.75,1.0,1.0
2005-02-25 23:09:59,1649.75,1.0,-1.0
2005-02-25 23:15:00,1648.75,1.0,1.0
2005-02-25 23:19:59,1649.25,1.0,0.0
2005-02-25 23:24:59,1649.25,1.0,0.0
2005-02-26 00:00:00,1649.25,1.0,1.0
2005-02-26 00:04:59,1649.75,1.0,-1.0
2005-02-26 00:09:59,1649.25,1.0,0.0
2005-02-26 00:14:59,1649.25,1.0,-1.0
2005-02-26 00:19:59,1648.75,1.0,1.0
2005-02-26 00:25:00,1649.25,1.0,0.0
2005-02-26 00:29:59,1649.25,1.0,1.0
2005-02-26 00:34:59,1649.75,1.0,-1.0
2005-02-26 00:39:59,1649.25,1.0,1.0
2005-02-26 00:45:00,1649.75,1.0,-1.0
2005-02-26 00:49:59,1649.25,1.0,0.0
2005-02-26 00:54:59,1649.25,1.0,0.0
2005-02-26 00:59:59,1649.25,1.0,0.0
2005-02-26 01:04:59,1649.25,1.0,1.0
2005-02-26 01:10:00,1649.75,1.0,0.0
2005-02-26 01:14:59,1649.75,1.0,0.0
2005-02-26 01:19:59,1649.75,1.0,0.0
2005-02-26 01:24:59,1649.75,1.0,-1.0
2005-02-26 01:30:00,1649.25,1.0,0.0
2005-02-26 01:34:59,1649.25,1.0,1.0
2005-02-26 01:39:59,1650.25,1.0,0.0
2005-02-26 01:44:59,1650.25,1.0,-1.0
2005-02-26 01:49:59,1649.25,1.0,0.0
2005-02-26 01:55:00,1649.25,1.0,0.0
2005-02-26 01:59:59,1649.25,1.0,0.0
2005-02-26 02:04:59,1649.25,1.0,0.0
2005-02-26 02:09:59,1649.25,1.0,0.0
2005-02-26 02:15:00,1649.25,1.0,1.0
2005-02-26 02:19:59,1649.75,1.0,-1.0
2005-02-26 02:24:59,1649.25,1.0,0.0
2005-02-26 02:29:59,1649.25,1.0,-1.0
2005-02-26 02:34:59,1648.75,1.0,0.0
2005-02-26 02:40:00,1648.75,1.0,1.0
2005-02-26 02:44:59,1649.25,1.0,1.0
2005-02-26 02:49:59,1649.75,1.0,-1.0
2005-02-26 02:54:59,1648.75,1.0,1.0
2005-02-26 03:00:00,1649.75,1.0,0.0
2005-02-26 03:04:59,1649.75,1.0,1.0
2005-02-26 03:09:59,1650.25,1.0,-1.0
2005-02-26 03:14:59,1649.75,1.0,-1.0
2005-02-26 03:19:59,1649.25,1.0,0.0
2005-02-26 03:25:00,1649.25,1.0,0.0
2005-02-26 03:29:59,1649.25,1.0,0.0
2005-02-26 03:34:59,1649.25,1.0,0.0
2005-02-26 03:39:59,1649.25,1.0,0.0
2005-02-26 03:45:00,1649.25,1.0,1.0
2005-02-26 03:49:59,1649.75,1.0,0.0
2005-02-26 03:54:59,1649.75,1.0,0.0
2005-02-26 03:59:59,1649.75,1.0,0.0
2005-02-26 04:04:59,1649.75,1.0,1.0
2005-02-26 04:10:00,1650.25,1.0,0.0
2005-02-26 04:14:59,1650.25,1.0,0.0
2005-02-26 04:19:59,1650.25,1.0,0.0
2005-02-26 04:24:59,1650.25,-1.0,-1.0
2005-02-26 04:30:00,1648.75,1.0,0.0
2005-02-26 04:34:59,1648.75,1.0,-1.0
2005-02-26 04:39:59,1648.25,0.0,1.0
2005-02-26 04:44:59,1649.25,1.0,1.0
2005-02-26 04:49:59,1649.75,0.0,-1.0
2005-02-26 04:55:00,1649.25,0.0,0.0
2005-02-26 04:59:59,1649.25,0.0,1.0
2005-02-26 05:04:59,1649.75,0.0,0.0
2005-02-26 05:09:59,1649.75,0.0,-1.0
2005-02-26 05:15:00,1649.25,0.0,0.0
2005-02-26 05:19:59,1649.25,0.0,0.0
2005-02-26 05:24:59,1649.25,1.0,0.0
2005-02-26 05:29:59,1649.25,0.0,-1.0
2005-02-26 05:34:59,1648.75,0.0,0.0
2005-02-26 05:40:00,1648.75,0.0,0.0
2005-02-26 05:44:59,1648.75,-1.0,0.0
2005-02-26 05:49:59,1648.75,1.0,1.0
2005-02-26 05:54:59,1649.25,-1.0,0.0
2005-02-26 06:00:00,1649.25,1.0,0.0
2005-02-26 06:04:59,1649.25,-1.0,1.0
2005-02-26 06:09:59,1649.75,-1.0,0.0
2005-02-26 06:14:59,1649.75,1.0,0.0
2005-02-26 06:19:59,1649.75,-1.0,-1.0
2005-02-26 06:25:00,1648.75,-1.0,1.0
2005-02-26 06:29:59,1649.25,-1.0,1.0
2005-02-26 06:34:59,1649.75,-1.0,0.0
2005-02-26 06:39:59,1649.75,-1.0,0.0
2005-02-26 06:45:00,1649.75,-1.0,0.0
2005-02-26 06:49:59,1649.75,-1.0,0.0
2005-02-26 06:54:59,1649.75,-1.0,-1.0
2005-02-26 06:59:59,1649.25,-1.0,0.0
2005-02-26 07:04:59,1649.25,-1.0,0.0
2005-02-26 07:10:00,1649.25,1.0,0.0
2005-02-26 07:14:59,1649.25,1.0,0.0
2005-02-26 07:19:59,1649.25,1.0,0.0
2005-02-26 07:24:59,1649.25,1.0,0.0
2005-02-26 07:30:00,1649.25,1.0,-1.0
2005-02-26 07:34:59,1648.75,1.0,1.0
2005-02-26 07:39:59,1649.25,1.0,0.0
2005-02-26 07:44:59,1649.25,1.0,0.0
2005-02-26 07:49:59,1649.25,-1.0,0.0
2005-02-26 07:55:00,1649.25,-1.0,0.0
2005-02-26 07:59:59,1649.25,-1.0,0.0
2005-02-26 08:04:59,1649.25,1.0,1.0
2005-02-26 08:09:59,1649.75,-1.0,0.0
2005-02-26 08:15:00,1649.75,-1.0,0.0
2005-02-26 08:19:59,1649.75,1.0,0.0
2005-02-26 08:24:59,1649.75,1.0,0.0
2005-02-26 08:29:59,1649.75,1.0,0.0
2005-02-26 08:34:59,1649.75,1.0,0.0
2005-02-26 08:40:00,1649.75,1.0,0.0
2005-02-26 08:44:59,1649.75,1.0,0.0
2005-02-26 08:49:59,1649.75,1.0,0.0
2005-02-26 08:54:59,1649.75,1.0,-1.0
2005-02-26 09:00:00,1649.25,1.0,0.0
2005-02-26 09:04:59,1649.25,1.0,1.0
2005-02-26 09:09:59,1651.25,1.0,-1.0
2005-02-26 09:14:59,1650.75,1.0,1.0
2005-02-26 09:19:59,1651.25,1.0,-1.0
2005-02-26 09:25:00,1650.75,1.0,-1.0
2005-02-26 09:29:59,1649.25,1.0,0.0
2005-02-26 09:34:59,1649.25,1.0,-1.0
2005-02-26 09:39:59,1648.75,1.0,1.0
2005-02-26 09:45:00,1649.25,1.0,0.0
2005-02-26 09:49:59,1649.25,1.0,0.0
2005-02-26 09:54:59,1649.25,1.0,-1.0
2005-02-26 09:59:59,1648.75,1.0,-1.0
2005-02-26 10:04:59,1647.75,1.0,0.0
2005-02-26 10:10:00,1647.75,1.0,-1.0
2005-02-26 10:14:59,1646.25,1.0,-1.0
2005-02-26 10:19:59,1645.75,1.0,-1.0
2005-02-26 10:24:59,1643.75,1.0,1.0
2005-02-26 10:30:00,1645.25,1.0,1.0
2005-02-26 10:34:59,1645.75,1.0,1.0
2005-02-26 10:39:59,1646.25,1.0,0.0
2005-02-26 10:44:59,1646.25,1.0,1.0
2005-02-26 10:49:59,1646.75,1.0,0.0
2005-02-26 10:55:00,1646.75,1.0,1.0
2005-02-26 10:59:59,1647.75,1.0,0.0
2005-02-26 11:04:59,1647.75,1.0,1.0
2005-02-26 11:09:59,1648.25,1.0,0.0
2005-02-26 11:15:00,1648.25,1.0,1.0
2005-02-26 11:19:59,1649.75,1.0,-1.0
2005-02-26 11:24:59,1649.25,1.0,0.0
2005-02-26 11:29:59,1649.25,1.0,-1.0
2005-02-26 11:34:59,1648.75,1.0,1.0
2005-02-26 11:40:00,1649.25,1.0,-1.0
2005-02-26 11:44:59,1648.75,1.0,-1.0
2005-02-26 11:49:59,1647.75,1.0,0.0
2005-02-26 11:54:59,1647.75,1.0,0.0
2005-02-26 12:00:00,1647.75,1.0,-1.0
2005-02-26 12:04:59,1647.25,1.0,-1.0
2005-02-26 12:09:59,1646.75,1.0,0.0
2005-02-26 12:14:59,1646.75,1.0,-1.0
2005-02-26 12:19:59,1646.25,1.0,0.0
2005-02-26 12:25:00,1646.25,1.0,0.0
2005-02-26 12:29:59,1646.25,1.0,-1.0
2005-02-26 12:34:59,1645.75,1.0,-1.0
2005-02-26 12:39:59,1645.25,1.0,1.0
2005-02-26 12:45:00,1645.75,1.0,0.0
2005-02-26 12:49:59,1645.75,1.0,1.0
2005-02-26 12:54:59,1646.25,1.0,1.0
2005-02-26 12:59:59,1646.75,1.0,-1.0
2005-02-26 13:04:59,1646.25,1.0,-1.0
2005-02-26 13:10:00,1645.75,1.0,1.0
2005-02-26 13:14:59,1646.25,1.0,-1.0
2005-02-26 13:19:59,1645.25,1.0,1.0
2005-02-26 13:24:59,1646.75,0.0,1.0
2005-02-26 13:30:00,1647.25,0.0,-1.0
2005-02-26 13:34:59,1646.75,0.0,0.0
2005-02-26 13:39:59,1646.75,0.0,1.0
2005-02-26 13:44:59,1647.75,0.0,0.0
2005-02-26 13:49:59,1647.75,0.0,0.0
2005-02-26 13:55:00,1647.75,0.0,0.0
2005-02-26 13:59:59,1647.75,0.0,1.0
2005-02-26 14:04:59,1649.75,0.0,-1.0
2005-02-26 14:09:59,1649.25,1.0,1.0
2005-02-26 14:15:00,1649.75,1.0,-1.0
2005-02-26 14:19:59,1649.25,1.0,1.0
2005-02-26 14:24:59,1649.75,0.0,1.0
2005-02-26 14:29:59,1650.25,1.0,-1.0
2005-02-26 14:34:59,1649.75,-1.0,0.0
2005-02-26 14:40:00,1649.75,-1.0,-1.0
2005-02-26 14:44:59,1649.25,1.0,1.0
2005-02-26 14:49:59,1649.75,1.0,-1.0
2005-02-26 14:54:59,1649.25,1.0,0.0
2005-02-26 15:00:00,1649.25,1.0,0.0
2005-02-26 15:04:59,1649.25,1.0,0.0
2005-02-26 15:09:59,1649.25,1.0,0.0
2005-02-26 15:14:59,1649.25,1.0,0.0
2005-02-26 15:19:59,1649.25,1.0,0.0
2005-02-26 15:25:00,1649.25,1.0,1.0
2005-02-26 15:29:59,1651.25,1.0,1.0
2005-02-26 15:34:59,1654.75,1.0,-1.0
2005-02-26 15:39:59,1654.25,-1.0,1.0
2005-02-26 15:45:00,1656.25,-1.0,1.0
2005-02-26 15:49:59,1657.75,1.0,1.0
2005-02-26 15:54:59,1658.25,0.0,-1.0
2005-02-26 15:59:59,1657.25,0.0,0.0
2005-02-26 16:04:59,1657.25,0.0,-1.0
2005-02-26 16:10:00,1656.25,0.0,0.0
2005-02-26 16:14:59,1656.25,0.0,1.0
2005-02-26 16:19:59,1656.75,0.0,-1.0
2005-02-26 16:24:59,1653.75,-1.0,-1.0
2005-02-26 16:30:00,1651.75,0.0,1.0
2005-02-26 16:34:59,1654.25,0.0,1.0
2005-02-26 16:39:59,1654.75,0.0,-1.0
2005-02-26 16:44:59,1653.75,-1.0,-1.0
2005-02-26 16:49:59,1653.25,1.0,1.0
2005-02-26 16:55:00,1653.75,0.0,0.0
2005-02-26 16:59:59,1653.75,0.0,1.0
2005-02-26 17:04:59,1656.25,0.0,-1.0
2005-02-26 17:09:59,1655.75,0.0,-1.0
2005-02-26 17:15:00,1654.75,0.0,-1.0
2005-02-26 17:19:59,1652.75,0.0,-1.0
2005-02-26 17:24:59,1650.25,0.0,-1.0
2005-02-26 17:29:59,1649.75,-1.0,-1.0
2005-02-26 17:34:59,1648.25,-1.0,0.0
2005-02-26 17:40:00,1648.25,1.0,0.0
2005-02-26 17:44:59,1648.25,1.0,0.0
2005-02-26 17:49:59,1648.25,1.0,1.0
2005-02-26 17:54:59,1649.75,1.0,1.0
2005-02-26 18:00:00,1650.25,-1.0,-1.0
2005-02-26 18:04:59,1649.25,0.0,1.0
2005-02-26 18:09:59,1649.75,0.0,0.0
2005-02-26 18:14:59,1649.75,1.0,1.0
2005-02-26 18:19:59,1650.25,-1.0,1.0
2005-02-26 18:25:00,1652.75,-1.0,1.0
2005-02-26 18:29:59,1653.25,-1.0,1.0
2005-02-26 18:34:59,1654.75,-1.0,-1.0
2005-02-26 18:39:59,1653.25,-1.0,0.0
2005-02-26 18:45:00,1653.25,-1.0,1.0
2005-02-26 18:49:59,1654.25,-1.0,1.0
2005-02-26 18:54:59,1655.75,-1.0,-1.0
2005-02-26 18:59:59,1654.75,-1.0,-1.0
2005-02-26 19:04:59,1653.75,-1.0,1.0
2005-02-26 19:10:00,1655.25,-1.0,-1.0
2005-02-26 19:14:59,1654.75,-1.0,-1.0
2005-02-26 19:19:59,1654.25,-1.0,-1.0
2005-02-26 19:24:59,1653.75,-1.0,0.0
2005-02-26 19:30:00,1653.75,1.0,1.0
2005-02-26 19:34:59,1655.75,-1.0,-1.0
2005-02-26 19:39:59,1654.75,0.0,1.0
2005-02-26 19:44:59,1655.25,0.0,-1.0
2005-02-26 19:49:59,1653.75,0.0,1.0
2005-02-26 19:55:00,1655.25,0.0,0.0
2005-02-26 19:59:59,1655.25,0.0,1.0
2005-02-26 20:04:59,1655.75,0.0,-1.0
2005-02-26 20:09:59,1655.25,0.0,1.0
2005-02-26 20:15:00,1655.75,0.0,-1.0
2005-02-26 20:19:59,1654.25,-1.0,1.0
2005-02-26 20:24:59,1655.25,0.0,1.0
2005-02-26 20:29:59,1656.25,0.0,1.0
2005-02-26 20:34:59,1656.75,0.0,-1.0
2005-02-26 20:40:00,1653.75,0.0,-1.0
2005-02-26 20:44:59,1652.75,-1.0,1.0
2005-02-26 20:49:59,1653.75,-1.0,-1.0
2005-02-26 20:54:59,1653.25,-1.0,1.0
2005-02-26 21:00:00,1654.75,-1.0,-1.0
2005-02-26 21:04:59,1654.25,-1.0,1.0
2005-02-26 21:09:59,1654.75,0.0,1.0
2005-02-26 21:14:59,1655.75,1.0,1.0
2005-02-26 21:19:59,1657.25,0.0,-1.0
2005-02-26 21:25:00,1656.75,0.0,-1.0
2005-02-26 21:29:59,1655.25,0.0,1.0
2005-02-26 21:34:59,1657.75,0.0,-1.0
2005-02-26 21:39:59,1657.25,0.0,-1.0
2005-02-26 21:45:00,1655.75,0.0,1.0
2005-02-26 21:49:59,1656.75,0.0,-1.0
2005-02-26 21:54:59,1655.75,1.0,1.0
2005-02-26 21:59:59,1656.25,0.0,0.0
2005-02-26 22:04:59,1656.25,1.0,1.0
2005-02-26 22:10:00,1656.75,1.0,0.0
2005-02-26 22:14:59,1656.75,1.0,0.0
2005-02-26 22:19:59,1656.75,1.0,0.0
2005-02-26 22:24:59,1656.75,0.0,-1.0
2005-02-26 22:30:00,1654.25,0.0,1.0
2005-02-26 22:34:59,1656.75,-1.0,-1.0
2005-02-26 22:39:59,1656.25,0.0,1.0
2005-02-26 22:44:59,1656.75,0.0,0.0
2005-02-26 22:49:59,1656.75,1.0,1.0
2005-02-26 22:55:00,1657.25,0.0,-1.0
2005-02-26 22:59:59,1656.75,0.0,0.0
2005-02-26 23:04:59,1656.75,0.0,1.0
2005-02-26 23:09:59,1657.25,0.0,0.0
2005-02-26 23:15:00,1657.25,0.0,1.0
2005-02-26 23:19:59,1658.25,0.0,-1.0
2005-02-26 23:24:59,1657.75,0.0,1.0
2005-02-27 00:00:00,1658.25,0.0,-1.0
2005-02-27 00:04:59,1657.75,0.0,0.0
2005-02-27 00:09:59,1657.75,0.0,-1.0
2005-02-27 00:14:59,1657.25,0.0,1.0
2005-02-27 00:19:59,1658.25,0.0,-1.0
2005-02-27 00:25:00,1657.25,0.0,0.0
2005-02-27 00:29:59,1657.25,0.0,1.0
2005-02-27 00:34:59,1657.75,0.0,-1.0
2005-02-27 00:39:59,1656.75,0.0,0.0
2005-02-27 00:45:00,1656.75,0.0,-1.0
2005-02-27 00:49:59,1656.25,0.0,1.0
2005-02-27 00:54:59,1656.75,0.0,0.0
2005-02-27 00:59:59,1656.75,0.0,1.0
2005-02-27 01:04:59,1657.25,0.0,-1.0
2005-02-27 01:10:00,1656.75,0.0,-1.0
2005-02-27 01:14:59,1656.25,1.0,1.0
2005-02-27 01:19:59,1657.25,0.0,0.0
2005-02-27 01:24:59,1657.25,0.0,0.0
2005-02-27 01:30:00,1657.25,0.0,-1.0
2005-02-27 01:34:59,1656.75,1.0,1.0
2005-02-27 01:39:59,1657.75,1.0,0.0
2005-02-27 01:44:59,1657.75,0.0,0.0
2005-02-27 01:49:59,1657.75,-1.0,-1.0
2005-02-27 01:55:00,1657.25,0.0,1.0
2005-02-27 01:59:59,1657.75,0.0,0.0
2005-02-27 02:04:59,1657.75,0.0,0.0
2005-02-27 02:09:59,1657.75,0.0,-1.0
2005-02-27 02:15:00,1657.25,0.0,0.0
2005-02-27 02:19:59,1657.25,0.0,0.0
2005-02-27 02:24:59,1657.25,-1.0,0.0
2005-02-27 02:29:59,1657.25,0.0,0.0
2005-02-27 02:34:59,1657.25,-1.0,1.0
2005-02-27 02:40:00,1657.75,1.0,0.0
2005-02-27 02:44:59,1657.75,1.0,0.0
2005-02-27 02:49:59,1657.75,0.0,0.0
2005-02-27 02:54:59,1657.75,1.0,0.0
2005-02-27 03:00:00,1657.75,1.0,0.0
2005-02-27 03:04:59,1657.75,1.0,0.0
2005-02-27 03:09:59,1657.75,0.0,0.0
2005-02-27 03:14:59,1657.75,0.0,0.0
2005-02-27 03:19:59,1657.75,0.0,0.0
2005-02-27 03:25:00,1657.75,0.0,0.0
2005-02-27 03:29:59,1657.75,0.0,0.0
2005-02-27 03:34:59,1657.75,0.0,0.0
2005-02-27 03:39:59,1657.75,0.0,1.0
2005-02-27 03:45:00,1658.25,0.0,0.0
2005-02-27 03:49:59,1658.25,0.0,0.0
2005-02-27 03:54:59,1658.25,0.0,0.0
2005-02-27 03:59:59,1658.25,0.0,0.0
2005-02-27 04:04:59,1658.25,0.0,-1.0
2005-02-27 04:10:00,1657.75,0.0,1.0
2005-02-27 04:14:59,1658.25,0.0,0.0
2005-02-27 04:19:59,1658.25,0.0,0.0
2005-02-27 04:24:59,1658.25,0.0,-1.0
2005-02-27 04:30:00,1657.75,0.0,0.0
2005-02-27 04:34:59,1657.75,0.0,0.0
2005-02-27 04:39:59,1657.75,0.0,0.0
2005-02-27 04:44:59,1657.75,0.0,1.0
2005-02-27 04:49:59,1658.25,0.0,0.0
2005-02-27 04:55:00,1658.25,0.0,0.0
2005-02-27 04:59:59,1658.25,0.0,0.0
2005-02-27 05:04:59,1658.25,0.0,0.0
2005-02-27 05:09:59,1658.25,0.0,0.0
2005-02-27 05:15:00,1658.25,0.0,0.0
2005-02-27 05:19:59,1658.25,0.0,0.0
2005-02-27 05:24:59,1658.25,0.0,0.0
2005-02-27 05:29:59,1658.25,0.0,0.0
2005-02-27 05:34:59,1658.25,0.0,0.0
2005-02-27 05:40:00,1658.25,0.0,0.0
2005-02-27 05:44:59,1658.25,0.0,0.0
2005-02-27 05:49:59,1658.25,0.0,-1.0
2005-02-27 05:54:59,1657.75,0.0,0.0
2005-02-27 06:00:00,1657.75,0.0,1.0
2005-02-27 06:04:59,1658.25,0.0,0.0
2005-02-27 06:09:59,1658.25,0.0,-1.0
2005-02-27 06:14:59,1657.75,0.0,0.0
2005-02-27 06:19:59,1657.75,0.0,1.0
2005-02-27 06:25:00,1658.25,0.0,0.0
2005-02-27 06:29:59,1658.25,0.0,0.0
2005-02-27 06:34:59,1658.25,0.0,0.0
2005-02-27 06:39:59,1658.25,0.0,0.0
2005-02-27 06:45:00,1658.25,0.0,0.0
2005-02-27 06:49:59,1658.25,0.0,0.0
2005-02-27 06:54:59,1658.25,0.0,0.0
2005-02-27 06:59:59,1658.25,0.0,0.0
2005-02-27 07:04:59,1658.25,0.0,0.0
2005-02-27 07:10:00,1658.25,0.0,0.0
2005-02-27 07:14:59,1658.25,0.0,0.0
2005-02-27 07:19:59,1658.25,0.0,0.0
2005-02-27 07:24:59,1658.25,0.0,0.0
2005-02-27 07:30:00,1658.25,0.0,0.0
2005-02-27 07:34:59,1658.25,0.0,0.0
2005-02-27 07:39:59,1658.25,0.0,0.0
2005-02-27 07:44:59,1658.25,0.0,0.0
2005-02-27 07:49:59,1658.25,0.0,-1.0
2005-02-27 07:55:00,1657.75,0.0,1.0
2005-02-27 07:59:59,1658.25,0.0,0.0
2005-02-27 08:04:59,1658.25,0.0,-1.0
2005-02-27 08:09:59,1657.75,0.0,0.0
2005-02-27 08:15:00,1657.75,0.0,0.0
2005-02-27 08:19:59,1657.75,0.0,1.0
2005-02-27 08:24:59,1658.25,0.0,0.0
2005-02-27 08:29:59,1658.25,0.0,0.0
2005-02-27 08:34:59,1658.25,0.0,0.0
2005-02-27 08:40:00,1658.25,0.0,0.0
2005-02-27 08:44:59,1658.25,0.0,0.0
2005-02-27 08:49:59,1658.25,0.0,0.0
2005-02-27 08:54:59,1658.25,0.0,1.0
2005-02-27 09:00:00,1658.75,0.0,-1.0
2005-02-27 09:04:59,1657.75,0.0,1.0
2005-02-27 09:09:59,1658.25,0.0,0.0
2005-02-27 09:14:59,1658.25,0.0,0.0
2005-02-27 09:19:59,1658.25,0.0,-1.0
2005-02-27 09:25:00,1657.75,0.0,0.0
2005-02-27 09:29:59,1657.75,0.0,0.0
2005-02-27 09:34:59,1657.75,0.0,-1.0
2005-02-27 09:39:59,1657.25,0.0,0.0
2005-02-27 09:45:00,1657.25,0.0,-1.0
2005-02-27 09:49:59,1656.75,0.0,0.0
2005-02-27 09:54:59,1656.75,0.0,1.0
2005-02-27 09:59:59,1657.75,0.0,1.0
2005-02-27 10:04:59,1658.25,0.0,-1.0
2005-02-27 10:10:00,1657.75,0.0,-1.0
2005-02-27 10:14:59,1657.25,0.0,0.0
2005-02-27 10:19:59,1657.25,0.0,1.0
2005-02-27 10:24:59,1657.75,0.0,0.0
2005-02-27 10:30:00,1657.75,0.0,-1.0
2005-02-27 10:34:59,1657.25,0.0,1.0
2005-02-27 10:39:59,1657.75,0.0,-1.0
2005-02-27 10:44:59,1657.25,0.0,0.0
2005-02-27 10:49:59,1657.25,0.0,0.0
2005-02-27 10:55:00,1657.25,0.0,-1.0
2005-02-27 10:59:59,1656.75,0.0,1.0
2005-02-27 11:04:59,1657.25,0.0,-1.0
2005-02-27 11:09:59,1656.75,0.0,1.0
2005-02-27 11:15:00,1657.25,0.0,1.0
2005-02-27 11:19:59,1657.75,0.0,-1.0
2005-02-27 11:24:59,1657.25,0.0,1.0
2005-02-27 11:29:59,1657.75,0.0,0.0
2005-02-27 11:34:59,1657.75,0.0,-1.0
2005-02-27 11:40:00,1657.25,0.0,0.0
2005-02-27 11:44:59,1657.25,0.0,1.0
2005-02-27 11:49:59,1657.75,0.0,-1.0
2005-02-27 11:54:59,1656.75,0.0,0.0
2005-02-27 12:00:00,1656.75,0.0,0.0
2005-02-27 12:04:59,1656.75,0.0,0.0
2005-02-27 12:09:59,1656.75,0.0,-1.0
2005-02-27 12:14:59,1655.75,0.0,1.0
2005-02-27 12:19:59,1656.25,0.0,-1.0
2005-02-27 12:25:00,1655.75,0.0,1.0
2005-02-27 12:29:59,1656.25,1.0,0.0
2005-02-27 12:34:59,1656.25,1.0,-1.0
2005-02-27 12:39:59,1655.75,1.0,0.0
2005-02-27 12:45:00,1655.75,0.0,1.0
2005-02-27 12:49:59,1656.25,1.0,0.0
2005-02-27 12:54:59,1656.25,1.0,1.0
2005-02-27 12:59:59,1657.75,1.0,-1.0
2005-02-27 13:04:59,1657.25,1.0,0.0
2005-02-27 13:10:00,1657.25,1.0,-1.0
2005-02-27 13:14:59,1656.75,1.0,1.0
2005-02-27 13:19:59,1657.25,1.0,0.0
2005-02-27 13:24:59,1657.25,0.0,1.0
2005-02-27 13:30:00,1658.25,0.0,-1.0
2005-02-27 13:34:59,1657.25,0.0,0.0
2005-02-27 13:39:59,1657.25,0.0,0.0
2005-02-27 13:44:59,1657.25,0.0,0.0
2005-02-27 13:49:59,1657.25,0.0,0.0
2005-02-27 13:55:00,1657.25,0.0,1.0
2005-02-27 13:59:59,1657.75,0.0,-1.0
2005-02-27 14:04:59,1656.25,0.0,1.0
2005-02-27 14:09:59,1656.75,0.0,0.0
2005-02-27 14:15:00,1656.75,0.0,1.0
2005-02-27 14:19:59,1657.25,0.0,-1.0
2005-02-27 14:24:59,1656.75,0.0,0.0
2005-02-27 14:29:59,1656.75,0.0,0.0
2005-02-27 14:34:59,1656.75,0.0,-1.0
2005-02-27 14:40:00,1653.25,0.0,1.0
2005-02-27 14:44:59,1653.75,1.0,-1.0
2005-02-27 14:49:59,1653.25,1.0,0.0
2005-02-27 14:54:59,1653.25,1.0,1.0
2005-02-27 15:00:00,1653.75,1.0,0.0
2005-02-27 15:04:59,1653.75,1.0,-1.0
2005-02-27 15:09:59,1653.25,1.0,1.0
2005-02-27 15:14:59,1653.75,0.0,0.0
2005-02-27 15:19:59,1653.75,0.0,-1.0
2005-02-27 15:25:00,1651.75,0.0,1.0
2005-02-27 15:29:59,1652.75,0.0,-1.0
2005-02-27 15:34:59,1651.75,0.0,-1.0
2005-02-27 15:39:59,1647.75,0.0,-1.0
2005-02-27 15:45:00,1647.25,0.0,1.0
2005-02-27 15:49:59,1651.75,0.0,-1.0
2005-02-27 15:54:59,1650.75,0.0,-1.0
2005-02-27 15:59:59,1647.25,0.0,1.0
2005-02-27 16:04:59,1648.25,0.0,-1.0
2005-02-27 16:10:00,1647.75,0.0,1.0
2005-02-27 16:14:59,1649.25,0.0,1.0
2005-02-27 16:19:59,1651.25,0.0,0.0
2005-02-27 16:24:59,1651.25,0.0,1.0
2005-02-27 16:30:00,1652.75,0.0,-1.0
2005-02-27 16:34:59,1649.75,0.0,1.0
2005-02-27 16:39:59,1651.25,0.0,-1.0
2005-02-27 16:44:59,1650.75,1.0,1.0
2005-02-27 16:49:59,1652.75,0.0,-1.0
2005-02-27 16:55:00,1652.25,0.0,1.0
2005-02-27 16:59:59,1655.25,0.0,1.0
2005-02-27 17:04:59,1657.25,0.0,-1.0
2005-02-27 17:09:59,1656.25,0.0,0.0
2005-02-27 17:15:00,1656.25,-1.0,-1.0
2005-02-27 17:19:59,1655.75,-1.0,0.0
2005-02-27 17:24:59,1655.75,-1.0,1.0
2005-02-27 17:29:59,1656.75,-1.0,1.0
2005-02-27 17:34:59,1659.25,-1.0,1.0
2005-02-27 17:40:00,1659.75,-1.0,-1.0
2005-02-27 17:44:59,1658.25,0.0,1.0
2005-02-27 17:49:59,1658.75,0.0,0.0
2005-02-27 17:54:59,1658.75,0.0,1.0
2005-02-27 18:00:00,1659.25,0.0,0.0
2005-02-27 18:04:59,1659.25,-1.0,-1.0
2005-02-27 18:09:59,1658.75,-1.0,-1.0
2005-02-27 18:14:59,1658.25,-1.0,1.0
2005-02-27 18:19:59,1659.25,0.0,1.0
2005-02-27 18:25:00,1660.25,0.0,1.0
2005-02-27 18:29:59,1663.75,0.0,1.0
2005-02-27 18:34:59,1664.25,0.0,0.0
2005-02-27 18:39:59,1664.25,0.0,1.0
2005-02-27 18:45:00,1664.75,0.0,1.0
2005-02-27 18:49:59,1665.25,0.0,-1.0
2005-02-27 18:54:59,1664.75,0.0,-1.0
2005-02-27 18:59:59,1662.75,0.0,-1.0
2005-02-27 19:04:59,1661.75,0.0,1.0
2005-02-27 19:10:00,1662.75,-1.0,1.0
2005-02-27 19:14:59,1663.75,0.0,-1.0
2005-02-27 19:19:59,1662.75,0.0,-1.0
2005-02-27 19:24:59,1660.75,0.0,0.0
2005-02-27 19:30:00,1660.75,0.0,1.0
2005-02-27 19:34:59,1661.25,0.0,-1.0
2005-02-27 19:39:59,1660.75,0.0,1.0
2005-02-27 19:44:59,1661.25,0.0,1.0
2005-02-27 19:49:59,1661.75,0.0,1.0
2005-02-27 19:55:00,1662.25,-1.0,1.0
2005-02-27 19:59:59,1663.75,0.0,1.0
2005-02-27 20:04:59,1664.25,0.0,-1.0
2005-02-27 20:09:59,1662.75,-1.0,-1.0
2005-02-27 20:15:00,1661.25,-1.0,-1.0
2005-02-27 20:19:59,1660.75,-1.0,-1.0
2005-02-27 20:24:59,1658.75,-1.0,-1.0
2005-02-27 20:29:59,1656.75,-1.0,1.0
2005-02-27 20:34:59,1657.25,-1.0,1.0
2005-02-27 20:40:00,1659.25,-1.0,0.0
2005-02-27 20:44:59,1659.25,-1.0,1.0
2005-02-27 20:49:59,1659.75,-1.0,-1.0
2005-02-27 20:54:59,1659.25,-1.0,-1.0
2005-02-27 21:00:00,1658.25,-1.0,1.0
2005-02-27 21:04:59,1660.25,-1.0,-1.0
2005-02-27 21:09:59,1659.25,-1.0,1.0
2005-02-27 21:14:59,1660.25,-1.0,0.0
2005-02-27 21:19:59,1660.25,-1.0,1.0
2005-02-27 21:25:00,1661.25,-1.0,1.0
2005-02-27 21:29:59,1661.75,-1.0,1.0
2005-02-27 21:34:59,1662.25,-1.0,1.0
2005-02-27 21:39:59,1662.75,-1.0,-1.0
2005-02-27 21:45:00,1662.25,-1.0,0.0
2005-02-27 21:49:59,1662.25,-1.0,-1.0
2005-02-27 21:54:59,1661.25,-1.0,-1.0
2005-02-27 21:59:59,1660.25,-1.0,0.0
2005-02-27 22:04:59,1660.25,-1.0,-1.0
2005-02-27 22:10:00,1659.25,-1.0,0.0
2005-02-27 22:14:59,1659.25,-1.0,0.0
2005-02-27 22:19:59,1659.25,-1.0,0.0
2005-02-27 22:24:59,1659.25,-1.0,1.0
2005-02-27 22:30:00,1660.25,-1.0,-1.0
2005-02-27 22:34:59,1659.25,-1.0,0.0
2005-02-27 22:39:59,1659.25,-1.0,1.0
2005-02-27 22:44:59,1659.75,-1.0,0.0
2005-02-27 22:49:59,1659.75,-1.0,0.0
2005-02-27 22:55:00,1659.75,-1.0,0.0
2005-02-27 22:59:59,1659.75,-1.0,1.0
2005-02-27 23:04:59,1660.25,-1.0,0.0
2005-02-27 23:09:59,1660.25,-1.0,1.0
2005-02-27 23:15:00,1661.25,-1.0,-1.0
2005-02-27 23:19:59,1660.75,-1.0,0.0
2005-02-27 23:24:59,1660.75,-1.0,0.0
2005-02-28 00:00:00,1660.75,-1.0,1.0
2005-02-28 00:04:59,1661.25,-1.0,-1.0
2005-02-28 00:09:59,1660.75,-1.0,0.0
2005-02-28 00:14:59,1660.75,-1.0,-1.0
2005-02-28 00:19:59,1660.25,-1.0,1.0
2005-02-28 00:25:00,1660.75,-1.0,-1.0
2005-02-28 00:29:59,1660.25,-1.0,1.0
2005-02-28 00:34:59,1660.75,-1.0,-1.0
2005-02-28 00:39:59,1660.25,-1.0,1.0
2005-02-28 00:45:00,1660.75,-1.0,-1.0
2005-02-28 00:49:59,1659.75,-1.0,1.0
2005-02-28 00:54:59,1660.75,-1.0,-1.0
2005-02-28 00:59:59,1660.25,-1.0,0.0
2005-02-28 01:04:59,1660.25,-1.0,0.0
2005-02-28 01:10:00,1660.25,-1.0,1.0
2005-02-28 01:14:59,1660.75,-1.0,1.0
2005-02-28 01:19:59,1661.25,-1.0,0.0
2005-02-28 01:24:59,1661.25,-1.0,1.0
2005-02-28 01:30:00,1661.75,-1.0,0.0
2005-02-28 01:34:59,1661.75,-1.0,-1.0
2005-02-28 01:39:59,1661.25,-1.0,1.0
2005-02-28 01:44:59,1661.75,-1.0,-1.0
2005-02-28 01:49:59,1661.25,-1.0,0.0
2005-02-28 01:55:00,1661.25,-1.0,0.0
2005-02-28 01:59:59,1661.25,-1.0,-1.0
2005-02-28 02:04:59,1660.75,-1.0,0.0
2005-02-28 02:09:59,1660.75,-1.0,1.0
2005-02-28 02:15:00,1661.25,-1.0,0.0
2005-02-28 02:19:59,1661.25,-1.0,0.0
2005-02-28 02:24:59,1661.25,-1.0,1.0
2005-02-28 02:29:59,1661.75,-1.0,0.0
2005-02-28 02:34:59,1661.75,-1.0,0.0
2005-02-28 02:40:00,1661.75,-1.0,0.0
2005-02-28 02:44:59,1661.75,-1.0,1.0
2005-02-28 02:49:59,1662.25,-1.0,0.0
2005-02-28 02:54:59,1662.25,-1.0,0.0
2005-02-28 03:00:00,1662.25,0.0,0.0
2005-02-28 03:04:59,1662.25,-1.0,0.0
2005-02-28 03:09:59,1662.25,-1.0,0.0
2005-02-28 03:14:59,1662.25,-1.0,0.0
2005-02-28 03:19:59,1662.25,0.0,0.0
2005-02-28 03:25:00,1662.25,0.0,-1.0
2005-02-28 03:29:59,1661.75,0.0,0.0
2005-02-28 03:34:59,1661.75,0.0,0.0
2005-02-28 03:39:59,1661.75,0.0,0.0
2005-02-28 03:45:00,1661.75,0.0,0.0
2005-02-28 03:49:59,1661.75,0.0,1.0
2005-02-28 03:54:59,1662.25,0.0,0.0
2005-02-28 03:59:59,1662.25,0.0,0.0
2005-02-28 04:04:59,1662.25,0.0,1.0
2005-02-28 04:10:00,1662.75,0.0,0.0
2005-02-28 04:14:59,1662.75,0.0,0.0
2005-02-28 04:19:59,1662.75,0.0,0.0
2005-02-28 04:24:59,1662.75,0.0,0.0
2005-02-28 04:30:00,1662.75,0.0,0.0
2005-02-28 04:34:59,1662.75,0.0,-1.0
2005-02-28 04:39:59,1662.25,0.0,0.0
2005-02-28 04:44:59,1662.25,0.0,0.0
2005-02-28 04:49:59,1662.25,0.0,1.0
2005-02-28 04:55:00,1662.75,0.0,0.0
2005-02-28 04:59:59,1662.75,-1.0,0.0
2005-02-28 05:04:59,1662.75,-1.0,1.0
2005-02-28 05:09:59,1663.25,1.0,0.0
2005-02-28 05:15:00,1663.25,-1.0,1.0
2005-02-28 05:19:59,1663.75,-1.0,-1.0
2005-02-28 05:24:59,1663.25,0.0,0.0
2005-02-28 05:29:59,1663.25,0.0,0.0
2005-02-28 05:34:59,1663.25,0.0,1.0
2005-02-28 05:40:00,1663.75,0.0,0.0
2005-02-28 05:44:59,1663.75,0.0,0.0
2005-02-28 05:49:59,1663.75,0.0,0.0
2005-02-28 05:54:59,1663.75,0.0,1.0
2005-02-28 06:00:00,1664.25,0.0,0.0
2005-02-28 06:04:59,1664.25,0.0,0.0
2005-02-28 06:09:59,1664.25,0.0,-1.0
2005-02-28 06:14:59,1663.75,0.0,0.0
2005-02-28 06:19:59,1663.75,0.0,-1.0
2005-02-28 06:25:00,1663.25,0.0,1.0
2005-02-28 06:29:59,1663.75,0.0,0.0
2005-02-28 06:34:59,1663.75,-1.0,0.0
2005-02-28 06:39:59,1663.75,-1.0,1.0
2005-02-28 06:45:00,1664.25,-1.0,0.0
2005-02-28 06:49:59,1664.25,-1.0,-1.0
2005-02-28 06:54:59,1663.75,-1.0,1.0
2005-02-28 06:59:59,1664.25,-1.0,-1.0
2005-02-28 07:04:59,1663.75,-1.0,0.0
2005-02-28 07:10:00,1663.75,-1.0,1.0
2005-02-28 07:14:59,1664.75,-1.0,-1.0
2005-02-28 07:19:59,1664.25,-1.0,1.0
2005-02-28 07:24:59,1665.25,-1.0,0.0
2005-02-28 07:30:00,1665.25,-1.0,-1.0
2005-02-28 07:34:59,1664.75,-1.0,0.0
2005-02-28 07:39:59,1664.75,0.0,0.0
2005-02-28 07:44:59,1664.75,0.0,0.0
2005-02-28 07:49:59,1664.75,0.0,0.0
2005-02-28 07:55:00,1664.75,0.0,1.0
2005-02-28 07:59:59,1665.25,0.0,0.0
2005-02-28 08:04:59,1665.25,0.0,-1.0
2005-02-28 08:09:59,1664.75,0.0,0.0
2005-02-28 08:15:00,1664.75,0.0,1.0
2005-02-28 08:19:59,1665.25,-1.0,1.0
2005-02-28 08:24:59,1666.25,-1.0,0.0
2005-02-28 08:29:59,1666.25,0.0,-1.0
2005-02-28 08:34:59,1664.75,0.0,0.0
2005-02-28 08:40:00,1664.75,-1.0,0.0
2005-02-28 08:44:59,1664.75,-1.0,0.0
2005-02-28 08:49:59,1664.75,-1.0,0.0
2005-02-28 08:54:59,1664.75,-1.0,1.0
2005-02-28 09:00:00,1665.25,-1.0,-1.0
2005-02-28 09:04:59,1664.25,-1.0,1.0
2005-02-28 09:09:59,1665.75,-1.0,1.0
2005-02-28 09:14:59,1666.25,0.0,-1.0
2005-02-28 09:19:59,1665.75,-1.0,-1.0
2005-02-28 09:25:00,1665.25,0.0,1.0
2005-02-28 09:29:59,1665.75,-1.0,-1.0
2005-02-28 09:34:59,1665.25,0.0,0.0
2005-02-28 09:39:59,1665.25,-1.0,1.0
2005-02-28 09:45:00,1665.75,-1.0,-1.0
2005-02-28 09:49:59,1664.75,-1.0,1.0
2005-02-28 09:54:59,1665.25,-1.0,1.0
2005-02-28 09:59:59,1665.75,-1.0,-1.0
2005-02-28 10:04:59,1665.25,-1.0,1.0
2005-02-28 10:10:00,1665.75,-1.0,0.0
2005-02-28 10:14:59,1665.75,-1.0,0.0
2005-02-28 10:19:59,1665.75,-1.0,0.0
2005-02-28 10:24:59,1665.75,-1.0,-1.0
2005-02-28 10:30:00,1664.75,-1.0,0.0
2005-02-28 10:34:59,1664.75,-1.0,1.0
2005-02-28 10:39:59,1665.25,-1.0,1.0
2005-02-28 10:44:59,1665.75,-1.0,1.0
2005-02-28 10:49:59,1666.25,-1.0,-1.0
2005-02-28 10:55:00,1665.25,-1.0,1.0
2005-02-28 10:59:59,1666.25,-1.0,1.0
2005-02-28 11:04:59,1666.75,-1.0,1.0
2005-02-28 11:09:59,1667.25,-1.0,-1.0
2005-02-28 11:15:00,1666.25,-1.0,1.0
2005-02-28 11:19:59,1666.75,-1.0,0.0
2005-02-28 11:24:59,1666.75,-1.0,0.0
2005-02-28 11:29:59,1666.75,1.0,-1.0
2005-02-28 11:34:59,1666.25,1.0,1.0
2005-02-28 11:40:00,1667.25,1.0,-1.0
2005-02-28 11:44:59,1666.75,1.0,1.0
2005-02-28 11:49:59,1667.25,1.0,0.0
2005-02-28 11:54:59,1667.25,-1.0,-1.0
2005-02-28 12:00:00,1666.75,1.0,0.0
2005-02-28 12:04:59,1666.75,1.0,1.0
2005-02-28 12:09:59,1667.25,1.0,0.0
2005-02-28 12:14:59,1667.25,1.0,1.0
2005-02-28 12:19:59,1667.75,1.0,0.0
2005-02-28 12:25:00,1667.75,1.0,0.0
2005-02-28 12:29:59,1667.75,1.0,-1.0
2005-02-28 12:34:59,1667.25,1.0,0.0
2005-02-28 12:39:59,1667.25,-1.0,0.0
2005-02-28 12:45:00,1667.25,-1.0,0.0
2005-02-28 12:49:59,1667.25,-1.0,-1.0
2005-02-28 12:54:59,1666.75,-1.0,-1.0
2005-02-28 12:59:59,1666.25,-1.0,-1.0
2005-02-28 13:04:59,1665.25,-1.0,1.0
2005-02-28 13:10:00,1665.75,-1.0,-1.0
2005-02-28 13:14:59,1665.25,-1.0,-1.0
2005-02-28 13:19:59,1664.75,-1.0,0.0
2005-02-28 13:24:59,1664.75,-1.0,0.0
2005-02-28 13:30:00,1664.75,-1.0,1.0
2005-02-28 13:34:59,1665.25,-1.0,-1.0
2005-02-28 13:39:59,1664.75,-1.0,-1.0
2005-02-28 13:44:59,1663.75,-1.0,-1.0
2005-02-28 13:49:59,1662.75,-1.0,1.0
2005-02-28 13:55:00,1663.75,-1.0,-1.0
2005-02-28 13:59:59,1663.25,-1.0,1.0
2005-02-28 14:04:59,1663.75,-1.0,0.0
2005-02-28 14:09:59,1663.75,-1.0,1.0
2005-02-28 14:15:00,1664.25,-1.0,-1.0
2005-02-28 14:19:59,1663.75,-1.0,-1.0
2005-02-28 14:24:59,1663.25,-1.0,1.0
2005-02-28 14:29:59,1665.75,-1.0,0.0
2005-02-28 14:34:59,1665.75,-1.0,0.0
2005-02-28 14:40:00,1665.75,-1.0,0.0
2005-02-28 14:44:59,1665.75,-1.0,1.0
2005-02-28 14:49:59,1666.25,-1.0,-1.0
2005-02-28 14:54:59,1665.75,-1.0,1.0
2005-02-28 15:00:00,1666.25,-1.0,-1.0
2005-02-28 15:04:59,1665.25,-1.0,-1.0
2005-02-28 15:09:59,1664.25,-1.0,1.0
2005-02-28 15:14:59,1664.75,-1.0,1.0
2005-02-28 15:19:59,1665.25,-1.0,-1.0
2005-02-28 15:25:00,1663.25,1.0,-1.0
2005-02-28 15:29:59,1662.25,-1.0,1.0
2005-02-28 15:34:59,1663.25,1.0,-1.0
2005-02-28 15:39:59,1661.25,-1.0,0.0
2005-02-28 15:45:00,1661.25,0.0,1.0
2005-02-28 15:49:59,1662.75,0.0,-1.0
2005-02-28 15:54:59,1662.25,0.0,1.0
2005-02-28 15:59:59,1669.75,0.0,-1.0
2005-02-28 16:04:59,1668.25,0.0,-1.0
2005-02-28 16:10:00,1667.75,0.0,1.0
2005-02-28 16:14:59,1668.25,0.0,-1.0
2005-02-28 16:19:59,1665.75,-1.0,-1.0
2005-02-28 16:24:59,1664.25,1.0,1.0
2005-02-28 16:30:00,1666.25,-1.0,-1.0
2005-02-28 16:34:59,1664.25,-1.0,-1.0
2005-02-28 16:39:59,1663.75,-1.0,1.0
2005-02-28 16:44:59,1664.25,-1.0,1.0
2005-02-28 16:49:59,1665.75,-1.0,-1.0
2005-02-28 16:55:00,1663.75,0.0,1.0
2005-02-28 16:59:59,1664.25,-1.0,1.0
2005-02-28 17:04:59,1665.25,0.0,-1.0
2005-02-28 17:09:59,1664.25,0.0,0.0
2005-02-28 17:15:00,1664.25,0.0,-1.0
2005-02-28 17:19:59,1663.75,0.0,-1.0
2005-02-28 17:24:59,1660.75,0.0,-1.0
2005-02-28 17:29:59,1656.75,0.0,-1.0
2005-02-28 17:34:59,1654.75,1.0,-1.0
2005-02-28 17:40:00,1651.75,1.0,-1.0
2005-02-28 17:44:59,1649.75,0.0,-1.0
2005-02-28 17:49:59,1648.75,0.0,0.0
2005-02-28 17:54:59,1648.75,-1.0,1.0
2005-02-28 18:00:00,1649.25,1.0,1.0
2005-02-28 18:04:59,1649.75,1.0,0.0
2005-02-28 18:09:59,1649.75,-1.0,0.0
2005-02-28 18:14:59,1649.75,1.0,0.0
2005-02-28 18:19:59,1649.75,-1.0,0.0
2005-02-28 18:25:00,1649.75,-1.0,0.0
2005-02-28 18:29:59,1649.75,1.0,1.0
2005-02-28 18:34:59,1651.25,1.0,-1.0
2005-02-28 18:39:59,1650.75,1.0,0.0
2005-02-28 18:45:00,1650.75,1.0,0.0
2005-02-28 18:49:59,1650.75,-1.0,-1.0
2005-02-28 18:54:59,1649.75,-1.0,1.0
2005-02-28 18:59:59,1651.25,-1.0,-1.0
2005-02-28 19:04:59,1650.75,-1.0,0.0
2005-02-28 19:10:00,1650.75,-1.0,-1.0
2005-02-28 19:14:59,1649.75,1.0,1.0
2005-02-28 19:19:59,1651.25,1.0,0.0
2005-02-28 19:24:59,1651.25,1.0,1.0
2005-02-28 19:30:00,1651.75,1.0,0.0
2005-02-28 19:34:59,1651.75,1.0,-1.0
2005-02-28 19:39:59,1650.25,-1.0,-1.0
2005-02-28 19:44:59,1649.25,1.0,1.0
2005-02-28 19:49:59,1649.75,1.0,-1.0
2005-02-28 19:55:00,1648.75,1.0,1.0
2005-02-28 19:59:59,1650.25,1.0,1.0
2005-02-28 20:04:59,1651.25,1.0,1.0
2005-02-28 20:09:59,1654.25,1.0,0.0
2005-02-28 20:15:00,1654.25,1.0,1.0
2005-02-28 20:19:59,1655.75,-1.0,-1.0
2005-02-28 20:24:59,1654.75,-1.0,1.0
2005-02-28 20:29:59,1656.75,-1.0,-1.0
2005-02-28 20:34:59,1652.25,-1.0,1.0
2005-02-28 20:40:00,1654.25,1.0,1.0
2005-02-28 20:44:59,1656.25,0.0,1.0
2005-02-28 20:49:59,1658.25,0.0,1.0
2005-02-28 20:54:59,1660.75,0.0,-1.0
2005-02-28 21:00:00,1659.25,-1.0,-1.0
2005-02-28 21:04:59,1658.25,-1.0,-1.0
2005-02-28 21:09:59,1657.75,-1.0,1.0
2005-02-28 21:14:59,1659.75,-1.0,-1.0
2005-02-28 21:19:59,1657.25,0.0,1.0
2005-02-28 21:25:00,1658.25,-1.0,-1.0
2005-02-28 21:29:59,1657.75,-1.0,-1.0
2005-02-28 21:34:59,1655.75,0.0,-1.0
2005-02-28 21:39:59,1654.75,0.0,-1.0
2005-02-28 21:45:00,1653.75,1.0,-1.0
2005-02-28 21:49:59,1652.75,0.0,1.0
2005-02-28 21:54:59,1654.25,1.0,0.0
2005-02-28 21:59:59,1654.25,-1.0,0.0
2005-02-28 22:04:59,1654.25,-1.0,1.0
2005-02-28 22:10:00,1655.75,-1.0,1.0
2005-03-03 00:29:59,1658.25,-1.0,1.0
2005-03-03 00:34:59,1658.75,-1.0,0.0
2005-03-03 00:39:59,1658.75,-1.0,0.0
2005-03-03 00:45:00,1658.75,0.0,0.0
2005-03-03 00:49:59,1658.75,0.0,-1.0
2005-03-03 00:54:59,1658.25,0.0,0.0
2005-03-03 00:59:59,1658.25,0.0,0.0
2005-03-03 01:04:59,1658.25,0.0,1.0
2005-03-03 01:10:00,1659.25,0.0,1.0
2005-03-03 01:14:59,1659.75,0.0,1.0
2005-03-03 01:19:59,1660.25,0.0,-1.0
2005-03-03 01:24:59,1659.75,0.0,0.0
2005-03-03 01:30:00,1659.75,0.0,-1.0
2005-03-03 01:34:59,1659.25,0.0,0.0
2005-03-03 01:39:59,1659.25,0.0,1.0
2005-03-03 01:44:59,1660.25,0.0,1.0
2005-03-03 01:49:59,1660.75,0.0,-1.0
2005-03-03 01:55:00,1660.25,0.0,1.0
2005-03-03 01:59:59,1660.75,0.0,0.0
2005-03-03 02:04:59,1660.75,0.0,0.0
2005-03-03 02:09:59,1660.75,0.0,0.0
2005-03-03 02:15:00,1660.75,0.0,1.0
2005-03-03 02:19:59,1661.25,0.0,0.0
2005-03-03 02:24:59,1661.25,0.0,-1.0
2005-03-03 02:29:59,1660.25,0.0,1.0
2005-03-03 02:34:59,1661.25,0.0,0.0
2005-03-03 02:40:00,1661.25,0.0,1.0
2005-03-03 02:44:59,1661.75,0.0,-1.0
2005-03-03 02:49:59,1661.25,0.0,1.0
2005-03-03 02:54:59,1661.75,0.0,0.0
2005-03-03 03:00:00,1661.75,0.0,0.0
2005-03-03 03:04:59,1661.75,0.0,0.0
2005-03-03 03:09:59,1661.75,0.0,-1.0
2005-03-03 03:14:59,1661.25,0.0,1.0
2005-03-03 03:19:59,1661.75,0.0,0.0
2005-03-03 03:25:00,1661.75,1.0,-1.0
2005-03-03 03:29:59,1661.25,-1.0,0.0
2005-03-03 03:34:59,1661.25,1.0,1.0
2005-03-03 03:39:59,1661.75,-1.0,0.0
2005-03-03 03:45:00,1661.75,-1.0,0.0
2005-03-03 03:49:59,1661.75,1.0,-1.0
2005-03-03 03:54:59,1661.25,-1.0,0.0
2005-03-03 03:59:59,1661.25,-1.0,0.0
2005-03-03 04:04:59,1661.25,-1.0,1.0
2005-03-03 04:10:00,1661.75,-1.0,1.0
2005-03-03 04:14:59,1662.25,-1.0,1.0
2005-03-03 04:19:59,1662.75,-1.0,0.0
2005-03-03 04:24:59,1662.75,-1.0,0.0
2005-03-03 04:30:00,1662.75,-1.0,0.0
2005-03-03 04:34:59,1662.75,-1.0,-1.0
2005-03-03 04:39:59,1662.25,-1.0,1.0
2005-03-03 04:44:59,1662.75,-1.0,0.0
2005-03-03 04:49:59,1662.75,-1.0,0.0
2005-03-03 04:55:00,1662.75,-1.0,1.0
2005-03-03 04:59:59,1663.75,0.0,-1.0
2005-03-03 05:04:59,1663.25,0.0,0.0
2005-03-03 05:09:59,1663.25,0.0,0.0
2005-03-03 05:15:00,1663.25,1.0,0.0
2005-03-03 05:19:59,1663.25,1.0,0.0
2005-03-03 05:24:59,1663.25,-1.0,0.0
2005-03-03 05:29:59,1663.25,0.0,0.0
2005-03-03 05:34:59,1663.25,0.0,0.0
2005-03-03 05:40:00,1663.25,0.0,-1.0
2005-03-03 05:44:59,1662.75,0.0,1.0
2005-03-03 05:49:59,1663.75,0.0,-1.0
2005-03-03 05:54:59,1663.25,0.0,0.0
2005-03-03 06:00:00,1663.25,1.0,0.0
2005-03-03 06:04:59,1663.25,1.0,0.0
2005-03-03 06:09:59,1663.25,1.0,0.0
2005-03-03 06:14:59,1663.25,1.0,0.0
2005-03-03 06:19:59,1663.25,1.0,0.0
2005-03-03 06:25:00,1663.25,1.0,0.0
2005-03-03 06:29:59,1663.25,1.0,1.0
2005-03-03 06:34:59,1663.75,1.0,0.0
2005-03-03 06:39:59,1663.75,1.0,0.0
2005-03-03 06:45:00,1663.75,1.0,0.0
2005-03-03 06:49:59,1663.75,1.0,0.0
2005-03-03 06:54:59,1663.75,1.0,0.0
2005-03-03 06:59:59,1663.75,1.0,1.0
2005-03-03 07:04:59,1664.25,1.0,0.0
2005-03-03 07:10:00,1664.25,1.0,1.0
2005-03-03 07:14:59,1664.75,0.0,-1.0
2005-03-03 07:19:59,1664.25,0.0,0.0
2005-03-03 07:24:59,1664.25,0.0,0.0
2005-03-03 07:30:00,1664.25,0.0,0.0
2005-03-03 07:34:59,1664.25,0.0,0.0
2005-03-03 07:39:59,1664.25,0.0,1.0
2005-03-03 07:44:59,1664.75,0.0,0.0
2005-03-03 07:49:59,1664.75,0.0,0.0
2005-03-03 07:55:00,1664.75,0.0,-1.0
2005-03-03 07:59:59,1664.25,0.0,1.0
2005-03-03 08:04:59,1664.75,0.0,1.0
2005-03-03 08:09:59,1665.25,0.0,1.0
2005-03-03 08:15:00,1665.75,0.0,0.0
2005-03-03 08:19:59,1665.75,0.0,-1.0
2005-03-03 08:24:59,1665.25,0.0,-1.0
2005-03-03 08:29:59,1664.75,0.0,-1.0
2005-03-03 08:34:59,1664.25,0.0,0.0
2005-03-03 08:40:00,1664.25,1.0,-1.0
2005-03-03 08:44:59,1663.75,1.0,0.0
2005-03-03 08:49:59,1663.75,1.0,0.0
2005-03-03 08:54:59,1663.75,1.0,1.0
2005-03-03 09:00:00,1665.25,1.0,0.0
2005-03-03 09:04:59,1665.25,0.0,1.0
2005-03-03 09:09:59,1665.75,1.0,1.0
2005-03-03 09:14:59,1666.75,1.0,-1.0
2005-03-03 09:19:59,1665.25,1.0,-1.0
2005-03-03 09:25:00,1664.75,0.0,-1.0
2005-03-03 09:29:59,1664.25,0.0,1.0
2005-03-03 09:34:59,1664.75,0.0,-1.0
2005-03-03 09:39:59,1664.25,0.0,0.0
2005-03-03 09:45:00,1664.25,0.0,0.0
2005-03-03 09:49:59,1664.25,0.0,1.0
2005-03-03 09:54:59,1665.75,0.0,-1.0
2005-03-03 09:59:59,1664.75,0.0,1.0
2005-03-03 10:04:59,1665.75,0.0,-1.0
2005-03-03 10:10:00,1664.75,0.0,1.0
2005-03-03 10:14:59,1665.25,0.0,-1.0
2005-03-03 10:19:59,1664.25,0.0,-1.0
2005-03-03 10:24:59,1663.75,0.0,1.0
2005-03-03 10:30:00,1664.25,0.0,0.0
2005-03-03 10:34:59,1664.25,0.0,-1.0
2005-03-03 10:39:59,1663.75,0.0,0.0
2005-03-03 10:44:59,1663.75,0.0,0.0
2005-03-03 10:49:59,1663.75,0.0,-1.0
2005-03-03 10:55:00,1662.25,0.0,-1.0
2005-03-03 10:59:59,1661.75,0.0,0.0
2005-03-03 11:04:59,1661.75,0.0,-1.0
2005-03-03 11:09:59,1661.25,0.0,0.0
2005-03-03 11:15:00,1661.25,1.0,1.0
2005-03-03 11:19:59,1662.25,1.0,-1.0
2005-03-03 11:24:59,1661.25,1.0,1.0
2005-03-03 11:29:59,1661.75,-1.0,1.0
2005-03-03 11:34:59,1662.25,-1.0,0.0
2005-03-03 11:40:00,1662.25,-1.0,-1.0
2005-03-03 11:44:59,1661.75,0.0,0.0
2005-03-03 11:49:59,1661.75,-1.0,-1.0
2005-03-03 11:54:59,1661.25,0.0,1.0
2005-03-03 12:00:00,1661.75,-1.0,0.0
2005-03-03 12:04:59,1661.75,1.0,0.0
2005-03-03 12:09:59,1661.75,1.0,-1.0
2005-03-03 12:14:59,1661.25,0.0,1.0
2005-03-03 12:19:59,1661.75,0.0,0.0
2005-03-03 12:25:00,1661.75,-1.0,-1.0
2005-03-03 12:29:59,1661.25,0.0,-1.0
2005-03-03 12:34:59,1660.75,0.0,1.0
2005-03-03 12:39:59,1661.25,0.0,0.0
2005-03-03 12:45:00,1661.25,0.0,-1.0
2005-03-03 12:49:59,1660.75,0.0,-1.0
2005-03-03 12:54:59,1660.25,0.0,0.0
2005-03-03 12:59:59,1660.25,0.0,1.0
2005-03-03 13:04:59,1660.75,0.0,0.0
2005-03-03 13:10:00,1660.75,0.0,0.0
2005-03-03 13:14:59,1660.75,0.0,-1.0
2005-03-03 13:19:59,1660.25,0.0,0.0
2005-03-03 13:24:59,1660.25,0.0,-1.0
2005-03-03 13:30:00,1659.75,1.0,1.0
2005-03-03 13:34:59,1660.25,0.0,0.0
2005-03-03 13:39:59,1660.25,1.0,0.0
2005-03-03 13:44:59,1660.25,0.0,-1.0
2005-03-03 13:49:59,1659.75,0.0,-1.0
2005-03-03 13:55:00,1659.25,0.0,0.0
2005-03-03 13:59:59,1659.25,0.0,-1.0
2005-03-03 14:04:59,1658.25,0.0,1.0
2005-03-03 14:09:59,1658.75,0.0,0.0
2005-03-03 14:15:00,1658.75,0.0,0.0
2005-03-03 14:19:59,1658.75,0.0,1.0
2005-03-03 14:24:59,1659.25,0.0,-1.0
2005-03-03 14:29:59,1658.75,0.0,0.0
2005-03-03 14:34:59,1658.75,0.0,1.0
2005-03-03 14:40:00,1659.75,0.0,0.0
2005-03-03 14:44:59,1659.75,0.0,-1.0
2005-03-03 14:49:59,1659.25,0.0,0.0
2005-03-03 14:54:59,1659.25,0.0,-1.0
2005-03-03 15:00:00,1658.75,0.0,1.0
2005-03-03 15:04:59,1659.25,0.0,1.0
2005-03-03 15:09:59,1660.25,0.0,0.0
2005-03-03 15:14:59,1660.25,0.0,-1.0
2005-03-03 15:19:59,1659.25,0.0,1.0
2005-03-03 15:25:00,1660.25,0.0,0.0
2005-03-03 15:29:59,1660.25,0.0,-1.0
2005-03-03 15:34:59,1659.25,0.0,-1.0
2005-03-03 15:39:59,1658.75,0.0,1.0
2005-03-03 15:45:00,1659.25,0.0,1.0
2005-03-03 15:49:59,1662.25,0.0,-1.0
2005-03-03 15:54:59,1660.75,0.0,1.0
2005-03-03 15:59:59,1662.75,0.0,1.0
2005-03-03 16:04:59,1665.25,0.0,-1.0
2005-03-03 16:10:00,1664.25,0.0,1.0
2005-03-03 16:14:59,1664.75,0.0,-1.0
2005-03-03 16:19:59,1663.25,0.0,-1.0
2005-03-03 16:24:59,1660.75,0.0,1.0
2005-03-03 16:30:00,1661.25,0.0,-1.0
2005-03-03 16:34:59,1659.25,0.0,-1.0
2005-03-03 16:39:59,1658.75,0.0,0.0
2005-03-03 16:44:59,1658.75,0.0,0.0
2005-03-03 16:49:59,1658.75,0.0,-1.0
2005-03-03 16:55:00,1656.75,0.0,-1.0
2005-03-03 16:59:59,1653.75,0.0,-1.0
2005-03-03 17:04:59,1652.75,0.0,1.0
2005-03-03 17:09:59,1655.25,-1.0,-1.0
2005-03-03 17:15:00,1652.75,1.0,1.0
2005-03-03 17:19:59,1654.75,0.0,1.0
2005-03-03 17:24:59,1655.75,1.0,1.0
2005-03-03 17:29:59,1656.25,1.0,0.0
2005-03-03 17:34:59,1656.25,0.0,-1.0
2005-03-03 17:40:00,1655.25,0.0,1.0
2005-03-03 17:44:59,1655.75,0.0,1.0
2005-03-03 17:49:59,1656.25,0.0,1.0
2005-03-03 17:54:59,1659.25,0.0,1.0
2005-03-03 18:00:00,1659.75,0.0,1.0
2005-03-03 18:04:59,1660.25,0.0,1.0
2005-03-03 18:09:59,1661.75,0.0,0.0
2005-03-03 18:14:59,1661.75,0.0,-1.0
2005-03-03 18:19:59,1661.25,0.0,-1.0
2005-03-03 18:25:00,1660.25,0.0,-1.0
2005-03-03 18:29:59,1659.75,0.0,-1.0
2005-03-03 18:34:59,1658.75,0.0,1.0
2005-03-03 18:39:59,1660.25,0.0,-1.0
2005-03-03 18:45:00,1659.75,0.0,1.0
2005-03-03 18:49:59,1660.75,0.0,0.0
2005-03-03 18:54:59,1660.75,0.0,0.0
2005-03-03 18:59:59,1660.75,0.0,-1.0
2005-03-03 19:04:59,1659.75,1.0,1.0
2005-03-03 19:10:00,1660.75,1.0,0.0
2005-03-03 19:14:59,1660.75,1.0,1.0
2005-03-03 19:19:59,1662.25,0.0,1.0
2005-03-03 19:24:59,1662.75,0.0,-1.0
2005-03-03 19:30:00,1662.25,0.0,1.0
2005-03-03 19:34:59,1662.75,0.0,-1.0
2005-03-03 19:39:59,1660.25,0.0,1.0
2005-03-03 19:44:59,1661.25,0.0,1.0
2005-03-03 19:49:59,1663.75,-1.0,0.0
2005-03-03 19:55:00,1663.75,-1.0,1.0
2005-03-03 19:59:59,1666.75,-1.0,-1.0
2005-03-03 20:04:59,1666.25,-1.0,1.0
2005-03-03 20:09:59,1667.75,0.0,-1.0
2005-03-03 20:15:00,1667.25,-1.0,-1.0
2005-03-03 20:19:59,1665.75,-1.0,1.0
2005-03-03 20:24:59,1666.25,-1.0,-1.0
2005-03-03 20:29:59,1665.75,-1.0,1.0
2005-03-03 20:34:59,1666.75,-1.0,1.0
2005-03-03 20:40:00,1669.75,-1.0,1.0
2005-03-03 20:44:59,1671.75,-1.0,1.0
2005-03-03 20:49:59,1672.75,-1.0,-1.0
2005-03-03 20:54:59,1671.25,-1.0,0.0
2005-03-03 21:00:00,1671.25,0.0,0.0
2005-03-03 21:04:59,1671.25,-1.0,0.0
2005-03-03 21:09:59,1671.25,-1.0,0.0
2005-03-03 21:14:59,1671.25,-1.0,1.0
2005-03-03 21:19:59,1674.75,-1.0,-1.0
2005-03-03 21:25:00,1674.25,-1.0,1.0
2005-03-03 21:29:59,1674.75,-1.0,-1.0
2005-03-03 21:34:59,1673.75,-1.0,-1.0
2005-03-03 21:39:59,1672.75,-1.0,1.0
2005-03-03 21:45:00,1673.25,-1.0,0.0
2005-03-03 21:49:59,1673.25,-1.0,-1.0
2005-03-03 21:54:59,1672.75,-1.0,1.0
2005-03-03 21:59:59,1674.25,-1.0,0.0
2005-03-03 22:04:59,1674.25,-1.0,0.0
2005-03-03 22:10:00,1674.25,-1.0,0.0
2005-03-03 22:14:59,1674.25,-1.0,0.0
2005-03-03 22:19:59,1674.25,-1.0,0.0
2005-03-03 22:24:59,1674.25,-1.0,1.0
2005-03-03 22:30:00,1674.75,-1.0,0.0
2005-03-03 22:34:59,1674.75,-1.0,0.0
2005-03-03 22:39:59,1674.75,-1.0,1.0
2005-03-03 22:44:59,1675.25,-1.0,0.0
2005-03-03 22:49:59,1675.25,0.0,0.0
2005-03-03 22:55:00,1675.25,0.0,-1.0
2005-03-03 22:59:59,1674.75,-1.0,0.0
2005-03-03 23:04:59,1674.75,-1.0,1.0
2005-03-03 23:09:59,1675.25,-1.0,0.0
2005-03-03 23:15:00,1675.25,-1.0,0.0
2005-03-03 23:19:59,1675.25,-1.0,-1.0
2005-03-03 23:24:59,1674.75,-1.0,-1.0
2005-03-04 00:00:00,1674.25,-1.0,1.0
2005-03-04 00:04:59,1675.25,-1.0,-1.0
2005-03-04 00:09:59,1674.75,-1.0,-1.0
2005-03-04 00:14:59,1674.25,-1.0,1.0
2005-03-04 00:19:59,1675.75,-1.0,0.0
2005-03-04 00:25:00,1675.75,-1.0,-1.0
2005-03-04 00:29:59,1675.25,-1.0,1.0
2005-03-04 00:34:59,1675.75,-1.0,-1.0
2005-03-04 00:39:59,1675.25,-1.0,0.0
2005-03-04 00:45:00,1675.25,-1.0,0.0
2005-03-04 00:49:59,1675.25,-1.0,1.0
2005-03-04 00:54:59,1676.25,-1.0,0.0
2005-03-04 00:59:59,1676.25,-1.0,1.0
2005-03-04 01:04:59,1676.75,-1.0,0.0
2005-03-04 01:10:00,1676.75,-1.0,-1.0
2005-03-04 01:14:59,1675.75,-1.0,0.0
2005-03-04 01:19:59,1675.75,-1.0,1.0
2005-03-04 01:24:59,1676.25,-1.0,0.0
2005-03-04 01:30:00,1676.25,-1.0,0.0
2005-03-04 01:34:59,1676.25,-1.0,0.0
2005-03-04 01:39:59,1676.25,1.0,-1.0
2005-03-04 01:44:59,1675.75,-1.0,0.0
2005-03-04 01:49:59,1675.75,-1.0,1.0
2005-03-04 01:55:00,1676.75,-1.0,-1.0
2005-03-04 01:59:59,1676.25,-1.0,0.0
2005-03-04 02:04:59,1676.25,-1.0,0.0
2005-03-04 02:09:59,1676.25,-1.0,0.0
2005-03-04 02:15:00,1676.25,-1.0,0.0
2005-03-04 02:19:59,1676.25,-1.0,-1.0
2005-03-04 02:24:59,1675.75,-1.0,-1.0
2005-03-04 02:29:59,1675.25,-1.0,-1.0
2005-03-04 02:34:59,1674.75,-1.0,0.0
2005-03-04 02:40:00,1674.75,-1.0,0.0
2005-03-04 02:44:59,1674.75,-1.0,0.0
2005-03-04 02:49:59,1674.75,-1.0,-1.0
2005-03-04 02:54:59,1674.25,-1.0,0.0
2005-03-04 03:00:00,1674.25,-1.0,0.0
2005-03-04 03:04:59,1674.25,-1.0,0.0
2005-03-04 03:09:59,1674.25,-1.0,0.0
2005-03-04 03:14:59,1674.25,-1.0,0.0
2005-03-04 03:19:59,1674.25,-1.0,0.0
2005-03-04 03:25:00,1674.25,-1.0,0.0
2005-03-04 03:29:59,1674.25,-1.0,-1.0
2005-03-04 03:34:59,1673.75,-1.0,0.0
2005-03-04 03:39:59,1673.75,-1.0,0.0
2005-03-04 03:45:00,1673.75,0.0,0.0
2005-03-04 03:49:59,1673.75,0.0,0.0
2005-03-04 03:54:59,1673.75,-1.0,0.0
2005-03-04 03:59:59,1673.75,1.0,0.0
2005-03-04 04:04:59,1673.75,1.0,0.0
2005-03-04 04:10:00,1673.75,1.0,0.0
2005-03-04 04:14:59,1673.75,1.0,0.0
2005-03-04 04:19:59,1673.75,1.0,1.0
2005-03-04 04:24:59,1674.25,1.0,-1.0
2005-03-04 04:30:00,1673.75,1.0,0.0
2005-03-04 04:34:59,1673.75,1.0,1.0
2005-03-04 04:39:59,1674.25,-1.0,0.0
2005-03-04 04:44:59,1674.25,-1.0,0.0
2005-03-04 04:49:59,1674.25,1.0,0.0
2005-03-04 04:55:00,1674.25,1.0,0.0
2005-03-04 04:59:59,1674.25,1.0,0.0
2005-03-04 05:04:59,1674.25,1.0,0.0
2005-03-04 05:09:59,1674.25,-1.0,-1.0
2005-03-04 05:15:00,1673.75,-1.0,-1.0
2005-03-04 05:19:59,1673.25,1.0,0.0
2005-03-04 05:24:59,1673.25,1.0,0.0
2005-03-04 05:29:59,1673.25,1.0,1.0
2005-03-04 05:34:59,1673.75,1.0,0.0
2005-03-04 05:40:00,1673.75,1.0,0.0
2005-03-04 05:44:59,1673.75,1.0,0.0
2005-03-04 05:49:59,1673.75,1.0,-1.0
2005-03-04 05:54:59,1673.25,1.0,1.0
2005-03-04 06:00:00,1673.75,1.0,0.0
2005-03-04 06:04:59,1673.75,-1.0,0.0
2005-03-04 06:09:59,1673.75,-1.0,-1.0
2005-03-04 06:14:59,1673.25,-1.0,-1.0
2005-03-04 06:19:59,1672.75,-1.0,-1.0
2005-03-04 06:25:00,1672.25,-1.0,0.0
2005-03-04 06:29:59,1672.25,1.0,1.0
2005-03-04 06:34:59,1673.25,-1.0,0.0
2005-03-04 06:39:59,1673.25,-1.0,0.0
2005-03-04 06:45:00,1673.25,-1.0,0.0
2005-03-04 06:49:59,1673.25,-1.0,0.0
2005-03-04 06:54:59,1673.25,-1.0,0.0
2005-03-04 06:59:59,1673.25,-1.0,1.0
2005-03-04 07:04:59,1673.75,0.0,0.0
2005-03-04 07:10:00,1673.75,0.0,1.0
2005-03-04 07:14:59,1674.25,0.0,0.0
2005-03-04 07:19:59,1674.25,-1.0,0.0
2005-03-04 07:24:59,1674.25,-1.0,0.0
2005-03-04 07:30:00,1674.25,-1.0,1.0
2005-03-04 07:34:59,1674.75,-1.0,0.0
2005-03-04 07:39:59,1674.75,-1.0,0.0
2005-03-04 07:44:59,1674.75,-1.0,1.0
2005-03-04 07:49:59,1675.25,-1.0,0.0
2005-03-04 07:55:00,1675.25,-1.0,0.0
2005-03-04 07:59:59,1675.25,-1.0,-1.0
2005-03-04 08:04:59,1674.25,0.0,-1.0
2005-03-04 08:09:59,1673.75,-1.0,0.0
2005-03-04 08:15:00,1673.75,-1.0,0.0
2005-03-04 08:19:59,1673.75,-1.0,0.0
2005-03-04 08:24:59,1673.75,-1.0,1.0
2005-03-04 08:29:59,1674.25,0.0,-1.0
2005-03-04 08:34:59,1673.75,-1.0,-1.0
2005-03-04 08:40:00,1673.25,0.0,0.0
2005-03-04 08:44:59,1673.25,-1.0,-1.0
2005-03-04 08:49:59,1672.75,-1.0,-1.0
2005-03-04 08:54:59,1672.25,-1.0,1.0
2005-03-04 09:00:00,1672.75,-1.0,-1.0
2005-03-04 09:04:59,1671.75,-1.0,0.0
2005-03-04 09:09:59,1671.75,-1.0,0.0
2005-03-04 09:14:59,1671.75,-1.0,1.0
2005-03-04 09:19:59,1672.25,-1.0,0.0
2005-03-04 09:25:00,1672.25,-1.0,0.0
2005-03-04 09:29:59,1672.25,-1.0,1.0
2005-03-04 09:34:59,1672.75,-1.0,-1.0
2005-03-04 09:39:59,1671.25,-1.0,0.0
2005-03-04 09:45:00,1671.25,-1.0,1.0
2005-03-04 09:49:59,1672.25,-1.0,1.0
2005-03-04 09:54:59,1673.25,-1.0,0.0
2005-03-04 09:59:59,1673.25,-1.0,0.0
2005-03-04 10:04:59,1673.25,-1.0,0.0
2005-03-04 10:10:00,1673.25,-1.0,-1.0
2005-03-04 10:14:59,1672.75,-1.0,0.0
2005-03-04 10:19:59,1672.75,1.0,0.0
2005-03-04 10:24:59,1672.75,-1.0,1.0
2005-03-04 10:30:00,1673.75,1.0,-1.0
2005-03-04 10:34:59,1673.25,-1.0,0.0
2005-03-04 10:39:59,1673.25,-1.0,1.0
2005-03-04 10:44:59,1673.75,1.0,-1.0
2005-03-04 10:49:59,1673.25,-1.0,0.0
2005-03-04 10:55:00,1673.25,-1.0,0.0
2005-03-04 10:59:59,1673.25,-1.0,1.0
2005-03-04 11:04:59,1673.75,-1.0,-1.0
2005-03-04 11:09:59,1672.75,-1.0,-1.0
2005-03-04 11:15:00,1672.25,-1.0,1.0
2005-03-04 11:19:59,1672.75,-1.0,-1.0
2005-03-04 11:24:59,1672.25,-1.0,0.0
2005-03-04 11:29:59,1672.25,-1.0,1.0
2005-03-04 11:34:59,1672.75,-1.0,-1.0
2005-03-04 11:40:00,1672.25,-1.0,0.0
2005-03-04 11:44:59,1672.25,-1.0,0.0
2005-03-04 11:49:59,1672.25,-1.0,0.0
2005-03-04 11:54:59,1672.25,-1.0,-1.0
2005-03-04 12:00:00,1671.75,-1.0,1.0
2005-03-04 12:04:59,1672.25,-1.0,1.0
2005-03-04 12:09:59,1672.75,-1.0,0.0
2005-03-04 12:14:59,1672.75,-1.0,0.0
2005-03-04 12:19:59,1672.75,-1.0,-1.0
2005-03-04 12:25:00,1672.25,-1.0,0.0
2005-03-04 12:29:59,1672.25,-1.0,-1.0
2005-03-04 12:34:59,1671.75,-1.0,1.0
2005-03-04 12:39:59,1672.25,-1.0,1.0
2005-03-04 12:45:00,1672.75,-1.0,1.0
2005-03-04 12:49:59,1673.25,-1.0,-1.0
2005-03-04 12:54:59,1672.25,-1.0,1.0
2005-03-04 12:59:59,1673.75,-1.0,0.0
2005-03-04 13:04:59,1673.75,-1.0,-1.0
2005-03-04 13:10:00,1673.25,-1.0,-1.0
2005-03-04 13:14:59,1672.75,-1.0,1.0
2005-03-04 13:19:59,1673.25,-1.0,0.0
2005-03-04 13:24:59,1673.25,-1.0,1.0
2005-03-04 13:30:00,1673.75,-1.0,0.0
2005-03-04 13:34:59,1673.75,-1.0,1.0
2005-03-04 13:39:59,1674.75,-1.0,-1.0
2005-03-04 13:44:59,1674.25,-1.0,1.0
2005-03-04 13:49:59,1674.75,-1.0,1.0
2005-03-04 13:55:00,1675.25,-1.0,0.0
2005-03-04 13:59:59,1675.25,-1.0,-1.0
2005-03-04 14:04:59,1674.25,-1.0,1.0
2005-03-04 14:09:59,1674.75,-1.0,0.0
2005-03-04 14:15:00,1674.75,-1.0,-1.0
2005-03-04 14:19:59,1673.75,-1.0,-1.0
2005-03-04 14:24:59,1671.75,-1.0,1.0
2005-03-04 14:29:59,1673.25,-1.0,-1.0
2005-03-04 14:34:59,1672.75,-1.0,0.0
2005-03-04 14:40:00,1672.75,-1.0,1.0
2005-03-04 14:44:59,1673.25,-1.0,-1.0
2005-03-04 14:49:59,1672.75,-1.0,1.0
2005-03-04 14:54:59,1673.25,-1.0,0.0
2005-03-04 15:00:00,1673.25,-1.0,0.0
2005-03-04 15:04:59,1673.25,-1.0,1.0
2005-03-04 15:09:59,1674.25,-1.0,0.0
2005-03-04 15:14:59,1674.25,-1.0,-1.0
2005-03-04 15:19:59,1673.25,-1.0,-1.0
2005-03-04 15:25:00,1672.25,-1.0,1.0
2005-03-04 15:29:59,1673.25,-1.0,1.0
2005-03-04 15:34:59,1673.75,-1.0,1.0
2005-03-04 15:39:59,1675.25,-1.0,-1.0
2005-03-04 15:45:00,1674.75,-1.0,1.0
2005-03-04 15:49:59,1676.25,-1.0,1.0
2005-03-04 15:54:59,1677.75,-1.0,0.0
2005-03-04 15:59:59,1677.75,-1.0,-1.0
2005-03-04 16:04:59,1676.25,-1.0,1.0
2005-03-04 16:10:00,1679.75,-1.0,-1.0
2005-03-04 16:14:59,1677.25,-1.0,-1.0
2005-03-04 16:19:59,1676.25,-1.0,-1.0
2005-03-04 16:24:59,1675.25,-1.0,-1.0
2005-03-04 16:30:00,1673.25,-1.0,1.0
2005-03-04 16:34:59,1674.25,-1.0,-1.0
2005-03-04 16:39:59,1673.25,-1.0,1.0
2005-03-04 16:44:59,1674.75,-1.0,1.0
2005-03-04 16:49:59,1677.25,-1.0,1.0
2005-03-04 16:55:00,1678.75,-1.0,-1.0
2005-03-04 16:59:59,1675.25,-1.0,-1.0
2005-03-04 17:04:59,1673.25,-1.0,1.0
2005-03-04 17:09:59,1674.75,-1.0,1.0
2005-03-04 17:15:00,1675.25,-1.0,-1.0
2005-03-04 17:19:59,1674.75,-1.0,1.0
2005-03-04 17:24:59,1677.75,-1.0,-1.0
2005-03-04 17:29:59,1673.75,-1.0,1.0
2005-03-04 17:34:59,1675.25,-1.0,0.0
2005-03-04 17:40:00,1675.25,-1.0,1.0
2005-03-04 17:44:59,1675.75,-1.0,1.0
2005-03-04 17:49:59,1676.75,1.0,-1.0
2005-03-04 17:54:59,1674.25,-1.0,-1.0
2005-03-04 18:00:00,1671.75,-1.0,-1.0
2005-03-04 18:04:59,1669.75,-1.0,-1.0
2005-03-04 18:09:59,1667.75,-1.0,-1.0
2005-03-04 18:14:59,1665.75,-1.0,1.0
2005-03-04 18:19:59,1666.75,-1.0,1.0
2005-03-04 18:25:00,1668.25,-1.0,-1.0
2005-03-04 18:29:59,1666.75,-1.0,1.0
2005-03-04 18:34:59,1667.25,-1.0,1.0
2005-03-04 18:39:59,1667.75,-1.0,-1.0
2005-03-04 18:45:00,1666.25,-1.0,-1.0
2005-03-04 18:49:59,1663.25,-1.0,1.0
2005-03-04 18:54:59,1664.25,-1.0,-1.0
2005-03-04 18:59:59,1663.25,-1.0,1.0
2005-03-04 19:04:59,1663.75,-1.0,1.0
2005-03-04 19:10:00,1664.25,-1.0,0.0
2005-03-04 19:14:59,1664.25,-1.0,1.0
2005-03-04 19:19:59,1666.25,-1.0,-1.0
2005-03-04 19:24:59,1665.75,-1.0,0.0
2005-03-04 19:30:00,1665.75,1.0,-1.0
2005-03-04 19:34:59,1662.25,1.0,-1.0
2005-03-04 19:39:59,1660.75,0.0,1.0
2005-03-04 19:44:59,1661.25,1.0,1.0
2005-03-04 19:49:59,1662.25,1.0,-1.0
2005-03-04 19:55:00,1661.25,-1.0,1.0
2005-03-04 19:59:59,1661.75,-1.0,1.0
2005-03-04 20:04:59,1662.75,-1.0,1.0
2005-03-04 20:09:59,1663.25,0.0,0.0
2005-03-04 20:15:00,1663.25,0.0,-1.0
2005-03-04 20:19:59,1662.75,0.0,1.0
2005-03-04 20:24:59,1663.75,0.0,-1.0
2005-03-04 20:29:59,1662.25,-1.0,1.0
2005-03-04 20:34:59,1662.75,-1.0,-1.0
2005-03-04 20:40:00,1661.25,-1.0,-1.0
2005-03-04 20:44:59,1659.25,0.0,1.0
2005-03-04 20:49:59,1660.75,0.0,1.0
2005-03-04 20:54:59,1661.25,-1.0,-1.0
2005-03-04 21:00:00,1660.25,0.0,1.0
2005-03-04 21:04:59,1663.75,-1.0,1.0
2005-03-04 21:09:59,1664.25,0.0,-1.0
2005-03-04 21:14:59,1663.75,0.0,1.0
2005-03-04 21:19:59,1665.25,0.0,0.0
2005-03-04 21:25:00,1665.25,0.0,1.0
2005-03-04 21:29:59,1665.75,-1.0,-1.0
2005-03-04 21:34:59,1665.25,-1.0,-1.0
2005-03-04 21:39:59,1663.25,-1.0,-1.0
2005-03-04 21:45:00,1661.75,0.0,-1.0
2005-03-04 21:49:59,1661.25,0.0,-1.0
2005-03-04 21:54:59,1659.75,0.0,-1.0
2005-03-04 21:59:59,1658.25,0.0,1.0
2005-03-04 22:04:59,1659.25,0.0,-1.0
2005-03-04 22:10:00,1657.75,0.0,0.0
2005-03-04 22:14:59,1657.75,0.0,0.0
2005-03-04 22:19:59,1657.75,0.0,0.0
2005-03-04 22:24:59,1657.75,-1.0,-1.0
2005-03-04 22:30:00,1656.75,0.0,1.0
2005-03-04 22:34:59,1657.25,0.0,0.0
2005-03-04 22:39:59,1657.25,0.0,-1.0
2005-03-04 22:44:59,1656.25,0.0,-1.0
2005-03-04 22:49:59,1655.75,0.0,1.0
2005-03-04 22:55:00,1656.25,-1.0,0.0
2005-03-04 22:59:59,1656.25,-1.0,1.0
2005-03-04 23:04:59,1656.75,-1.0,0.0
2005-03-04 23:09:59,1656.75,-1.0,-1.0
2005-03-04 23:15:00,1656.25,-1.0,1.0
2005-03-04 23:19:59,1657.25,0.0,-1.0
2005-03-04 23:24:59,1656.75,0.0,-1.0
2005-03-05 00:00:00,1656.25,0.0,1.0
2005-03-05 00:04:59,1656.75,0.0,1.0
2005-03-05 00:09:59,1657.25,0.0,-1.0
2005-03-05 00:14:59,1656.75,0.0,0.0
2005-03-05 00:19:59,1656.75,0.0,-1.0
2005-03-05 00:25:00,1656.25,0.0,1.0
2005-03-05 00:29:59,1656.75,0.0,0.0
2005-03-05 00:34:59,1656.75,0.0,-1.0
2005-03-05 00:39:59,1656.25,0.0,-1.0
2005-03-05 00:45:00,1655.75,0.0,0.0
2005-03-05 00:49:59,1655.75,0.0,1.0
2005-03-05 00:54:59,1656.25,-1.0,0.0
2005-03-05 00:59:59,1656.25,0.0,0.0
2005-03-05 01:04:59,1656.25,1.0,0.0
2005-03-05 01:10:00,1656.25,1.0,-1.0
2005-03-05 01:14:59,1655.75,0.0,0.0
2005-03-05 01:19:59,1655.75,1.0,0.0
2005-03-05 01:24:59,1655.75,1.0,1.0
2005-03-05 01:30:00,1656.25,1.0,0.0
2005-03-05 01:34:59,1656.25,-1.0,0.0
2005-03-05 01:39:59,1656.25,1.0,0.0
2005-03-05 01:44:59,1656.25,1.0,0.0
2005-03-05 01:49:59,1656.25,-1.0,-1.0
2005-03-05 01:55:00,1655.75,-1.0,0.0
2005-03-05 01:59:59,1655.75,-1.0,0.0
2005-03-05 02:04:59,1655.75,-1.0,1.0
2005-03-05 02:09:59,1656.75,-1.0,0.0
2005-03-05 02:15:00,1656.75,-1.0,0.0
2005-03-05 02:19:59,1656.75,1.0,0.0
2005-03-05 02:24:59,1656.75,0.0,-1.0
2005-03-05 02:29:59,1656.25,1.0,0.0
2005-03-05 02:34:59,1656.25,1.0,1.0
2005-03-05 02:40:00,1656.75,1.0,0.0
2005-03-05 02:44:59,1656.75,1.0,0.0
2005-03-05 02:49:59,1656.75,0.0,0.0
2005-03-05 02:54:59,1656.75,-1.0,0.0
2005-03-05 03:00:00,1656.75,0.0,0.0
2005-03-05 03:04:59,1656.75,-1.0,0.0
2005-03-05 03:09:59,1656.75,-1.0,0.0
2005-03-05 03:14:59,1656.75,-1.0,0.0
2005-03-05 03:19:59,1656.75,-1.0,1.0
2005-03-05 03:25:00,1657.25,1.0,0.0
2005-03-05 03:29:59,1657.25,1.0,0.0
2005-03-05 03:34:59,1657.25,1.0,0.0
2005-03-05 03:39:59,1657.25,1.0,-1.0
2005-03-05 03:45:00,1656.75,1.0,0.0
2005-03-05 03:49:59,1656.75,1.0,-1.0
2005-03-05 03:54:59,1656.25,1.0,0.0
2005-03-05 03:59:59,1656.25,1.0,0.0
2005-03-05 04:04:59,1656.25,0.0,0.0
2005-03-05 04:10:00,1656.25,1.0,0.0
2005-03-05 04:14:59,1656.25,0.0,0.0
2005-03-05 04:19:59,1656.25,0.0,0.0
2005-03-05 04:24:59,1656.25,0.0,0.0
2005-03-05 04:30:00,1656.25,0.0,0.0
2005-03-05 04:34:59,1656.25,0.0,0.0
2005-03-05 04:39:59,1656.25,0.0,-1.0
2005-03-05 04:44:59,1655.75,0.0,0.0
2005-03-05 04:49:59,1655.75,0.0,0.0
2005-03-05 04:55:00,1655.75,0.0,0.0
2005-03-05 04:59:59,1655.75,0.0,0.0
2005-03-05 05:04:59,1655.75,0.0,1.0
2005-03-05 05:09:59,1656.25,0.0,1.0
2005-03-05 05:15:00,1656.75,0.0,0.0
2005-03-05 05:19:59,1656.75,0.0,0.0
2005-03-05 05:24:59,1656.75,0.0,0.0
2005-03-05 05:29:59,1656.75,0.0,0.0
2005-03-05 05:34:59,1656.75,0.0,0.0
2005-03-05 05:40:00,1656.75,0.0,-1.0
2005-03-05 05:44:59,1656.25,0.0,0.0
2005-03-05 05:49:59,1656.25,0.0,0.0
2005-03-05 05:54:59,1656.25,0.0,0.0
2005-03-05 06:00:00,1656.25,0.0,0.0
2005-03-05 06:04:59,1656.25,0.0,0.0
2005-03-05 06:09:59,1656.25,0.0,0.0
2005-03-05 06:14:59,1656.25,0.0,1.0
2005-03-05 06:19:59,1657.75,0.0,0.0
2005-03-05 06:25:00,1657.75,0.0,0.0
2005-03-05 06:29:59,1657.75,0.0,0.0
2005-03-05 06:34:59,1657.75,0.0,0.0
2005-03-05 06:39:59,1657.75,0.0,-1.0
2005-03-05 06:45:00,1656.75,0.0,0.0
2005-03-05 06:49:59,1656.75,0.0,0.0
2005-03-05 06:54:59,1656.75,0.0,-1.0
2005-03-05 06:59:59,1656.25,0.0,0.0
2005-03-05 07:04:59,1656.25,0.0,0.0
2005-03-05 07:10:00,1656.25,-1.0,0.0
2005-03-05 07:14:59,1656.25,0.0,0.0
2005-03-05 07:19:59,1656.25,-1.0,1.0
2005-03-05 07:24:59,1656.75,0.0,1.0
2005-03-05 07:30:00,1657.25,0.0,0.0
2005-03-05 07:34:59,1657.25,0.0,0.0
2005-03-05 07:39:59,1657.25,0.0,0.0
2005-03-05 07:44:59,1657.25,0.0,0.0
2005-03-05 07:49:59,1657.25,0.0,0.0
2005-03-05 07:55:00,1657.25,0.0,0.0
2005-03-05 07:59:59,1657.25,0.0,-1.0
2005-03-05 08:04:59,1656.75,0.0,0.0
2005-03-05 08:09:59,1656.75,0.0,0.0
2005-03-05 08:15:00,1656.75,0.0,1.0
2005-03-05 08:19:59,1657.25,0.0,0.0
2005-03-05 08:24:59,1657.25,0.0,1.0
2005-03-05 08:29:59,1657.75,0.0,0.0
2005-03-05 08:34:59,1657.75,0.0,1.0
2005-03-05 08:40:00,1658.25,0.0,0.0
2005-03-05 08:44:59,1658.25,0.0,-1.0
2005-03-05 08:49:59,1657.75,0.0,0.0
2005-03-05 08:54:59,1657.75,0.0,0.0
2005-03-05 09:00:00,1657.75,0.0,1.0
2005-03-05 09:04:59,1658.25,0.0,0.0
2005-03-05 09:09:59,1658.25,0.0,0.0
2005-03-05 09:14:59,1658.25,0.0,0.0
2005-03-05 09:19:59,1658.25,0.0,1.0
2005-03-05 09:25:00,1658.75,0.0,0.0
2005-03-05 09:29:59,1658.75,0.0,-1.0
2005-03-05 09:34:59,1658.25,0.0,1.0
2005-03-05 09:39:59,1658.75,0.0,0.0
2005-03-05 09:45:00,1658.75,0.0,-1.0
2005-03-05 09:49:59,1658.25,0.0,0.0
2005-03-05 09:54:59,1658.25,0.0,-1.0
2005-03-05 09:59:59,1657.75,0.0,1.0
2005-03-05 10:04:59,1658.25,0.0,0.0
2005-03-05 10:10:00,1658.25,0.0,0.0
2005-03-05 10:14:59,1658.25,0.0,-1.0
2005-03-05 10:19:59,1657.75,0.0,-1.0
2005-03-05 10:24:59,1655.75,-1.0,-1.0
2005-03-05 10:30:00,1655.25,-1.0,1.0
2005-03-05 10:34:59,1656.25,-1.0,-1.0
2005-03-05 10:39:59,1655.75,0.0,0.0
2005-03-05 10:44:59,1655.75,0.0,1.0
2005-03-05 10:49:59,1656.25,0.0,0.0
2005-03-05 10:55:00,1656.25,0.0,-1.0
2005-03-05 10:59:59,1655.75,0.0,-1.0
2005-03-05 11:04:59,1654.75,-1.0,0.0
2005-03-05 11:09:59,1654.75,0.0,0.0
2005-03-05 11:15:00,1654.75,0.0,1.0
2005-03-05 11:19:59,1655.75,0.0,-1.0
2005-03-05 11:24:59,1655.25,0.0,-1.0
2005-03-05 11:29:59,1654.25,0.0,1.0
2005-03-05 11:34:59,1654.75,-1.0,-1.0
2005-03-05 11:40:00,1654.25,1.0,1.0
2005-03-05 11:44:59,1654.75,1.0,1.0
2005-03-05 11:49:59,1655.75,-1.0,-1.0
2005-03-05 11:54:59,1655.25,-1.0,0.0
2005-03-05 12:00:00,1655.25,-1.0,0.0
2005-03-05 12:04:59,1655.25,1.0,1.0
2005-03-05 12:09:59,1655.75,1.0,-1.0
2005-03-05 12:14:59,1655.25,1.0,0.0
2005-03-05 12:19:59,1655.25,1.0,0.0
2005-03-05 12:25:00,1655.25,1.0,-1.0
2005-03-05 12:29:59,1654.75,1.0,-1.0
2005-03-05 12:34:59,1654.25,1.0,1.0
2005-03-05 12:39:59,1655.25,1.0,-1.0
2005-03-05 12:45:00,1654.75,1.0,1.0
2005-03-05 12:49:59,1655.25,1.0,-1.0
2005-03-05 12:54:59,1654.75,-1.0,-1.0
2005-03-05 12:59:59,1654.25,-1.0,1.0
2005-03-05 13:04:59,1655.25,-1.0,-1.0
2005-03-05 13:10:00,1654.25,-1.0,-1.0
2005-03-05 13:14:59,1653.75,1.0,1.0
2005-03-05 13:19:59,1655.25,-1.0,0.0
2005-03-05 13:24:59,1655.25,-1.0,-1.0
2005-03-05 13:30:00,1654.25,-1.0,-1.0
2005-03-05 13:34:59,1652.75,1.0,1.0
2005-03-05 13:39:59,1653.25,1.0,-1.0
2005-03-05 13:44:59,1652.75,1.0,1.0
2005-03-05 13:49:59,1653.25,-1.0,1.0
2005-03-05 13:55:00,1653.75,1.0,0.0
2005-03-05 13:59:59,1653.75,1.0,0.0
2005-03-05 14:04:59,1653.75,1.0,0.0
2005-03-05 14:09:59,1653.75,-1.0,0.0
2005-03-05 14:15:00,1653.75,1.0,1.0
2005-03-05 14:19:59,1654.25,1.0,-1.0
2005-03-05 14:24:59,1653.75,1.0,-1.0
2005-03-05 14:29:59,1653.25,1.0,0.0
2005-03-05 14:34:59,1653.25,1.0,-1.0
2005-03-05 14:40:00,1652.75,1.0,0.0
2005-03-05 14:44:59,1652.75,1.0,0.0
2005-03-05 14:49:59,1652.75,-1.0,-1.0
2005-03-05 14:54:59,1652.25,1.0,1.0
2005-03-05 15:00:00,1653.25,1.0,1.0
2005-03-05 15:04:59,1654.25,-1.0,-1.0
2005-03-05 15:09:59,1653.75,1.0,1.0
2005-03-05 15:14:59,1654.25,1.0,-1.0
2005-03-05 15:19:59,1653.75,1.0,-1.0
2005-03-05 15:25:00,1653.25,1.0,1.0
2005-03-05 15:29:59,1655.25,1.0,-1.0
2005-03-05 15:34:59,1651.25,1.0,-1.0
2005-03-05 15:39:59,1649.25,1.0,1.0
2005-03-05 15:45:00,1649.75,1.0,1.0
2005-03-05 15:49:59,1651.75,1.0,-1.0
2005-03-05 15:54:59,1650.75,1.0,1.0
2005-03-05 15:59:59,1651.75,1.0,-1.0
2005-03-05 16:04:59,1649.25,1.0,0.0
2005-03-05 16:10:00,1649.25,1.0,0.0
2005-03-05 16:14:59,1649.25,1.0,-1.0
2005-03-05 16:19:59,1647.25,1.0,-1.0
2005-03-05 16:24:59,1643.75,1.0,-1.0
2005-03-05 16:30:00,1642.25,1.0,1.0
2005-03-05 16:34:59,1643.75,1.0,-1.0
2005-03-05 16:39:59,1643.25,1.0,1.0
2005-03-05 16:44:59,1645.25,1.0,-1.0
2005-03-05 16:49:59,1644.25,1.0,1.0
2005-03-05 16:55:00,1646.25,1.0,-1.0
2005-03-05 16:59:59,1644.75,1.0,1.0
2005-03-05 17:04:59,1645.25,1.0,1.0
2005-03-05 17:09:59,1646.75,1.0,1.0
2005-03-05 17:15:00,1647.25,1.0,1.0
2005-03-05 17:19:59,1649.75,1.0,-1.0
2005-03-05 17:24:59,1647.25,1.0,-1.0
2005-03-05 17:29:59,1645.25,-1.0,1.0
2005-03-05 17:34:59,1646.75,1.0,-1.0
2005-03-05 17:40:00,1646.25,-1.0,-1.0
2005-03-05 17:44:59,1645.75,-1.0,1.0
2005-03-05 17:49:59,1646.25,1.0,1.0
2005-03-05 17:54:59,1648.25,1.0,1.0
2005-03-05 18:00:00,1649.25,1.0,-1.0
2005-03-05 18:04:59,1647.25,1.0,1.0
2005-03-05 18:09:59,1648.75,1.0,-1.0
2005-03-05 18:14:59,1647.75,1.0,-1.0
2005-03-05 18:19:59,1646.75,1.0,1.0
2005-03-05 18:25:00,1647.75,1.0,-1.0
2005-03-05 18:29:59,1647.25,1.0,0.0
2005-03-05 18:34:59,1647.25,1.0,-1.0
2005-03-05 18:39:59,1646.25,1.0,1.0
2005-03-05 18:45:00,1647.25,0.0,-1.0
2005-03-05 18:49:59,1645.75,1.0,1.0
2005-03-05 18:54:59,1646.75,0.0,1.0
2005-03-05 18:59:59,1648.25,0.0,1.0
2005-03-05 19:04:59,1649.75,1.0,0.0
2005-03-05 19:10:00,1649.75,1.0,1.0
2005-03-05 19:14:59,1651.75,0.0,-1.0
2005-03-05 19:19:59,1651.25,0.0,-1.0
2005-03-05 19:24:59,1650.75,0.0,1.0
2005-03-05 19:30:00,1654.25,1.0,1.0
2005-03-05 19:34:59,1655.25,1.0,-1.0
2005-03-05 19:39:59,1654.25,1.0,-1.0
2005-03-05 19:44:59,1652.75,-1.0,1.0
2005-03-05 19:49:59,1653.25,1.0,1.0
2005-03-05 19:55:00,1654.75,1.0,-1.0
2005-03-05 19:59:59,1653.25,1.0,1.0
2005-03-05 20:04:59,1656.75,1.0,-1.0
2005-03-05 20:09:59,1654.25,1.0,1.0
2005-03-05 20:15:00,1655.25,1.0,-1.0
2005-03-05 20:19:59,1651.25,1.0,1.0
2005-03-05 20:24:59,1653.75,1.0,1.0
2005-03-05 20:29:59,1654.25,1.0,-1.0
2005-03-05 20:34:59,1653.75,-1.0,-1.0
2005-03-05 20:40:00,1652.75,1.0,-1.0
2005-03-05 20:44:59,1651.75,1.0,0.0
2005-03-05 20:49:59,1651.75,-1.0,0.0
2005-03-05 20:54:59,1651.75,1.0,1.0
2005-03-05 21:00:00,1654.25,1.0,-1.0
2005-03-05 21:04:59,1652.75,1.0,1.0
2005-03-05 21:09:59,1653.75,1.0,1.0
2005-03-05 21:14:59,1654.75,1.0,-1.0
2005-03-05 21:19:59,1654.25,1.0,0.0
2005-03-05 21:25:00,1654.25,1.0,-1.0
2005-03-05 21:29:59,1651.75,-1.0,1.0
2005-03-05 21:34:59,1652.25,1.0,1.0
2005-03-05 21:39:59,1652.75,1.0,1.0
2005-03-05 21:45:00,1654.25,1.0,0.0
2005-03-05 21:49:59,1654.25,1.0,-1.0
2005-03-05 21:54:59,1651.75,1.0,-1.0
2005-03-05 21:59:59,1650.75,1.0,-1.0
2005-03-05 22:04:59,1648.75,-1.0,-1.0
2005-03-05 22:10:00,1648.25,1.0,0.0
2005-03-05 22:14:59,1648.25,-1.0,0.0
2005-03-05 22:19:59,1648.25,1.0,0.0
2005-03-05 22:24:59,1648.25,1.0,0.0
2005-03-05 22:30:00,1648.25,1.0,0.0
2005-03-05 22:34:59,1648.25,1.0,-1.0
2005-03-05 22:39:59,1647.75,1.0,1.0
2005-03-05 22:44:59,1648.25,1.0,-1.0
2005-03-05 22:49:59,1647.75,1.0,0.0
2005-03-05 22:55:00,1647.75,1.0,0.0
2005-03-05 22:59:59,1647.75,1.0,1.0
2005-03-05 23:04:59,1648.25,1.0,0.0
2005-03-05 23:09:59,1648.25,1.0,-1.0
2005-03-05 23:15:00,1647.75,1.0,1.0
2005-03-05 23:19:59,1648.75,1.0,-1.0
2005-03-05 23:24:59,1648.25,1.0,0.0
2005-03-06 00:00:00,1648.25,1.0,1.0
2005-03-06 00:04:59,1648.75,1.0,-1.0
2005-03-06 00:09:59,1648.25,1.0,1.0
2005-03-06 00:14:59,1649.25,-1.0,0.0
2005-03-06 00:19:59,1649.25,1.0,0.0
2005-03-06 00:25:00,1649.25,-1.0,0.0
2005-03-06 00:29:59,1649.25,-1.0,-1.0
2005-03-06 00:34:59,1648.75,1.0,0.0
2005-03-06 00:39:59,1648.75,-1.0,0.0
2005-03-06 00:45:00,1648.75,-1.0,1.0
2005-03-06 00:49:59,1649.25,-1.0,0.0
2005-03-06 00:54:59,1649.25,-1.0,0.0
2005-03-06 00:59:59,1649.25,-1.0,-1.0
2005-03-06 01:04:59,1648.75,-1.0,1.0
2005-03-06 01:10:00,1649.25,-1.0,0.0
2005-03-06 01:14:59,1649.25,-1.0,0.0
2005-03-06 01:19:59,1649.25,-1.0,0.0
2005-03-06 01:24:59,1649.25,-1.0,0.0
2005-03-06 01:30:00,1649.25,1.0,1.0
2005-03-06 01:34:59,1649.75,-1.0,0.0
2005-03-06 01:39:59,1649.75,-1.0,1.0
2005-03-06 01:44:59,1650.25,-1.0,-1.0
2005-03-06 01:49:59,1649.25,1.0,0.0
2005-03-06 01:55:00,1649.25,-1.0,1.0
2005-03-06 01:59:59,1649.75,-1.0,0.0
2005-03-06 02:04:59,1649.75,-1.0,0.0
2005-03-06 02:09:59,1649.75,-1.0,0.0
2005-03-06 02:15:00,1649.75,1.0,1.0
2005-03-06 02:19:59,1650.25,-1.0,0.0
2005-03-06 02:24:59,1650.25,-1.0,0.0
2005-03-06 02:29:59,1650.25,-1.0,0.0
2005-03-06 02:34:59,1650.25,-1.0,0.0
2005-03-06 02:40:00,1650.25,-1.0,-1.0
2005-03-06 02:44:59,1649.75,1.0,0.0
2005-03-06 02:49:59,1649.75,-1.0,0.0
2005-03-06 02:54:59,1649.75,-1.0,1.0
2005-03-06 03:00:00,1650.25,-1.0,0.0
2005-03-06 03:04:59,1650.25,-1.0,1.0
2005-03-06 03:09:59,1651.25,-1.0,-1.0
2005-03-06 03:14:59,1650.75,-1.0,0.0
2005-03-06 03:19:59,1650.75,1.0,0.0
2005-03-06 03:25:00,1650.75,1.0,-1.0
2005-03-06 03:29:59,1650.25,1.0,0.0
2005-03-06 03:34:59,1650.25,1.0,1.0
2005-03-06 03:39:59,1650.75,1.0,0.0
2005-03-06 03:45:00,1650.75,1.0,0.0
2005-03-06 03:49:59,1650.75,-1.0,0.0
2005-03-06 03:54:59,1650.75,-1.0,0.0
2005-03-06 03:59:59,1650.75,-1.0,0.0
2005-03-06 04:04:59,1650.75,-1.0,0.0
2005-03-06 04:10:00,1650.75,-1.0,0.0
2005-03-06 04:14:59,1650.75,-1.0,0.0
2005-03-06 04:19:59,1650.75,-1.0,-1.0
2005-03-06 04:24:59,1650.25,-1.0,0.0
2005-03-06 04:30:00,1650.25,-1.0,1.0
2005-03-06 04:34:59,1651.25,1.0,-1.0
2005-03-06 04:39:59,1650.75,1.0,0.0
2005-03-06 04:44:59,1650.75,1.0,1.0
2005-03-06 04:49:59,1651.25,1.0,0.0
2005-03-06 04:55:00,1651.25,1.0,0.0
2005-03-06 04:59:59,1651.25,1.0,0.0
2005-03-06 05:04:59,1651.25,1.0,0.0
2005-03-06 05:09:59,1651.25,1.0,-1.0
2005-03-06 05:15:00,1650.75,1.0,0.0
2005-03-06 05:19:59,1650.75,-1.0,0.0
2005-03-06 05:24:59,1650.75,-1.0,0.0
2005-03-06 05:29:59,1650.75,-1.0,0.0
2005-03-06 05:34:59,1650.75,-1.0,0.0
2005-03-06 05:40:00,1650.75,-1.0,0.0
2005-03-06 05:44:59,1650.75,1.0,1.0
2005-03-06 05:49:59,1651.25,1.0,0.0
2005-03-06 05:54:59,1651.25,1.0,-1.0
2005-03-06 06:00:00,1650.75,1.0,0.0
2005-03-06 06:04:59,1650.75,1.0,0.0
2005-03-06 06:09:59,1650.75,1.0,0.0
2005-03-06 06:14:59,1650.75,1.0,0.0
2005-03-06 06:19:59,1650.75,1.0,0.0
2005-03-06 06:25:00,1650.75,1.0,0.0
2005-03-06 06:29:59,1650.75,1.0,0.0
2005-03-06 06:34:59,1650.75,1.0,0.0
2005-03-06 06:39:59,1650.75,1.0,1.0
2005-03-06 06:45:00,1651.25,1.0,0.0
2005-03-06 06:49:59,1651.25,1.0,0.0
2005-03-06 06:54:59,1651.25,1.0,0.0
2005-03-06 06:59:59,1651.25,1.0,0.0
2005-03-06 07:04:59,1651.25,1.0,0.0
2005-03-06 07:10:00,1651.25,1.0,0.0
2005-03-06 07:14:59,1651.25,1.0,0.0
2005-03-06 07:19:59,1651.25,1.0,0.0
2005-03-06 07:24:59,1651.25,1.0,-1.0
2005-03-06 07:30:00,1650.75,1.0,0.0
2005-03-06 07:34:59,1650.75,1.0,0.0
2005-03-06 07:39:59,1650.75,1.0,0.0
2005-03-06 07:44:59,1650.75,1.0,0.0
2005-03-06 07:49:59,1650.75,1.0,1.0
2005-03-06 07:55:00,1651.25,1.0,-1.0
2005-03-06 07:59:59,1650.75,1.0,0.0
2005-03-06 08:04:59,1650.75,1.0,1.0
2005-03-06 08:09:59,1651.25,1.0,0.0
2005-03-06 08:15:00,1651.25,1.0,0.0
2005-03-06 08:19:59,1651.25,1.0,0.0
2005-03-06 08:24:59,1651.25,1.0,-1.0
2005-03-06 08:29:59,1650.75,1.0,0.0
2005-03-06 08:34:59,1650.75,1.0,0.0
2005-03-06 08:40:00,1650.75,1.0,0.0
2005-03-06 08:44:59,1650.75,1.0,0.0
2005-03-06 08:49:59,1650.75,1.0,0.0
2005-03-06 08:54:59,1650.75,1.0,1.0
2005-03-06 09:00:00,1651.75,1.0,0.0
2005-03-06 09:04:59,1651.75,1.0,0.0
2005-03-06 09:09:59,1651.75,1.0,-1.0
2005-03-06 09:14:59,1651.25,1.0,0.0
2005-03-06 09:19:59,1651.25,1.0,0.0
2005-03-06 09:25:00,1651.25,0.0,1.0
2005-03-06 09:29:59,1651.75,0.0,1.0
2005-03-06 09:34:59,1652.25,0.0,0.0
2005-03-06 09:39:59,1652.25,0.0,-1.0
2005-03-06 09:45:00,1651.75,0.0,-1.0
2005-03-06 09:49:59,1650.75,0.0,-1.0
2005-03-06 09:54:59,1650.25,0.0,1.0
2005-03-06 09:59:59,1651.25,0.0,0.0
2005-03-06 10:04:59,1651.25,0.0,1.0
2005-03-06 10:10:00,1651.75,0.0,-1.0
2005-03-06 10:14:59,1651.25,0.0,1.0
2005-03-06 10:19:59,1651.75,0.0,0.0
2005-03-06 10:24:59,1651.75,0.0,0.0
2005-03-06 10:30:00,1651.75,0.0,0.0
2005-03-06 10:34:59,1651.75,0.0,0.0
2005-03-06 10:39:59,1651.75,1.0,0.0
2005-03-06 10:44:59,1651.75,1.0,0.0
2005-03-06 10:49:59,1651.75,0.0,0.0
2005-03-06 10:55:00,1651.75,0.0,0.0
2005-03-06 10:59:59,1651.75,1.0,1.0
2005-03-06 11:04:59,1652.25,0.0,0.0
2005-03-06 11:09:59,1652.25,1.0,0.0
2005-03-06 11:15:00,1652.25,-1.0,0.0
2005-03-06 11:19:59,1652.25,1.0,0.0
2005-03-06 11:24:59,1652.25,1.0,-1.0
2005-03-06 11:29:59,1651.75,1.0,0.0
2005-03-06 11:34:59,1651.75,1.0,1.0
2005-03-06 11:40:00,1652.25,-1.0,0.0
2005-03-06 11:44:59,1652.25,-1.0,-1.0
2005-03-06 11:49:59,1651.75,-1.0,0.0
2005-03-06 11:54:59,1651.75,-1.0,-1.0
2005-03-06 12:00:00,1650.75,-1.0,0.0
2005-03-06 12:04:59,1650.75,-1.0,0.0
2005-03-06 12:09:59,1650.75,-1.0,1.0
2005-03-06 12:14:59,1651.25,1.0,1.0
2005-03-06 12:19:59,1651.75,1.0,0.0
2005-03-06 12:25:00,1651.75,1.0,-1.0
2005-03-06 12:29:59,1650.25,1.0,0.0
2005-03-06 12:34:59,1650.25,0.0,0.0
2005-03-06 12:39:59,1650.25,1.0,-1.0
2005-03-06 12:45:00,1649.25,1.0,0.0
2005-03-06 12:49:59,1649.25,1.0,0.0
2005-03-06 12:54:59,1649.25,1.0,1.0
2005-03-06 12:59:59,1649.75,1.0,0.0
2005-03-06 13:04:59,1649.75,1.0,-1.0
2005-03-06 13:10:00,1649.25,1.0,1.0
2005-03-06 13:14:59,1649.75,1.0,-1.0
2005-03-06 13:19:59,1649.25,1.0,1.0
2005-03-06 13:24:59,1649.75,1.0,1.0
2005-03-06 13:30:00,1650.25,1.0,0.0
2005-03-06 13:34:59,1650.25,1.0,0.0
2005-03-06 13:39:59,1650.25,1.0,0.0
2005-03-06 13:44:59,1650.25,1.0,0.0
2005-03-06 13:49:59,1650.25,1.0,1.0
2005-03-06 13:55:00,1651.25,1.0,1.0
2005-03-06 13:59:59,1652.25,1.0,-1.0
2005-03-06 14:04:59,1651.75,1.0,1.0
2005-03-06 14:09:59,1652.25,1.0,0.0
2005-03-06 14:15:00,1652.25,1.0,0.0
2005-03-06 14:19:59,1652.25,-1.0,0.0
2005-03-06 14:24:59,1652.25,-1.0,-1.0
2005-03-06 14:29:59,1651.25,-1.0,-1.0
2005-03-06 14:34:59,1650.75,-1.0,1.0
2005-03-06 14:40:00,1651.25,-1.0,-1.0
2005-03-06 14:44:59,1650.75,-1.0,-1.0
2005-03-06 14:49:59,1650.25,-1.0,1.0
2005-03-06 14:54:59,1651.25,-1.0,0.0
2005-03-06 15:00:00,1651.25,-1.0,-1.0
2005-03-06 15:04:59,1650.75,-1.0,1.0
2005-03-06 15:09:59,1651.25,-1.0,1.0
2005-03-06 15:14:59,1651.75,-1.0,-1.0
2005-03-06 15:19:59,1650.75,-1.0,-1.0
2005-03-06 15:25:00,1649.75,-1.0,1.0
2005-03-06 15:29:59,1652.25,-1.0,-1.0
2005-03-06 15:34:59,1651.25,-1.0,1.0
2005-03-06 15:39:59,1654.75,-1.0,-1.0
2005-03-06 15:45:00,1654.25,-1.0,1.0
2005-03-06 15:49:59,1655.75,-1.0,-1.0
2005-03-06 15:54:59,1654.25,-1.0,-1.0
2005-03-06 15:59:59,1653.75,-1.0,-1.0
2005-03-06 16:04:59,1653.25,-1.0,-1.0
2005-03-06 16:10:00,1651.25,1.0,-1.0
2005-03-06 16:14:59,1649.25,-1.0,1.0
2005-03-06 16:19:59,1651.25,-1.0,1.0
2005-03-06 16:24:59,1652.75,-1.0,1.0
2005-03-06 16:30:00,1653.75,-1.0,0.0
2005-03-06 16:34:59,1653.75,-1.0,-1.0
2005-03-06 16:39:59,1651.75,1.0,1.0
2005-03-06 16:44:59,1652.25,1.0,1.0
2005-03-06 16:49:59,1653.25,1.0,-1.0
2005-03-06 16:55:00,1652.75,-1.0,1.0
2005-03-06 16:59:59,1653.25,-1.0,1.0
2005-03-06 17:04:59,1654.25,1.0,1.0
2005-03-06 17:09:59,1655.75,1.0,1.0
2005-03-06 17:15:00,1657.25,1.0,1.0
2005-03-06 17:19:59,1657.75,0.0,-1.0
2005-03-06 17:24:59,1656.75,0.0,-1.0
2005-03-06 17:29:59,1655.25,0.0,-1.0
2005-03-06 17:34:59,1654.75,0.0,1.0
2005-03-06 17:40:00,1655.25,1.0,1.0
2005-03-06 17:44:59,1656.25,0.0,-1.0
2005-03-06 17:49:59,1655.25,0.0,1.0
2005-03-06 17:54:59,1656.75,0.0,1.0
2005-03-06 18:00:00,1657.25,0.0,0.0
2005-03-06 18:04:59,1657.25,0.0,1.0
2005-03-06 18:09:59,1658.25,0.0,-1.0
2005-03-06 18:14:59,1657.25,0.0,1.0
2005-03-06 18:19:59,1657.75,0.0,-1.0
2005-03-06 18:25:00,1657.25,0.0,1.0
2005-03-06 18:29:59,1658.75,0.0,0.0
2005-03-06 18:34:59,1658.75,0.0,-1.0
2005-03-06 18:39:59,1657.75,0.0,0.0
2005-03-06 18:45:00,1657.75,-1.0,1.0
2005-03-06 18:49:59,1660.75,0.0,1.0
2005-03-06 18:54:59,1662.25,0.0,1.0
2005-03-06 18:59:59,1663.25,0.0,1.0
2005-03-06 19:04:59,1664.25,0.0,0.0
2005-03-06 19:10:00,1664.25,-1.0,1.0
2005-03-06 19:14:59,1665.25,0.0,-1.0
2005-03-06 19:19:59,1664.75,0.0,-1.0
2005-03-06 19:24:59,1664.25,0.0,-1.0
2005-03-06 19:30:00,1663.75,0.0,0.0
2005-03-06 19:34:59,1663.75,-1.0,-1.0
2005-03-06 19:39:59,1661.75,0.0,-1.0
2005-03-06 19:44:59,1661.25,0.0,-1.0
2005-03-06 19:49:59,1660.25,0.0,0.0
2005-03-06 19:55:00,1660.25,0.0,1.0
2005-03-06 19:59:59,1660.75,0.0,1.0
2005-03-06 20:04:59,1661.25,0.0,0.0
2005-03-06 20:09:59,1661.25,0.0,1.0
2005-03-06 20:15:00,1662.75,0.0,1.0
2005-03-06 20:19:59,1663.25,0.0,-1.0
2005-03-06 20:24:59,1662.25,0.0,1.0
2005-03-06 20:29:59,1662.75,0.0,1.0
2005-03-06 20:34:59,1663.75,0.0,-1.0
2005-03-06 20:40:00,1662.75,0.0,1.0
2005-03-06 20:44:59,1663.25,0.0,1.0
2005-03-06 20:49:59,1663.75,-1.0,0.0
2005-03-06 20:54:59,1663.75,-1.0,-1.0
2005-03-06 21:00:00,1662.75,1.0,-1.0
2005-03-06 21:04:59,1661.25,1.0,-1.0
2005-03-06 21:09:59,1660.75,1.0,1.0
2005-03-06 21:14:59,1661.25,0.0,1.0
2005-03-06 21:19:59,1662.75,0.0,1.0
2005-03-06 21:25:00,1663.25,0.0,-1.0
2005-03-06 21:29:59,1662.75,0.0,1.0
2005-03-06 21:34:59,1663.25,0.0,0.0
2005-03-06 21:39:59,1663.25,0.0,0.0
2005-03-06 21:45:00,1663.25,0.0,1.0
2005-03-06 21:49:59,1663.75,0.0,1.0
2005-03-06 21:54:59,1664.75,0.0,1.0
2005-03-06 21:59:59,1665.75,0.0,-1.0
2005-03-06 22:04:59,1663.75,0.0,-1.0
2005-03-06 22:10:00,1662.75,0.0,0.0
2005-03-06 22:14:59,1662.75,-1.0,0.0
2005-03-06 22:19:59,1662.75,0.0,0.0
2005-03-06 22:24:59,1662.75,0.0,-1.0
2005-03-06 22:30:00,1659.75,0.0,-1.0
2005-03-06 22:34:59,1659.25,0.0,0.0
2005-03-06 22:39:59,1659.25,0.0,0.0
2005-03-06 22:44:59,1659.25,0.0,1.0
2005-03-06 22:49:59,1662.25,0.0,-1.0
2005-03-06 22:55:00,1661.25,0.0,1.0
2005-03-06 22:59:59,1661.75,0.0,0.0
2005-03-06 23:04:59,1661.75,0.0,-1.0
2005-03-06 23:09:59,1661.25,0.0,0.0
2005-03-06 23:15:00,1661.25,0.0,-1.0
2005-03-06 23:19:59,1660.75,0.0,-1.0
2005-03-06 23:24:59,1660.25,0.0,1.0
2005-03-07 00:00:00,1661.75,0.0,-1.0
2005-03-07 00:04:59,1660.25,0.0,1.0
2005-03-07 00:09:59,1660.75,0.0,0.0
2005-03-07 00:14:59,1660.75,0.0,-1.0
2005-03-07 00:19:59,1660.25,0.0,0.0
2005-03-07 00:25:00,1660.25,0.0,1.0
2005-03-07 00:29:59,1660.75,0.0,1.0
2005-03-07 00:34:59,1661.25,0.0,-1.0
2005-03-07 00:39:59,1660.75,0.0,0.0
2005-03-07 00:45:00,1660.75,0.0,0.0
2005-03-07 00:49:59,1660.75,0.0,0.0
2005-03-07 00:54:59,1660.75,0.0,1.0
2005-03-07 00:59:59,1661.75,0.0,-1.0
2005-03-07 01:04:59,1661.25,0.0,0.0
2005-03-07 01:10:00,1661.25,0.0,-1.0
2005-03-07 01:14:59,1660.75,0.0,0.0
2005-03-07 01:19:59,1660.75,0.0,0.0
2005-03-07 01:24:59,1660.75,-1.0,0.0
2005-03-07 01:30:00,1660.75,-1.0,1.0
2005-03-07 01:34:59,1661.25,0.0,-1.0
2005-03-07 01:39:59,1660.75,0.0,0.0
2005-03-07 01:44:59,1660.75,0.0,1.0
2005-03-07 01:49:59,1661.25,0.0,-1.0
2005-03-07 01:55:00,1660.75,0.0,-1.0
2005-03-07 01:59:59,1660.25,-1.0,0.0
2005-03-07 02:04:59,1660.25,-1.0,1.0
2005-03-07 02:09:59,1660.75,-1.0,-1.0
2005-03-07 02:15:00,1660.25,-1.0,0.0
2005-03-07 02:19:59,1660.25,-1.0,-1.0
2005-03-07 02:24:59,1659.75,-1.0,0.0
2005-03-07 02:29:59,1659.75,-1.0,0.0
2005-03-07 02:34:59,1659.75,-1.0,1.0
2005-03-07 02:40:00,1660.25,0.0,0.0
2005-03-07 02:44:59,1660.25,0.0,0.0
2005-03-07 02:49:59,1660.25,0.0,0.0
2005-03-07 02:54:59,1660.25,-1.0,0.0
2005-03-07 03:00:00,1660.25,-1.0,0.0
2005-03-07 03:04:59,1660.25,0.0,0.0
2005-03-07 03:09:59,1660.25,0.0,-1.0
2005-03-07 03:14:59,1659.75,0.0,0.0
2005-03-07 03:19:59,1659.75,0.0,1.0
2005-03-07 03:25:00,1660.25,0.0,1.0
2005-03-07 03:29:59,1661.25,0.0,0.0
2005-03-07 03:34:59,1661.25,0.0,0.0
2005-03-07 03:39:59,1661.25,0.0,0.0
2005-03-07 03:45:00,1661.25,1.0,0.0
2005-03-07 03:49:59,1661.25,0.0,-1.0
2005-03-07 03:54:59,1660.75,0.0,1.0
2005-03-07 03:59:59,1661.25,0.0,0.0
2005-03-07 04:04:59,1661.25,0.0,1.0
2005-03-07 04:10:00,1661.75,0.0,0.0
2005-03-07 04:14:59,1661.75,0.0,0.0
2005-03-07 04:19:59,1661.75,0.0,-1.0
2005-03-07 04:24:59,1660.75,0.0,0.0
2005-03-07 04:30:00,1660.75,0.0,1.0
2005-03-07 04:34:59,1661.25,0.0,1.0
2005-03-07 04:39:59,1661.75,1.0,0.0
2005-03-07 04:44:59,1661.75,1.0,0.0
2005-03-07 04:49:59,1661.75,0.0,0.0
2005-03-07 04:55:00,1661.75,0.0,0.0
2005-03-07 04:59:59,1661.75,0.0,0.0
2005-03-07 05:04:59,1661.75,0.0,0.0
2005-03-07 05:09:59,1661.75,0.0,0.0
2005-03-07 05:15:00,1661.75,0.0,0.0
2005-03-07 05:19:59,1661.75,0.0,0.0
2005-03-07 05:24:59,1661.75,0.0,0.0
2005-03-07 05:29:59,1661.75,0.0,0.0
2005-03-07 05:34:59,1661.75,0.0,0.0
2005-03-07 05:40:00,1661.75,0.0,0.0
2005-03-07 05:44:59,1661.75,0.0,-1.0
2005-03-07 05:49:59,1661.25,0.0,1.0
2005-03-07 05:54:59,1661.75,0.0,0.0
2005-03-07 06:00:00,1661.75,0.0,0.0
2005-03-07 06:04:59,1661.75,0.0,0.0
2005-03-07 06:09:59,1661.75,0.0,0.0
2005-03-07 06:14:59,1661.75,0.0,-1.0
2005-03-07 06:19:59,1660.25,1.0,-1.0
2005-03-07 06:25:00,1659.75,0.0,0.0
2005-03-07 06:29:59,1659.75,0.0,0.0
2005-03-07 06:34:59,1659.75,0.0,0.0
2005-03-07 06:39:59,1659.75,1.0,0.0
2005-03-07 06:45:00,1659.75,1.0,1.0
2005-03-07 06:49:59,1660.75,1.0,0.0
2005-03-07 06:54:59,1660.75,0.0,-1.0
2005-03-07 06:59:59,1660.25,-1.0,0.0
2005-03-07 07:04:59,1660.25,1.0,1.0
2005-03-07 07:10:00,1660.75,-1.0,0.0
2005-03-07 07:14:59,1660.75,1.0,0.0
2005-03-07 07:19:59,1660.75,-1.0,0.0
2005-03-07 07:24:59,1660.75,-1.0,1.0
2005-03-07 07:30:00,1661.75,-1.0,0.0
2005-03-07 07:34:59,1661.75,-1.0,-1.0
2005-03-07 07:39:59,1661.25,-1.0,0.0
2005-03-07 07:44:59,1661.25,-1.0,1.0
2005-03-07 07:49:59,1661.75,-1.0,0.0
2005-03-07 07:55:00,1661.75,1.0,0.0
2005-03-07 07:59:59,1661.75,1.0,-1.0
2005-03-07 08:04:59,1661.25,1.0,-1.0
2005-03-07 08:09:59,1660.25,1.0,1.0
2005-03-07 08:15:00,1660.75,1.0,0.0
2005-03-07 08:19:59,1660.75,1.0,0.0
2005-03-07 08:24:59,1660.75,1.0,-1.0
2005-03-07 08:29:59,1660.25,1.0,0.0
2005-03-07 08:34:59,1660.25,-1.0,0.0
2005-03-07 08:40:00,1660.25,-1.0,0.0
2005-03-07 08:44:59,1660.25,-1.0,0.0
2005-03-07 08:49:59,1660.25,-1.0,0.0
2005-03-07 08:54:59,1660.25,-1.0,1.0
2005-03-07 09:00:00,1660.75,-1.0,1.0
2005-03-07 09:04:59,1661.25,-1.0,0.0
2005-03-07 09:09:59,1661.25,-1.0,-1.0
2005-03-07 09:14:59,1660.75,-1.0,0.0
2005-03-07 09:19:59,1660.75,1.0,-1.0
2005-03-07 09:25:00,1660.25,1.0,0.0
2005-03-07 09:29:59,1660.25,-1.0,0.0
2005-03-07 09:34:59,1660.25,-1.0,1.0
2005-03-07 09:39:59,1660.75,-1.0,0.0
2005-03-07 09:45:00,1660.75,-1.0,-1.0
2005-03-07 09:49:59,1660.25,-1.0,1.0
2005-03-07 09:54:59,1660.75,-1.0,0.0
2005-03-07 09:59:59,1660.75,-1.0,1.0
2005-03-07 10:04:59,1661.75,-1.0,-1.0
2005-03-07 10:10:00,1660.75,-1.0,-1.0
2005-03-07 10:14:59,1660.25,-1.0,1.0
2005-03-07 10:19:59,1660.75,-1.0,0.0
2005-03-07 10:24:59,1660.75,-1.0,1.0
2005-03-07 10:30:00,1661.25,-1.0,0.0
2005-03-07 10:34:59,1661.25,-1.0,0.0
2005-03-07 10:39:59,1661.25,-1.0,0.0
2005-03-07 10:44:59,1661.25,-1.0,1.0
2005-03-07 10:49:59,1661.75,-1.0,-1.0
2005-03-07 10:55:00,1661.25,-1.0,0.0
2005-03-07 10:59:59,1661.25,-1.0,0.0
2005-03-07 11:04:59,1661.25,-1.0,0.0
2005-03-07 11:09:59,1661.25,-1.0,1.0
2005-03-07 11:15:00,1661.75,-1.0,0.0
2005-03-07 11:19:59,1661.75,-1.0,0.0
2005-03-07 11:24:59,1661.75,-1.0,0.0
2005-03-07 11:29:59,1661.75,-1.0,-1.0
2005-03-07 11:34:59,1661.25,-1.0,1.0
2005-03-07 11:40:00,1662.25,-1.0,-1.0
2005-03-07 11:44:59,1661.75,-1.0,0.0
2005-03-07 11:49:59,1661.75,-1.0,0.0
2005-03-07 11:54:59,1661.75,-1.0,-1.0
2005-03-07 12:00:00,1661.25,-1.0,0.0
2005-03-07 12:04:59,1661.25,-1.0,0.0
2005-03-07 12:09:59,1661.25,-1.0,0.0
2005-03-07 12:14:59,1661.25,-1.0,0.0
2005-03-07 12:19:59,1661.25,-1.0,0.0
2005-03-07 12:25:00,1661.25,-1.0,0.0
2005-03-07 12:29:59,1661.25,-1.0,-1.0
2005-03-07 12:34:59,1660.25,-1.0,1.0
2005-03-07 12:39:59,1660.75,-1.0,0.0
2005-03-07 12:45:00,1660.75,-1.0,1.0
2005-03-07 12:49:59,1661.25,-1.0,0.0
2005-03-07 12:54:59,1661.25,-1.0,0.0
2005-03-07 12:59:59,1661.25,-1.0,0.0
2005-03-07 13:04:59,1661.25,-1.0,0.0
2005-03-07 13:10:00,1661.25,-1.0,0.0
2005-03-07 13:14:59,1661.25,-1.0,-1.0
2005-03-07 13:19:59,1660.75,-1.0,1.0
2005-03-07 13:24:59,1661.25,-1.0,0.0
2005-03-07 13:30:00,1661.25,-1.0,-1.0
2005-03-07 13:34:59,1660.25,-1.0,-1.0
2005-03-07 13:39:59,1659.75,-1.0,0.0
2005-03-07 13:44:59,1659.75,-1.0,0.0
2005-03-07 13:49:59,1659.75,-1.0,0.0
2005-03-07 13:55:00,1659.75,-1.0,0.0
2005-03-07 13:59:59,1659.75,-1.0,1.0
2005-03-07 14:04:59,1660.25,0.0,1.0
2005-03-07 14:09:59,1660.75,0.0,0.0
2005-03-07 14:15:00,1660.75,0.0,0.0
2005-03-07 14:19:59,1660.75,0.0,0.0
2005-03-07 14:24:59,1660.75,0.0,-1.0
2005-03-07 14:29:59,1650.75,1.0,-1.0
2005-03-07 14:34:59,1648.25,-1.0,1.0
2005-03-07 14:40:00,1650.25,-1.0,1.0
2005-03-07 14:44:59,1652.25,-1.0,-1.0
2005-03-07 14:49:59,1651.25,-1.0,-1.0
2005-03-07 14:54:59,1650.25,-1.0,-1.0
2005-03-07 15:00:00,1649.25,-1.0,-1.0
2005-03-07 15:04:59,1647.75,1.0,-1.0
2005-03-07 15:09:59,1647.25,1.0,0.0
2005-03-07 15:14:59,1647.25,1.0,1.0
2005-03-07 15:19:59,1649.25,1.0,0.0
2005-03-07 15:25:00,1649.25,1.0,1.0
2005-03-07 15:29:59,1650.25,1.0,1.0
2005-03-07 15:34:59,1650.75,1.0,1.0
2005-03-07 15:39:59,1652.25,-1.0,-1.0
2005-03-07 15:45:00,1651.75,-1.0,1.0
2005-03-07 15:49:59,1653.25,-1.0,-1.0
2005-03-07 15:54:59,1652.25,1.0,1.0
2005-03-07 15:59:59,1658.75,-1.0,-1.0
2005-03-07 16:04:59,1655.25,-1.0,1.0
2005-03-07 16:10:00,1660.75,-1.0,1.0
2005-03-07 16:14:59,1661.75,-1.0,1.0
2005-03-07 16:19:59,1669.75,-1.0,1.0
2005-03-07 16:24:59,1671.25,-1.0,1.0
2005-03-07 16:30:00,1676.75,-1.0,-1.0
2005-03-07 16:34:59,1675.75,-1.0,-1.0
2005-03-07 16:39:59,1675.25,-1.0,-1.0
2005-03-07 16:44:59,1672.75,-1.0,-1.0
2005-03-07 16:49:59,1671.75,-1.0,0.0
2005-03-07 16:55:00,1671.75,-1.0,-1.0
2005-03-07 16:59:59,1670.25,-1.0,-1.0
2005-03-07 17:04:59,1665.25,0.0,-1.0
2005-03-07 17:09:59,1660.75,0.0,-1.0
2005-03-07 17:15:00,1654.25,1.0,1.0
2005-03-07 17:19:59,1657.25,1.0,0.0
2005-03-07 17:24:59,1657.25,1.0,1.0
2005-03-07 17:29:59,1659.25,1.0,1.0
2005-03-07 17:34:59,1659.75,1.0,-1.0
2005-03-07 17:40:00,1657.75,1.0,1.0
2005-03-07 17:44:59,1658.25,1.0,1.0
2005-03-07 17:49:59,1659.75,1.0,-1.0
2005-03-07 17:54:59,1659.25,1.0,-1.0
2005-03-07 18:00:00,1658.75,0.0,0.0
2005-03-07 18:04:59,1658.75,1.0,1.0
2005-03-07 18:09:59,1659.75,1.0,1.0
2005-03-07 18:14:59,1660.25,-1.0,1.0
2005-03-07 18:19:59,1663.25,-1.0,-1.0
2005-03-07 18:25:00,1662.25,0.0,1.0
2005-03-07 18:29:59,1663.25,0.0,-1.0
2005-03-07 18:34:59,1662.25,0.0,-1.0
2005-03-07 18:39:59,1661.25,0.0,-1.0
2005-03-07 18:45:00,1659.75,0.0,1.0
2005-03-07 18:49:59,1661.75,0.0,0.0
2005-03-07 18:54:59,1661.75,0.0,1.0
2005-03-07 18:59:59,1662.75,0.0,-1.0
2005-03-07 19:04:59,1662.25,0.0,0.0
2005-03-07 19:10:00,1662.25,0.0,-1.0
2005-03-07 19:14:59,1660.75,0.0,1.0
2005-03-07 19:19:59,1661.25,0.0,1.0
2005-03-07 19:24:59,1662.25,0.0,-1.0
2005-03-07 19:30:00,1661.25,0.0,1.0
2005-03-07 19:34:59,1663.25,0.0,-1.0
2005-03-07 19:39:59,1662.25,0.0,1.0
2005-03-07 19:44:59,1662.75,0.0,-1.0
2005-03-07 19:49:59,1660.75,0.0,-1.0
2005-03-07 19:55:00,1659.75,0.0,1.0
2005-03-07 19:59:59,1664.75,0.0,-1.0
2005-03-07 20:04:59,1662.75,0.0,1.0
2005-03-07 20:09:59,1663.75,-1.0,-1.0
2005-03-07 20:15:00,1663.25,-1.0,1.0
2005-03-07 20:19:59,1664.75,-1.0,-1.0
2005-03-07 20:24:59,1664.25,0.0,-1.0
2005-03-07 20:29:59,1663.75,0.0,1.0
2005-03-07 20:34:59,1665.25,-1.0,0.0
2005-03-07 20:40:00,1665.25,-1.0,-1.0
2005-03-07 20:44:59,1664.75,-1.0,0.0
2005-03-07 20:49:59,1664.75,0.0,-1.0
2005-03-07 20:54:59,1664.25,-1.0,-1.0
2005-03-07 21:00:00,1662.25,-1.0,0.0
2005-03-07 21:04:59,1662.25,-1.0,0.0
2005-03-07 21:09:59,1662.25,-1.0,0.0
2005-03-07 21:14:59,1662.25,-1.0,1.0
2005-03-07 21:19:59,1664.75,-1.0,1.0
2005-03-07 21:25:00,1666.75,0.0,-1.0
2005-03-07 21:29:59,1666.25,-1.0,1.0
2005-03-07 21:34:59,1666.75,-1.0,-1.0
2005-03-07 21:39:59,1664.25,-1.0,-1.0
2005-03-07 21:45:00,1663.25,-1.0,-1.0
2005-03-07 21:49:59,1660.75,-1.0,-1.0
2005-03-07 21:54:59,1659.75,-1.0,-1.0
2005-03-07 21:59:59,1658.75,1.0,-1.0
2005-03-07 22:04:59,1658.25,1.0,1.0
2005-03-07 22:10:00,1658.75,0.0,1.0
2005-03-10 00:29:59,1662.75,1.0,-1.0
2005-03-10 00:34:59,1661.75,1.0,1.0
2005-03-10 00:39:59,1662.25,1.0,-1.0
2005-03-10 00:45:00,1661.75,-1.0,1.0
2005-03-10 00:49:59,1662.25,-1.0,0.0
2005-03-10 00:54:59,1662.25,-1.0,0.0
2005-03-10 00:59:59,1662.25,-1.0,0.0
2005-03-10 01:04:59,1662.25,1.0,0.0
2005-03-10 01:10:00,1662.25,1.0,-1.0
2005-03-10 01:14:59,1661.75,1.0,-1.0
2005-03-10 01:19:59,1661.25,1.0,0.0
2005-03-10 01:24:59,1661.25,1.0,-1.0
2005-03-10 01:30:00,1660.75,1.0,0.0
2005-03-10 01:34:59,1660.75,-1.0,1.0
2005-03-10 01:39:59,1661.25,-1.0,0.0
2005-03-10 01:44:59,1661.25,-1.0,0.0
2005-03-10 01:49:59,1661.25,-1.0,0.0
2005-03-10 01:55:00,1661.25,-1.0,0.0
2005-03-10 01:59:59,1661.25,-1.0,-1.0
2005-03-10 02:04:59,1660.75,0.0,1.0
2005-03-10 02:09:59,1661.25,0.0,0.0
2005-03-10 02:15:00,1661.25,-1.0,0.0
2005-03-10 02:19:59,1661.25,-1.0,-1.0
2005-03-10 02:24:59,1660.75,-1.0,0.0
2005-03-10 02:29:59,1660.75,-1.0,-1.0
2005-03-10 02:34:59,1660.25,-1.0,1.0
2005-03-10 02:40:00,1660.75,1.0,1.0
2005-03-10 02:44:59,1661.25,1.0,0.0
2005-03-10 02:49:59,1661.25,1.0,0.0
2005-03-10 02:54:59,1661.25,-1.0,0.0
2005-03-10 03:00:00,1661.25,-1.0,0.0
2005-03-10 03:04:59,1661.25,0.0,0.0
2005-03-10 03:09:59,1661.25,1.0,0.0
2005-03-10 03:14:59,1661.25,-1.0,1.0
2005-03-10 03:19:59,1661.75,-1.0,0.0
2005-03-10 03:25:00,1661.75,-1.0,0.0
2005-03-10 03:29:59,1661.75,-1.0,-1.0
2005-03-10 03:34:59,1661.25,-1.0,-1.0
2005-03-10 03:39:59,1660.75,-1.0,1.0
2005-03-10 03:45:00,1661.75,-1.0,0.0
2005-03-10 03:49:59,1661.75,-1.0,-1.0
2005-03-10 03:54:59,1661.25,-1.0,1.0
2005-03-10 03:59:59,1661.75,-1.0,0.0
2005-03-10 04:04:59,1661.75,-1.0,-1.0
2005-03-10 04:10:00,1661.25,-1.0,0.0
2005-03-10 04:14:59,1661.25,-1.0,0.0
2005-03-10 04:19:59,1661.25,-1.0,0.0
2005-03-10 04:24:59,1661.25,-1.0,-1.0
2005-03-10 04:30:00,1660.75,-1.0,0.0
2005-03-10 04:34:59,1660.75,-1.0,0.0
2005-03-10 04:39:59,1660.75,-1.0,0.0
2005-03-10 04:44:59,1660.75,-1.0,0.0
2005-03-10 04:49:59,1660.75,-1.0,0.0
2005-03-10 04:55:00,1660.75,-1.0,0.0
2005-03-10 04:59:59,1660.75,-1.0,1.0
2005-03-10 05:04:59,1661.25,-1.0,0.0
2005-03-10 05:09:59,1661.25,-1.0,0.0
2005-03-10 05:15:00,1661.25,-1.0,0.0
2005-03-10 05:19:59,1661.25,-1.0,0.0
2005-03-10 05:24:59,1661.25,-1.0,1.0
2005-03-10 05:29:59,1661.75,-1.0,-1.0
2005-03-10 05:34:59,1661.25,-1.0,0.0
2005-03-10 05:40:00,1661.25,-1.0,0.0
2005-03-10 05:44:59,1661.25,-1.0,0.0
2005-03-10 05:49:59,1661.25,-1.0,0.0
2005-03-10 05:54:59,1661.25,-1.0,0.0
2005-03-10 06:00:00,1661.25,-1.0,0.0
2005-03-10 06:04:59,1661.25,-1.0,0.0
2005-03-10 06:09:59,1661.25,-1.0,-1.0
2005-03-10 06:14:59,1660.25,-1.0,0.0
2005-03-10 06:19:59,1660.25,0.0,-1.0
2005-03-10 06:25:00,1659.75,-1.0,1.0
2005-03-10 06:29:59,1660.25,-1.0,0.0
2005-03-10 06:34:59,1660.25,-1.0,0.0
2005-03-10 06:39:59,1660.25,-1.0,0.0
2005-03-10 06:45:00,1660.25,-1.0,0.0
2005-03-10 06:49:59,1660.25,-1.0,0.0
2005-03-10 06:54:59,1660.25,-1.0,0.0
2005-03-10 06:59:59,1660.25,-1.0,0.0
2005-03-10 07:04:59,1660.25,-1.0,1.0
2005-03-10 07:10:00,1661.25,1.0,-1.0
2005-03-10 07:14:59,1660.75,-1.0,0.0
2005-03-10 07:19:59,1660.75,-1.0,0.0
2005-03-10 07:24:59,1660.75,-1.0,0.0
2005-03-10 07:30:00,1660.75,-1.0,0.0
2005-03-10 07:34:59,1660.75,-1.0,1.0
2005-03-10 07:39:59,1661.75,-1.0,0.0
2005-03-10 07:44:59,1661.75,-1.0,0.0
2005-03-10 07:49:59,1661.75,-1.0,-1.0
2005-03-10 07:55:00,1661.25,-1.0,0.0
2005-03-10 07:59:59,1661.25,0.0,0.0
2005-03-10 08:04:59,1661.25,0.0,-1.0
2005-03-10 08:09:59,1660.75,0.0,1.0
2005-03-10 08:15:00,1661.25,0.0,0.0
2005-03-10 08:19:59,1661.25,0.0,-1.0
2005-03-10 08:24:59,1660.75,0.0,-1.0
2005-03-10 08:29:59,1660.25,0.0,0.0
2005-03-10 08:34:59,1660.25,0.0,1.0
2005-03-10 08:40:00,1660.75,0.0,0.0
2005-03-10 08:44:59,1660.75,0.0,0.0
2005-03-10 08:49:59,1660.75,0.0,0.0
2005-03-10 08:54:59,1660.75,0.0,-1.0
2005-03-10 09:00:00,1660.25,0.0,1.0
2005-03-10 09:04:59,1661.25,0.0,-1.0
2005-03-10 09:09:59,1660.75,0.0,0.0
2005-03-10 09:14:59,1660.75,0.0,0.0
2005-03-10 09:19:59,1660.75,0.0,1.0
2005-03-10 09:25:00,1661.25,0.0,-1.0
2005-03-10 09:29:59,1659.25,0.0,1.0
2005-03-10 09:34:59,1659.75,0.0,0.0
2005-03-10 09:39:59,1659.75,0.0,1.0
2005-03-10 09:45:00,1660.25,0.0,0.0
2005-03-10 09:49:59,1660.25,0.0,1.0
2005-03-10 09:54:59,1660.75,0.0,0.0
2005-03-10 09:59:59,1660.75,0.0,0.0
2005-03-10 10:04:59,1660.75,0.0,1.0
2005-03-10 10:10:00,1661.25,0.0,0.0
2005-03-10 10:14:59,1661.25,0.0,1.0
2005-03-10 10:19:59,1661.75,0.0,0.0
2005-03-10 10:24:59,1661.75,0.0,-1.0
2005-03-10 10:30:00,1661.25,0.0,1.0
2005-03-10 10:34:59,1661.75,0.0,0.0
2005-03-10 10:39:59,1661.75,0.0,-1.0
2005-03-10 10:44:59,1660.75,-1.0,1.0
2005-03-10 10:49:59,1661.75,-1.0,1.0
2005-03-10 10:55:00,1663.25,-1.0,-1.0
2005-03-10 10:59:59,1662.75,-1.0,-1.0
2005-03-10 11:04:59,1662.25,-1.0,1.0
2005-03-10 11:09:59,1662.75,-1.0,0.0
2005-03-10 11:15:00,1662.75,-1.0,0.0
2005-03-10 11:19:59,1662.75,-1.0,-1.0
2005-03-10 11:24:59,1662.25,-1.0,0.0
2005-03-10 11:29:59,1662.25,0.0,1.0
2005-03-10 11:34:59,1662.75,0.0,0.0
2005-03-10 11:40:00,1662.75,-1.0,1.0
2005-03-10 11:44:59,1663.25,0.0,0.0
2005-03-10 11:49:59,1663.25,0.0,0.0
2005-03-10 11:54:59,1663.25,-1.0,-1.0
2005-03-10 12:00:00,1662.75,-1.0,-1.0
2005-03-10 12:04:59,1662.25,-1.0,0.0
2005-03-10 12:09:59,1662.25,-1.0,0.0
2005-03-10 12:14:59,1662.25,-1.0,0.0
2005-03-10 12:19:59,1662.25,-1.0,0.0
2005-03-10 12:25:00,1662.25,-1.0,0.0
2005-03-10 12:29:59,1662.25,-1.0,0.0
2005-03-10 12:34:59,1662.25,-1.0,0.0
2005-03-10 12:39:59,1662.25,-1.0,0.0
2005-03-10 12:45:00,1662.25,-1.0,-1.0
2005-03-10 12:49:59,1661.25,-1.0,0.0
2005-03-10 12:54:59,1661.25,-1.0,0.0
2005-03-10 12:59:59,1661.25,-1.0,-1.0
2005-03-10 13:04:59,1659.75,-1.0,1.0
2005-03-10 13:10:00,1660.75,-1.0,-1.0
2005-03-10 13:14:59,1660.25,0.0,0.0
2005-03-10 13:19:59,1660.25,0.0,-1.0
2005-03-10 13:24:59,1659.75,0.0,0.0
2005-03-10 13:30:00,1659.75,0.0,0.0
2005-03-10 13:34:59,1659.75,0.0,-1.0
2005-03-10 13:39:59,1659.25,-1.0,0.0
2005-03-10 13:44:59,1659.25,0.0,0.0
2005-03-10 13:49:59,1659.25,0.0,0.0
2005-03-10 13:55:00,1659.25,0.0,1.0
2005-03-10 13:59:59,1659.75,-1.0,1.0
2005-03-10 14:04:59,1660.25,-1.0,1.0
2005-03-10 14:09:59,1660.75,-1.0,0.0
2005-03-10 14:15:00,1660.75,-1.0,1.0
2005-03-10 14:19:59,1661.25,0.0,-1.0
2005-03-10 14:24:59,1660.25,-1.0,1.0
2005-03-10 14:29:59,1661.25,-1.0,0.0
2005-03-10 14:34:59,1661.25,-1.0,0.0
2005-03-10 14:40:00,1661.25,-1.0,0.0
2005-03-10 14:44:59,1661.25,0.0,0.0
2005-03-10 14:49:59,1661.25,0.0,1.0
2005-03-10 14:54:59,1661.75,0.0,1.0
2005-03-10 15:00:00,1662.25,0.0,0.0
2005-03-10 15:04:59,1662.25,-1.0,-1.0
2005-03-10 15:09:59,1661.75,-1.0,-1.0
2005-03-10 15:14:59,1660.75,-1.0,-1.0
2005-03-10 15:19:59,1660.25,1.0,-1.0
2005-03-10 15:25:00,1659.75,1.0,1.0
2005-03-10 15:29:59,1663.25,1.0,1.0
2005-03-10 15:34:59,1663.75,-1.0,-1.0
2005-03-10 15:39:59,1661.75,-1.0,1.0
2005-03-10 15:45:00,1665.75,-1.0,-1.0
2005-03-10 15:49:59,1662.75,0.0,0.0
2005-03-10 15:54:59,1662.75,0.0,-1.0
2005-03-10 15:59:59,1662.25,0.0,-1.0
2005-03-10 16:04:59,1659.75,0.0,1.0
2005-03-10 16:10:00,1660.25,0.0,-1.0
2005-03-10 16:14:59,1658.75,0.0,1.0
2005-03-10 16:19:59,1659.25,0.0,-1.0
2005-03-10 16:24:59,1657.25,1.0,1.0
2005-03-10 16:30:00,1659.75,-1.0,1.0
2005-03-10 16:34:59,1660.25,0.0,-1.0
2005-03-10 16:39:59,1658.25,0.0,-1.0
2005-03-10 16:44:59,1656.75,1.0,-1.0
2005-03-10 16:49:59,1655.25,1.0,-1.0
2005-03-10 16:55:00,1653.25,-1.0,1.0
2005-03-10 16:59:59,1654.25,1.0,1.0
2005-03-10 17:04:59,1654.75,1.0,1.0
2005-03-10 17:09:59,1655.25,1.0,1.0
2005-03-10 17:15:00,1656.25,1.0,1.0
2005-03-10 17:19:59,1657.25,1.0,-1.0
2005-03-10 17:24:59,1656.25,1.0,1.0
2005-03-10 17:29:59,1657.25,0.0,-1.0
2005-03-10 17:34:59,1656.25,1.0,-1.0
2005-03-10 17:40:00,1655.75,1.0,1.0
2005-03-10 17:44:59,1656.25,1.0,1.0
2005-03-10 17:49:59,1657.25,1.0,1.0
2005-03-10 17:54:59,1658.75,0.0,-1.0
2005-03-10 18:00:00,1658.25,1.0,-1.0
2005-03-10 18:04:59,1655.75,0.0,1.0
2005-03-10 18:09:59,1656.25,-1.0,0.0
2005-03-10 18:14:59,1656.25,-1.0,-1.0
2005-03-10 18:19:59,1655.25,0.0,1.0
2005-03-10 18:25:00,1655.75,-1.0,-1.0
2005-03-10 18:29:59,1655.25,-1.0,-1.0
2005-03-10 18:34:59,1653.25,-1.0,-1.0
2005-03-10 18:39:59,1650.25,-1.0,-1.0
2005-03-10 18:45:00,1649.25,-1.0,1.0
2005-03-10 18:49:59,1650.75,0.0,1.0
2005-03-10 18:54:59,1651.75,1.0,-1.0
2005-03-10 18:59:59,1651.25,1.0,0.0
2005-03-10 19:04:59,1651.25,1.0,1.0
2005-03-10 19:10:00,1652.25,1.0,-1.0
2005-03-10 19:14:59,1649.25,1.0,-1.0
2005-03-10 19:19:59,1648.75,1.0,-1.0
2005-03-10 19:24:59,1647.75,1.0,1.0
2005-03-10 19:30:00,1648.75,1.0,-1.0
2005-03-10 19:34:59,1647.25,1.0,1.0
2005-03-10 19:39:59,1647.75,1.0,-1.0
2005-03-10 19:44:59,1645.25,1.0,-1.0
2005-03-10 19:49:59,1643.75,1.0,-1.0
2005-03-10 19:55:00,1637.25,1.0,0.0
2005-03-10 19:59:59,1637.25,1.0,1.0
2005-03-10 20:04:59,1637.75,1.0,0.0
2005-03-10 20:09:59,1637.75,1.0,-1.0
2005-03-10 20:15:00,1637.25,1.0,-1.0
2005-03-10 20:19:59,1634.75,1.0,-1.0
2005-03-10 20:24:59,1630.25,1.0,1.0
2005-03-10 20:29:59,1632.75,1.0,1.0
2005-03-10 20:34:59,1633.75,1.0,-1.0
2005-03-10 20:40:00,1631.25,1.0,0.0
2005-03-10 20:44:59,1631.25,1.0,1.0
2005-03-10 20:49:59,1632.75,1.0,-1.0
2005-03-10 20:54:59,1632.25,1.0,-1.0
2005-03-10 21:00:00,1627.25,1.0,1.0
2005-03-10 21:04:59,1629.75,1.0,0.0
2005-03-10 21:09:59,1629.75,1.0,-1.0
2005-03-10 21:14:59,1629.25,0.0,1.0
2005-03-10 21:19:59,1630.75,1.0,1.0
2005-03-10 21:25:00,1631.25,1.0,-1.0
2005-03-10 21:29:59,1630.25,1.0,-1.0
2005-03-10 21:34:59,1627.75,1.0,1.0
2005-03-10 21:39:59,1629.25,1.0,-1.0
2005-03-10 21:45:00,1628.75,1.0,-1.0
2005-03-10 21:49:59,1625.75,1.0,-1.0
2005-03-10 21:54:59,1625.25,1.0,-1.0
2005-03-10 21:59:59,1623.75,1.0,-1.0
2005-03-10 22:04:59,1623.25,1.0,1.0
2005-03-10 22:10:00,1623.75,-1.0,0.0
2005-03-10 22:14:59,1623.75,-1.0,0.0
2005-03-10 22:19:59,1623.75,-1.0,0.0
2005-03-10 22:24:59,1623.75,-1.0,1.0
2005-03-10 22:30:00,1624.25,1.0,1.0
2005-03-10 22:34:59,1624.75,1.0,-1.0
2005-03-10 22:39:59,1623.75,1.0,0.0
2005-03-10 22:44:59,1623.75,1.0,1.0
2005-03-10 22:49:59,1624.25,1.0,-1.0
2005-03-10 22:55:00,1623.75,1.0,-1.0
2005-03-10 22:59:59,1623.25,1.0,-1.0
2005-03-10 23:04:59,1622.75,1.0,-1.0
2005-03-10 23:09:59,1622.25,1.0,0.0
2005-03-10 23:15:00,1622.25,1.0,1.0
2005-03-10 23:19:59,1622.75,1.0,-1.0
2005-03-10 23:24:59,1622.25,1.0,-1.0
2005-03-10 23:29:59,1621.75,-1.0,1.0
2005-03-11 00:00:00,1622.25,1.0,1.0
2005-03-11 00:04:59,1622.75,-1.0,-1.0
2005-03-11 00:09:59,1622.25,-1.0,-1.0
2005-03-11 00:14:59,1621.75,0.0,0.0
2005-03-11 00:19:59,1621.75,0.0,1.0
2005-03-11 00:25:00,1622.25,1.0,0.0
2005-03-11 00:29:59,1622.25,1.0,0.0
2005-03-11 00:34:59,1622.25,1.0,0.0
2005-03-11 00:39:59,1622.25,1.0,0.0
2005-03-11 00:45:00,1622.25,1.0,1.0
2005-03-11 00:49:59,1622.75,1.0,1.0
2005-03-11 00:54:59,1623.25,0.0,-1.0
2005-03-11 00:59:59,1622.75,0.0,0.0
2005-03-11 01:04:59,1622.75,1.0,0.0
2005-03-11 01:10:00,1622.75,0.0,0.0
2005-03-11 01:14:59,1622.75,1.0,0.0
2005-03-11 01:19:59,1622.75,1.0,0.0
2005-03-11 01:24:59,1622.75,1.0,-1.0
2005-03-11 01:30:00,1622.25,-1.0,0.0
2005-03-11 01:34:59,1622.25,-1.0,0.0
2005-03-11 01:39:59,1622.25,1.0,1.0
2005-03-11 01:44:59,1622.75,-1.0,1.0
2005-03-11 01:49:59,1623.25,-1.0,-1.0
2005-03-11 01:55:00,1622.75,-1.0,-1.0
2005-03-11 01:59:59,1622.25,0.0,1.0
2005-03-11 02:04:59,1622.75,0.0,-1.0
2005-03-11 02:09:59,1622.25,1.0,0.0
2005-03-11 02:15:00,1622.25,0.0,0.0
2005-03-11 02:19:59,1622.25,0.0,1.0
2005-03-11 02:24:59,1622.75,1.0,0.0
2005-03-11 02:29:59,1622.75,1.0,-1.0
2005-03-11 02:34:59,1622.25,1.0,0.0
2005-03-11 02:40:00,1622.25,0.0,0.0
2005-03-11 02:44:59,1622.25,0.0,0.0
2005-03-11 02:49:59,1622.25,0.0,1.0
2005-03-11 02:54:59,1622.75,0.0,0.0
2005-03-11 03:00:00,1622.75,0.0,0.0
2005-03-11 03:04:59,1622.75,0.0,-1.0
2005-03-11 03:09:59,1622.25,0.0,1.0
2005-03-11 03:14:59,1622.75,0.0,1.0
2005-03-11 03:19:59,1623.25,0.0,0.0
2005-03-11 03:25:00,1623.25,0.0,0.0
2005-03-11 03:29:59,1623.25,0.0,0.0
2005-03-11 03:34:59,1623.25,0.0,0.0
2005-03-11 03:39:59,1623.25,0.0,0.0
2005-03-11 03:45:00,1623.25,0.0,0.0
2005-03-11 03:49:59,1623.25,0.0,0.0
2005-03-11 03:54:59,1623.25,0.0,0.0
2005-03-11 03:59:59,1623.25,0.0,0.0
2005-03-11 04:04:59,1623.25,0.0,0.0
2005-03-11 04:10:00,1623.25,0.0,0.0
2005-03-11 04:14:59,1623.25,0.0,0.0
2005-03-11 04:19:59,1623.25,0.0,0.0
2005-03-11 04:24:59,1623.25,0.0,0.0
2005-03-11 04:30:00,1623.25,0.0,0.0
2005-03-11 04:34:59,1623.25,0.0,0.0
2005-03-11 04:39:59,1623.25,0.0,0.0
2005-03-11 04:44:59,1623.25,0.0,1.0
2005-03-11 04:49:59,1623.75,0.0,-1.0
2005-03-11 04:55:00,1623.25,0.0,1.0
2005-03-11 04:59:59,1623.75,0.0,0.0
2005-03-11 05:04:59,1623.75,0.0,-1.0
2005-03-11 05:09:59,1623.25,0.0,0.0
2005-03-11 05:15:00,1623.25,0.0,0.0
2005-03-11 05:19:59,1623.25,0.0,0.0
2005-03-11 05:24:59,1623.25,-1.0,0.0
2005-03-11 05:29:59,1623.25,0.0,0.0
2005-03-11 05:34:59,1623.25,-1.0,-1.0
2005-03-11 05:40:00,1622.75,0.0,0.0
2005-03-11 05:44:59,1622.75,0.0,1.0
2005-03-11 05:49:59,1623.25,0.0,0.0
2005-03-11 05:54:59,1623.25,0.0,-1.0
2005-03-11 06:00:00,1622.75,0.0,0.0
2005-03-11 06:04:59,1622.75,0.0,1.0
2005-03-11 06:09:59,1623.75,0.0,-1.0
2005-03-11 06:14:59,1623.25,-1.0,1.0
2005-03-11 06:19:59,1623.75,0.0,1.0
2005-03-11 06:25:00,1624.25,-1.0,0.0
2005-03-11 06:29:59,1624.25,-1.0,-1.0
2005-03-11 06:34:59,1623.75,-1.0,0.0
2005-03-11 06:39:59,1623.75,1.0,0.0
2005-03-11 06:45:00,1623.75,-1.0,0.0
2005-03-11 06:49:59,1623.75,0.0,0.0
2005-03-11 06:54:59,1623.75,-1.0,0.0
2005-03-11 06:59:59,1623.75,-1.0,0.0
2005-03-11 07:04:59,1623.75,-1.0,0.0
2005-03-11 07:10:00,1623.75,-1.0,-1.0
2005-03-11 07:14:59,1623.25,-1.0,1.0
2005-03-11 07:19:59,1624.25,-1.0,-1.0
2005-03-11 07:24:59,1623.25,-1.0,1.0
2005-03-11 07:30:00,1623.75,0.0,0.0
2005-03-11 07:34:59,1623.75,-1.0,0.0
2005-03-11 07:39:59,1623.75,1.0,0.0
2005-03-11 07:44:59,1623.75,0.0,1.0
2005-03-11 07:49:59,1624.25,0.0,-1.0
2005-03-11 07:55:00,1623.75,0.0,0.0
2005-03-11 07:59:59,1623.75,0.0,-1.0
2005-03-11 08:04:59,1623.25,0.0,0.0
2005-03-11 08:09:59,1623.25,0.0,1.0
2005-03-11 08:15:00,1624.25,0.0,0.0
2005-03-11 08:19:59,1624.25,0.0,-1.0
2005-03-11 08:24:59,1623.75,0.0,1.0
2005-03-11 08:29:59,1624.25,0.0,1.0
2005-03-11 08:34:59,1624.75,0.0,-1.0
2005-03-11 08:40:00,1624.25,0.0,-1.0
2005-03-11 08:44:59,1623.75,0.0,0.0
2005-03-11 08:49:59,1623.75,0.0,0.0
2005-03-11 08:54:59,1623.75,0.0,0.0
2005-03-11 09:00:00,1623.75,0.0,1.0
2005-03-11 09:04:59,1624.75,0.0,0.0
2005-03-11 09:09:59,1624.75,0.0,1.0
2005-03-11 09:14:59,1625.25,0.0,-1.0
2005-03-11 09:19:59,1624.75,0.0,0.0
2005-03-11 09:25:00,1624.75,0.0,1.0
2005-03-11 09:29:59,1625.75,0.0,0.0
2005-03-11 09:34:59,1625.75,0.0,0.0
2005-03-11 09:39:59,1625.75,0.0,1.0
2005-03-11 09:45:00,1626.25,0.0,-1.0
2005-03-11 09:49:59,1625.75,0.0,1.0
2005-03-11 09:54:59,1626.25,0.0,-1.0
2005-03-11 09:59:59,1625.75,0.0,-1.0
2005-03-11 10:04:59,1625.25,0.0,1.0
2005-03-11 10:10:00,1626.75,0.0,-1.0
2005-03-11 10:14:59,1624.75,0.0,1.0
2005-03-11 10:19:59,1625.25,0.0,-1.0
2005-03-11 10:24:59,1624.25,0.0,1.0
2005-03-11 10:30:00,1625.75,0.0,-1.0
2005-03-11 10:34:59,1625.25,0.0,0.0
2005-03-11 10:39:59,1625.25,0.0,0.0
2005-03-11 10:44:59,1625.25,0.0,0.0
2005-03-11 10:49:59,1625.25,0.0,-1.0
2005-03-11 10:55:00,1624.75,-1.0,0.0
2005-03-11 10:59:59,1624.75,0.0,-1.0
2005-03-11 11:04:59,1624.25,0.0,0.0
2005-03-11 11:09:59,1624.25,0.0,-1.0
2005-03-11 11:15:00,1623.75,-1.0,1.0
2005-03-11 11:19:59,1624.75,-1.0,0.0
2005-03-11 11:24:59,1624.75,0.0,0.0
2005-03-11 11:29:59,1624.75,0.0,0.0
2005-03-11 11:34:59,1624.75,0.0,0.0
2005-03-11 11:40:00,1624.75,0.0,0.0
2005-03-11 11:44:59,1624.75,0.0,1.0
2005-03-11 11:49:59,1625.25,0.0,0.0
2005-03-11 11:54:59,1625.25,0.0,0.0
2005-03-11 12:00:00,1625.25,0.0,0.0
2005-03-11 12:04:59,1625.25,0.0,1.0
2005-03-11 12:09:59,1626.25,0.0,-1.0
2005-03-11 12:14:59,1625.75,0.0,0.0
2005-03-11 12:19:59,1625.75,0.0,0.0
2005-03-11 12:25:00,1625.75,0.0,0.0
2005-03-11 12:29:59,1625.75,0.0,1.0
2005-03-11 12:34:59,1626.25,0.0,-1.0
2005-03-11 12:39:59,1625.75,0.0,0.0
2005-03-11 12:45:00,1625.75,0.0,-1.0
2005-03-11 12:49:59,1624.25,1.0,0.0
2005-03-11 12:54:59,1624.25,-1.0,0.0
2005-03-11 12:59:59,1624.25,-1.0,0.0
2005-03-11 13:04:59,1624.25,-1.0,-1.0
2005-03-11 13:10:00,1623.25,-1.0,1.0
2005-03-11 13:14:59,1623.75,-1.0,0.0
2005-03-11 13:19:59,1623.75,-1.0,1.0
2005-03-11 13:24:59,1624.25,-1.0,-1.0
2005-03-11 13:30:00,1623.75,-1.0,-1.0
2005-03-11 13:34:59,1622.75,-1.0,0.0
2005-03-11 13:39:59,1622.75,-1.0,0.0
2005-03-11 13:44:59,1622.75,1.0,-1.0
2005-03-11 13:49:59,1622.25,1.0,-1.0
2005-03-11 13:55:00,1621.75,1.0,-1.0
2005-03-11 13:59:59,1620.25,1.0,0.0
2005-03-11 14:04:59,1620.25,1.0,0.0
2005-03-11 14:09:59,1620.25,-1.0,1.0
2005-03-11 14:15:00,1620.75,-1.0,0.0
2005-03-11 14:19:59,1620.75,1.0,1.0
2005-03-11 14:24:59,1621.25,1.0,1.0
2005-03-11 14:29:59,1621.75,1.0,0.0
2005-03-11 14:34:59,1621.75,0.0,1.0
2005-03-11 14:40:00,1622.75,0.0,1.0
2005-03-11 14:44:59,1623.25,1.0,1.0
2005-03-11 14:49:59,1624.75,0.0,0.0
2005-03-11 14:54:59,1624.75,0.0,0.0
2005-03-11 15:00:00,1624.75,0.0,1.0
2005-03-11 15:04:59,1625.25,0.0,-1.0
2005-03-11 15:09:59,1624.75,-1.0,0.0
2005-03-11 15:14:59,1624.75,-1.0,0.0
2005-03-11 15:19:59,1624.75,-1.0,0.0
2005-03-11 15:25:00,1624.75,-1.0,-1.0
2005-03-11 15:29:59,1622.25,-1.0,-1.0
2005-03-11 15:34:59,1621.25,-1.0,1.0
2005-03-11 15:39:59,1624.75,-1.0,1.0
2005-03-11 15:45:00,1626.75,-1.0,-1.0
2005-03-11 15:49:59,1625.25,-1.0,1.0
2005-03-11 15:54:59,1628.75,-1.0,-1.0
2005-03-11 15:59:59,1627.75,-1.0,-1.0
2005-03-11 16:04:59,1625.75,-1.0,0.0
2005-03-11 16:10:00,1625.75,-1.0,-1.0
2005-03-11 16:14:59,1618.75,1.0,1.0
2005-03-11 16:19:59,1625.25,-1.0,-1.0
2005-03-11 16:24:59,1623.75,1.0,-1.0
2005-03-11 16:30:00,1621.75,1.0,-1.0
2005-03-11 16:34:59,1617.25,1.0,1.0
2005-03-11 16:39:59,1619.25,1.0,0.0
2005-03-11 16:44:59,1619.25,1.0,0.0
2005-03-11 16:49:59,1619.25,0.0,1.0
2005-03-11 16:55:00,1624.75,0.0,1.0
2005-03-11 16:59:59,1626.75,0.0,1.0
2005-03-11 17:04:59,1627.75,0.0,1.0
2005-03-11 17:09:59,1628.75,-1.0,-1.0
2005-03-11 17:15:00,1625.25,-1.0,1.0
2005-03-11 17:19:59,1625.75,-1.0,1.0
2005-03-11 17:24:59,1630.25,-1.0,-1.0
2005-03-11 17:29:59,1629.75,1.0,1.0
2005-03-11 17:34:59,1630.25,-1.0,-1.0
2005-03-11 17:40:00,1629.25,-1.0,-1.0
2005-03-11 17:44:59,1626.75,-1.0,-1.0
2005-03-11 17:49:59,1625.75,-1.0,-1.0
2005-03-11 17:54:59,1624.75,-1.0,-1.0
2005-03-11 18:00:00,1621.75,-1.0,1.0
2005-03-11 18:04:59,1622.25,-1.0,1.0
2005-03-11 18:09:59,1622.75,-1.0,1.0
2005-03-11 18:14:59,1624.25,-1.0,1.0
2005-03-11 18:19:59,1624.75,-1.0,-1.0
2005-03-11 18:25:00,1624.25,-1.0,-1.0
2005-03-11 18:29:59,1623.75,-1.0,1.0
2005-03-11 18:34:59,1625.75,-1.0,0.0
2005-03-11 18:39:59,1625.75,-1.0,-1.0
2005-03-11 18:45:00,1625.25,-1.0,-1.0
2005-03-11 18:49:59,1622.25,-1.0,-1.0
2005-03-11 18:54:59,1620.25,-1.0,0.0
2005-03-11 18:59:59,1620.25,-1.0,-1.0
2005-03-11 19:04:59,1618.25,0.0,-1.0
2005-03-11 19:10:00,1617.75,-1.0,1.0
2005-03-11 19:14:59,1620.75,0.0,1.0
2005-03-11 19:19:59,1621.75,0.0,0.0
2005-03-11 19:24:59,1621.75,0.0,1.0
2005-03-11 19:30:00,1623.25,0.0,-1.0
2005-03-11 19:34:59,1621.75,0.0,-1.0
2005-03-11 19:39:59,1620.25,0.0,1.0
2005-03-11 19:44:59,1621.25,1.0,-1.0
2005-03-11 19:49:59,1620.75,0.0,-1.0
2005-03-11 19:55:00,1619.75,0.0,1.0
2005-03-11 19:59:59,1622.25,0.0,1.0
2005-03-11 20:04:59,1623.25,0.0,-1.0
2005-03-11 20:09:59,1622.25,0.0,-1.0
2005-03-11 20:15:00,1619.25,1.0,-1.0
2005-03-11 20:19:59,1618.25,0.0,-1.0
2005-03-11 20:24:59,1616.75,0.0,0.0
2005-03-11 20:29:59,1616.75,1.0,1.0
2005-03-11 20:34:59,1617.25,0.0,1.0
2005-03-11 20:40:00,1617.75,0.0,-1.0
2005-03-11 20:44:59,1613.25,0.0,1.0
2005-03-11 20:49:59,1615.25,0.0,-1.0
2005-03-11 20:54:59,1614.75,0.0,1.0
2005-03-11 21:00:00,1616.75,0.0,1.0
2005-03-11 21:04:59,1619.25,0.0,0.0
2005-03-11 21:09:59,1619.25,0.0,-1.0
2005-03-11 21:14:59,1617.25,0.0,-1.0
2005-03-11 21:19:59,1616.25,0.0,1.0
2005-03-11 21:25:00,1618.75,0.0,1.0
2005-03-11 21:29:59,1620.75,0.0,1.0
2005-03-11 21:34:59,1622.25,1.0,0.0
2005-03-11 21:39:59,1622.25,1.0,1.0
2005-03-11 21:45:00,1626.25,0.0,1.0
2005-03-11 21:49:59,1626.75,0.0,-1.0
2005-03-11 21:54:59,1623.75,0.0,0.0
2005-03-11 21:59:59,1623.75,0.0,-1.0
2005-03-11 22:04:59,1620.25,1.0,-1.0
2005-03-11 22:10:00,1618.25,0.0,0.0
2005-03-11 22:14:59,1618.25,0.0,0.0
2005-03-11 22:19:59,1618.25,-1.0,0.0
2005-03-11 22:24:59,1618.25,0.0,1.0
2005-03-11 22:30:00,1619.25,0.0,1.0
2005-03-11 22:34:59,1619.75,1.0,0.0
2005-03-11 22:39:59,1619.75,0.0,-1.0
2005-03-11 22:44:59,1619.25,-1.0,-1.0
2005-03-11 22:49:59,1618.75,1.0,1.0
2005-03-11 22:55:00,1619.75,1.0,-1.0
2005-03-11 22:59:59,1619.25,0.0,0.0
2005-03-11 23:04:59,1619.25,0.0,-1.0
2005-03-11 23:09:59,1618.75,0.0,1.0
2005-03-11 23:15:00,1619.25,0.0,1.0
2005-03-11 23:19:59,1619.75,0.0,-1.0
2005-03-11 23:24:59,1618.75,0.0,1.0
2005-03-12 00:00:00,1619.25,0.0,0.0
2005-03-12 00:04:59,1619.25,0.0,0.0
2005-03-12 00:09:59,1619.25,0.0,0.0
2005-03-12 00:14:59,1619.25,0.0,1.0
2005-03-12 00:19:59,1619.75,0.0,1.0
2005-03-12 00:25:00,1620.25,0.0,-1.0
2005-03-12 00:29:59,1619.75,0.0,1.0
2005-03-12 00:34:59,1620.25,0.0,0.0
2005-03-12 00:39:59,1620.25,0.0,-1.0
2005-03-12 00:45:00,1619.75,0.0,0.0
2005-03-12 00:49:59,1619.75,0.0,0.0
2005-03-12 00:54:59,1619.75,0.0,0.0
2005-03-12 00:59:59,1619.75,0.0,1.0
2005-03-12 01:04:59,1620.25,0.0,-1.0
2005-03-12 01:10:00,1619.25,0.0,0.0
2005-03-12 01:14:59,1619.25,0.0,0.0
2005-03-12 01:19:59,1619.25,0.0,0.0
2005-03-12 01:24:59,1619.25,0.0,-1.0
2005-03-12 01:30:00,1618.75,0.0,1.0
2005-03-12 01:34:59,1619.25,0.0,-1.0
2005-03-12 01:39:59,1618.75,0.0,0.0
2005-03-12 01:44:59,1618.75,0.0,0.0
2005-03-12 01:49:59,1618.75,0.0,0.0
2005-03-12 01:55:00,1618.75,0.0,0.0
2005-03-12 01:59:59,1618.75,0.0,0.0
2005-03-12 02:04:59,1618.75,0.0,-1.0
2005-03-12 02:09:59,1618.25,0.0,-1.0
2005-03-12 02:15:00,1617.75,0.0,1.0
2005-03-12 02:19:59,1618.25,0.0,0.0
2005-03-12 02:24:59,1618.25,0.0,0.0
2005-03-12 02:29:59,1618.25,0.0,0.0
2005-03-12 02:34:59,1618.25,0.0,0.0
2005-03-12 02:40:00,1618.25,0.0,0.0
2005-03-12 02:44:59,1618.25,0.0,0.0
2005-03-12 02:49:59,1618.25,0.0,0.0
2005-03-12 02:54:59,1618.25,0.0,0.0
2005-03-12 03:00:00,1618.25,0.0,1.0
2005-03-12 03:04:59,1618.75,0.0,0.0
2005-03-12 03:09:59,1618.75,0.0,0.0
2005-03-12 03:14:59,1618.75,-1.0,0.0
2005-03-12 03:19:59,1618.75,-1.0,0.0
2005-03-12 03:25:00,1618.75,0.0,-1.0
2005-03-12 03:29:59,1617.75,0.0,1.0
2005-03-12 03:34:59,1618.75,0.0,0.0
2005-03-12 03:39:59,1618.75,0.0,0.0
2005-03-12 03:45:00,1618.75,0.0,-1.0
2005-03-12 03:49:59,1617.75,0.0,-1.0
2005-03-12 03:54:59,1617.25,-1.0,-1.0
2005-03-12 03:59:59,1616.75,0.0,0.0
2005-03-12 04:04:59,1616.75,-1.0,1.0
2005-03-12 04:10:00,1617.25,-1.0,-1.0
2005-03-12 04:14:59,1616.75,-1.0,0.0
2005-03-12 04:19:59,1616.75,-1.0,0.0
2005-03-12 04:24:59,1616.75,-1.0,0.0
2005-03-12 04:30:00,1616.75,-1.0,0.0
2005-03-12 04:34:59,1616.75,1.0,0.0
2005-03-12 04:39:59,1616.75,-1.0,0.0
2005-03-12 04:44:59,1616.75,1.0,-1.0
2005-03-12 04:49:59,1615.75,-1.0,0.0
2005-03-12 04:55:00,1615.75,1.0,0.0
2005-03-12 04:59:59,1615.75,1.0,-1.0
2005-03-12 05:04:59,1615.25,1.0,0.0
2005-03-12 05:09:59,1615.25,1.0,-1.0
2005-03-12 05:15:00,1614.75,1.0,0.0
2005-03-12 05:19:59,1614.75,1.0,0.0
2005-03-12 05:24:59,1614.75,1.0,0.0
2005-03-12 05:29:59,1614.75,1.0,1.0
2005-03-12 05:34:59,1615.25,1.0,0.0
2005-03-12 05:40:00,1615.25,1.0,0.0
2005-03-12 05:44:59,1615.25,0.0,1.0
2005-03-12 05:49:59,1615.75,0.0,0.0
2005-03-12 05:54:59,1615.75,-1.0,1.0
2005-03-12 06:00:00,1616.25,-1.0,0.0
2005-03-12 06:04:59,1616.25,-1.0,0.0
2005-03-12 06:09:59,1616.25,-1.0,0.0
2005-03-12 06:14:59,1616.25,-1.0,-1.0
2005-03-12 06:19:59,1615.75,-1.0,1.0
2005-03-12 06:25:00,1616.25,-1.0,-1.0
2005-03-12 06:29:59,1615.75,-1.0,-1.0
2005-03-12 06:34:59,1614.75,-1.0,-1.0
2005-03-12 06:39:59,1614.25,0.0,1.0
2005-03-12 06:45:00,1614.75,-1.0,0.0
2005-03-12 06:49:59,1614.75,0.0,-1.0
2005-03-12 06:54:59,1614.25,0.0,1.0
2005-03-12 06:59:59,1614.75,0.0,1.0
2005-03-12 07:04:59,1615.25,0.0,0.0
2005-03-12 07:10:00,1615.25,0.0,0.0
2005-03-12 07:14:59,1615.25,0.0,0.0
2005-03-12 07:19:59,1615.25,0.0,0.0
2005-03-12 07:24:59,1615.25,0.0,-1.0
2005-03-12 07:30:00,1614.25,0.0,0.0
2005-03-12 07:34:59,1614.25,0.0,1.0
2005-03-12 07:39:59,1614.75,0.0,-1.0
2005-03-12 07:44:59,1614.25,0.0,1.0
2005-03-12 07:49:59,1615.25,0.0,-1.0
2005-03-12 07:55:00,1614.75,0.0,1.0
2005-03-12 07:59:59,1615.25,0.0,0.0
2005-03-12 08:04:59,1615.25,0.0,1.0
2005-03-12 08:09:59,1615.75,0.0,-1.0
2005-03-12 08:15:00,1615.25,0.0,0.0
2005-03-12 08:19:59,1615.25,0.0,0.0
2005-03-12 08:24:59,1615.25,0.0,1.0
2005-03-12 08:29:59,1615.75,0.0,1.0
2005-03-12 08:34:59,1616.25,0.0,0.0
2005-03-12 08:40:00,1616.25,0.0,0.0
2005-03-12 08:44:59,1616.25,0.0,1.0
2005-03-12 08:49:59,1616.75,0.0,0.0
2005-03-12 08:54:59,1616.75,0.0,1.0
2005-03-12 09:00:00,1617.25,0.0,0.0
2005-03-12 09:04:59,1617.25,0.0,-1.0
2005-03-12 09:09:59,1616.75,0.0,-1.0
2005-03-12 09:14:59,1616.25,0.0,1.0
2005-03-12 09:19:59,1616.75,0.0,1.0
2005-03-12 09:25:00,1617.75,0.0,1.0
2005-03-12 09:29:59,1618.25,0.0,1.0
2005-03-12 09:34:59,1619.25,0.0,0.0
2005-03-12 09:39:59,1619.25,0.0,0.0
2005-03-12 09:45:00,1619.25,0.0,0.0
2005-03-12 09:49:59,1619.25,-1.0,-1.0
2005-03-12 09:54:59,1618.75,0.0,0.0
2005-03-12 09:59:59,1618.75,-1.0,-1.0
2005-03-12 10:04:59,1618.25,-1.0,1.0
2005-03-12 10:10:00,1619.75,-1.0,-1.0
2005-03-12 10:14:59,1619.25,-1.0,0.0
2005-03-12 10:19:59,1619.25,-1.0,0.0
2005-03-12 10:24:59,1619.25,0.0,1.0
2005-03-12 10:30:00,1619.75,-1.0,1.0
2005-03-12 10:34:59,1620.25,0.0,0.0
2005-03-12 10:39:59,1620.25,0.0,-1.0
2005-03-12 10:44:59,1619.75,1.0,1.0
2005-03-12 10:49:59,1620.25,0.0,1.0
2005-03-12 10:55:00,1620.75,1.0,0.0
2005-03-12 10:59:59,1620.75,-1.0,-1.0
2005-03-12 11:04:59,1620.25,1.0,0.0
2005-03-12 11:09:59,1620.25,1.0,0.0
2005-03-12 11:15:00,1620.25,1.0,-1.0
2005-03-12 11:19:59,1619.75,1.0,1.0
2005-03-12 11:24:59,1620.25,-1.0,0.0
2005-03-12 11:29:59,1620.25,-1.0,0.0
2005-03-12 11:34:59,1620.25,-1.0,0.0
2005-03-12 11:40:00,1620.25,1.0,0.0
2005-03-12 11:44:59,1620.25,1.0,1.0
2005-03-12 11:49:59,1620.75,1.0,1.0
2005-03-12 11:54:59,1621.25,1.0,-1.0
2005-03-12 12:00:00,1620.75,-1.0,1.0
2005-03-12 12:04:59,1621.25,-1.0,1.0
2005-03-12 12:09:59,1621.75,-1.0,-1.0
2005-03-12 12:14:59,1621.25,1.0,0.0
2005-03-12 12:19:59,1621.25,1.0,-1.0
2005-03-12 12:25:00,1620.75,1.0,1.0
2005-03-12 12:29:59,1622.25,-1.0,0.0
2005-03-12 12:34:59,1622.25,-1.0,0.0
2005-03-12 12:39:59,1622.25,-1.0,0.0
2005-03-12 12:45:00,1622.25,-1.0,-1.0
2005-03-12 12:49:59,1621.75,1.0,0.0
2005-03-12 12:54:59,1621.75,1.0,-1.0
2005-03-12 12:59:59,1620.75,1.0,0.0
2005-03-12 13:04:59,1620.75,1.0,-1.0
2005-03-12 13:10:00,1620.25,1.0,0.0
2005-03-12 13:14:59,1620.25,1.0,0.0
2005-03-12 13:19:59,1620.25,1.0,-1.0
2005-03-12 13:24:59,1619.25,1.0,1.0
2005-03-12 13:30:00,1620.75,1.0,0.0
2005-03-12 13:34:59,1620.75,1.0,1.0
2005-03-12 13:39:59,1621.25,1.0,-1.0
2005-03-12 13:44:59,1620.25,1.0,-1.0
2005-03-12 13:49:59,1619.75,0.0,1.0
2005-03-12 13:55:00,1620.25,0.0,0.0
2005-03-12 13:59:59,1620.25,0.0,-1.0
2005-03-12 14:04:59,1619.25,1.0,1.0
2005-03-12 14:09:59,1619.75,1.0,1.0
2005-03-12 14:15:00,1620.25,1.0,0.0
2005-03-12 14:19:59,1620.25,1.0,-1.0
2005-03-12 14:24:59,1618.75,1.0,1.0
2005-03-12 14:29:59,1619.25,1.0,1.0
2005-03-12 14:34:59,1621.25,1.0,-1.0
2005-03-12 14:40:00,1620.75,1.0,0.0
2005-03-12 14:44:59,1620.75,1.0,0.0
2005-03-12 14:49:59,1620.75,1.0,1.0
2005-03-12 14:54:59,1621.25,1.0,0.0
2005-03-12 15:00:00,1621.25,0.0,0.0
2005-03-12 15:04:59,1621.25,1.0,1.0
2005-03-12 15:09:59,1623.25,1.0,-1.0
2005-03-12 15:14:59,1622.75,1.0,1.0
2005-03-12 15:19:59,1623.25,1.0,-1.0
2005-03-12 15:25:00,1622.25,1.0,1.0
2005-03-12 15:29:59,1624.25,1.0,-1.0
2005-03-12 15:34:59,1622.75,0.0,-1.0
2005-03-12 15:39:59,1622.25,0.0,1.0
2005-03-12 15:45:00,1622.75,1.0,1.0
2005-03-12 15:49:59,1623.75,0.0,1.0
2005-03-12 15:54:59,1624.25,0.0,-1.0
2005-03-12 15:59:59,1621.75,1.0,1.0
2005-03-12 16:04:59,1623.75,1.0,-1.0
2005-03-12 16:10:00,1620.25,1.0,1.0
2005-03-12 16:14:59,1622.25,1.0,1.0
2005-03-12 16:19:59,1623.25,1.0,1.0
2005-03-12 16:24:59,1628.75,1.0,1.0
2005-03-12 16:30:00,1629.75,1.0,1.0
2005-03-12 16:34:59,1630.25,1.0,-1.0
2005-03-12 16:39:59,1628.25,1.0,1.0
2005-03-12 16:44:59,1630.75,1.0,-1.0
2005-03-12 16:49:59,1629.75,1.0,-1.0
2005-03-12 16:55:00,1629.25,1.0,1.0
2005-03-12 16:59:59,1629.75,1.0,0.0
2005-03-12 17:04:59,1629.75,1.0,-1.0
2005-03-12 17:09:59,1629.25,1.0,-1.0
2005-03-12 17:15:00,1627.25,-1.0,-1.0
2005-03-12 17:19:59,1626.75,1.0,-1.0
2005-03-12 17:24:59,1624.75,1.0,-1.0
2005-03-12 17:29:59,1622.75,1.0,-1.0
2005-03-12 17:34:59,1620.25,1.0,1.0
2005-03-12 17:40:00,1623.75,1.0,-1.0
2005-03-12 17:44:59,1621.75,1.0,-1.0
2005-03-12 17:49:59,1620.75,-1.0,1.0
2005-03-12 17:54:59,1622.25,1.0,-1.0
2005-03-12 18:00:00,1621.25,-1.0,-1.0
2005-03-12 18:04:59,1620.75,1.0,1.0
2005-03-12 18:09:59,1623.25,1.0,0.0
2005-03-12 18:14:59,1623.25,1.0,-1.0
2005-03-12 18:19:59,1622.25,1.0,-1.0
2005-03-12 18:25:00,1621.75,1.0,-1.0
2005-03-12 18:29:59,1619.75,0.0,-1.0
2005-03-12 18:34:59,1618.75,0.0,1.0
2005-03-12 18:39:59,1622.75,0.0,-1.0
2005-03-12 18:45:00,1621.75,0.0,1.0
2005-03-12 18:49:59,1622.25,0.0,1.0
2005-03-12 18:54:59,1622.75,0.0,-1.0
2005-03-12 18:59:59,1620.25,0.0,-1.0
2005-03-12 19:04:59,1617.25,0.0,1.0
2005-03-12 19:10:00,1617.75,0.0,-1.0
2005-03-12 19:14:59,1612.25,0.0,1.0
2005-03-12 19:19:59,1613.25,0.0,-1.0
2005-03-12 19:24:59,1612.75,-1.0,1.0
2005-03-12 19:30:00,1614.75,1.0,-1.0
2005-03-12 19:34:59,1613.75,0.0,-1.0
2005-03-12 19:39:59,1612.75,0.0,-1.0
2005-03-12 19:44:59,1610.25,1.0,1.0
2005-03-12 19:49:59,1612.25,1.0,0.0
2005-03-12 19:55:00,1612.25,1.0,1.0
2005-03-12 19:59:59,1615.25,1.0,-1.0
2005-03-12 20:04:59,1614.25,1.0,-1.0
2005-03-12 20:09:59,1613.25,1.0,1.0
2005-03-12 20:15:00,1615.25,1.0,0.0
2005-03-12 20:19:59,1615.25,1.0,-1.0
2005-03-12 20:24:59,1611.75,1.0,1.0
2005-03-12 20:29:59,1613.25,1.0,0.0
2005-03-12 20:34:59,1613.25,1.0,1.0
2005-03-12 20:40:00,1614.25,0.0,-1.0
2005-03-12 20:44:59,1613.75,0.0,0.0
2005-03-12 20:49:59,1613.75,0.0,-1.0
2005-03-12 20:54:59,1612.75,0.0,-1.0
2005-03-12 21:00:00,1610.25,-1.0,-1.0
2005-03-12 21:04:59,1608.25,-1.0,1.0
2005-03-12 21:09:59,1610.25,1.0,-1.0
2005-03-12 21:14:59,1606.75,1.0,0.0
2005-03-12 21:19:59,1606.75,1.0,-1.0
2005-03-12 21:25:00,1603.25,-1.0,1.0
2005-03-12 21:29:59,1604.75,1.0,1.0
2005-03-12 21:34:59,1605.25,-1.0,1.0
2005-03-12 21:39:59,1607.25,-1.0,-1.0
2005-03-12 21:45:00,1605.25,-1.0,1.0
2005-03-12 21:49:59,1606.25,-1.0,-1.0
2005-03-12 21:54:59,1603.75,-1.0,-1.0
2005-03-12 21:59:59,1600.25,1.0,0.0
2005-03-12 22:04:59,1600.25,1.0,-1.0
2005-03-12 22:10:00,1597.25,-1.0,0.0
2005-03-12 22:14:59,1597.25,1.0,0.0
2005-03-12 22:19:59,1597.25,1.0,0.0
2005-03-12 22:24:59,1597.25,1.0,0.0
2005-03-12 22:30:00,1597.25,1.0,0.0
2005-03-12 22:34:59,1597.25,1.0,1.0
2005-03-12 22:39:59,1598.25,-1.0,-1.0
2005-03-12 22:44:59,1597.75,-1.0,-1.0
2005-03-12 22:49:59,1597.25,-1.0,0.0
2005-03-12 22:55:00,1597.25,1.0,0.0
2005-03-12 22:59:59,1597.25,1.0,0.0
2005-03-12 23:04:59,1597.25,1.0,0.0
2005-03-12 23:09:59,1597.25,1.0,0.0
2005-03-12 23:15:00,1597.25,-1.0,0.0
2005-03-12 23:19:59,1597.25,-1.0,-1.0
2005-03-13 00:04:59,1596.25,-1.0,0.0
2005-03-13 00:09:59,1596.25,-1.0,1.0
2005-03-13 00:14:59,1598.25,-1.0,0.0
2005-03-13 00:19:59,1598.25,-1.0,-1.0
2005-03-13 00:25:00,1597.75,-1.0,0.0
2005-03-13 00:29:59,1597.75,-1.0,-1.0
2005-03-13 00:34:59,1596.75,-1.0,0.0
2005-03-13 00:39:59,1596.75,-1.0,0.0
2005-03-13 00:45:00,1596.75,-1.0,0.0
2005-03-13 00:49:59,1596.75,-1.0,0.0
2005-03-13 00:54:59,1596.75,-1.0,0.0
2005-03-13 00:59:59,1596.75,-1.0,0.0
2005-03-13 01:04:59,1596.75,-1.0,1.0
2005-03-13 01:10:00,1597.75,-1.0,-1.0
2005-03-13 01:14:59,1596.25,-1.0,0.0
2005-03-13 01:19:59,1596.25,-1.0,1.0
2005-03-13 01:24:59,1597.25,-1.0,-1.0
2005-03-13 01:30:00,1596.75,-1.0,1.0
2005-03-13 01:34:59,1597.75,-1.0,0.0
2005-03-13 01:39:59,1597.75,-1.0,0.0
2005-03-13 01:44:59,1597.75,-1.0,0.0
2005-03-13 01:49:59,1597.75,-1.0,0.0
2005-03-13 01:55:00,1597.75,-1.0,1.0
2005-03-13 01:59:59,1599.25,-1.0,0.0
2005-03-13 02:04:59,1599.25,-1.0,0.0
2005-03-13 02:09:59,1599.25,-1.0,0.0
2005-03-13 02:15:00,1599.25,-1.0,0.0
2005-03-13 02:19:59,1599.25,-1.0,0.0
2005-03-13 02:24:59,1599.25,-1.0,0.0
2005-03-13 02:29:59,1599.25,-1.0,0.0
2005-03-13 02:34:59,1599.25,-1.0,0.0
2005-03-13 02:40:00,1599.25,-1.0,0.0
2005-03-13 02:44:59,1599.25,-1.0,0.0
2005-03-13 02:49:59,1599.25,-1.0,0.0
2005-03-13 02:54:59,1599.25,0.0,0.0
2005-03-13 03:00:00,1599.25,0.0,0.0
2005-03-13 03:04:59,1599.25,0.0,0.0
2005-03-13 03:09:59,1599.25,-1.0,0.0
2005-03-13 03:14:59,1599.25,0.0,0.0
2005-03-13 03:19:59,1599.25,1.0,1.0
2005-03-13 03:25:00,1599.75,1.0,-1.0
2005-03-13 03:29:59,1599.25,1.0,0.0
2005-03-13 03:34:59,1599.25,1.0,0.0
2005-03-13 03:39:59,1599.25,1.0,0.0
2005-03-13 03:45:00,1599.25,1.0,1.0
2005-03-13 03:49:59,1599.75,1.0,0.0
2005-03-13 03:54:59,1599.75,1.0,0.0
2005-03-13 03:59:59,1599.75,1.0,0.0
2005-03-13 04:04:59,1599.75,1.0,-1.0
2005-03-13 04:10:00,1599.25,1.0,0.0
2005-03-13 04:14:59,1599.25,0.0,-1.0
2005-03-13 04:19:59,1598.75,1.0,0.0
2005-03-13 04:24:59,1598.75,1.0,-1.0
2005-03-13 04:30:00,1598.25,1.0,0.0
2005-03-13 04:34:59,1598.25,1.0,0.0
2005-03-13 04:39:59,1598.25,1.0,0.0
2005-03-13 04:44:59,1598.25,1.0,0.0
2005-03-13 04:49:59,1598.25,1.0,0.0
2005-03-13 04:55:00,1598.25,1.0,1.0
2005-03-13 04:59:59,1599.25,1.0,0.0
2005-03-13 05:04:59,1599.25,1.0,0.0
2005-03-13 05:09:59,1599.25,0.0,0.0
2005-03-13 05:15:00,1599.25,0.0,0.0
2005-03-13 05:19:59,1599.25,0.0,0.0
2005-03-13 05:24:59,1599.25,0.0,0.0
2005-03-13 05:29:59,1599.25,0.0,0.0
2005-03-13 05:34:59,1599.25,1.0,0.0
2005-03-13 05:40:00,1599.25,1.0,0.0
2005-03-13 05:44:59,1599.25,1.0,1.0
2005-03-13 05:49:59,1599.75,0.0,0.0
2005-03-13 05:54:59,1599.75,1.0,0.0
2005-03-13 06:00:00,1599.75,0.0,0.0
2005-03-13 06:04:59,1599.75,0.0,-1.0
2005-03-13 06:09:59,1599.25,1.0,0.0
2005-03-13 06:14:59,1599.25,1.0,0.0
2005-03-13 06:19:59,1599.25,1.0,0.0
2005-03-13 06:25:00,1599.25,1.0,0.0
2005-03-13 06:29:59,1599.25,1.0,0.0
2005-03-13 06:34:59,1599.25,1.0,0.0
2005-03-13 06:39:59,1599.25,1.0,0.0
2005-03-13 06:45:00,1599.25,1.0,0.0
2005-03-13 06:49:59,1599.25,1.0,0.0
2005-03-13 06:54:59,1599.25,1.0,0.0
2005-03-13 06:59:59,1599.25,0.0,-1.0
2005-03-13 07:04:59,1598.25,1.0,0.0
2005-03-13 07:10:00,1598.25,1.0,0.0
2005-03-13 07:14:59,1598.25,1.0,-1.0
2005-03-13 07:19:59,1597.25,0.0,0.0
2005-03-13 07:24:59,1597.25,1.0,0.0
2005-03-13 07:30:00,1597.25,1.0,1.0
2005-03-13 07:34:59,1598.25,1.0,-1.0
2005-03-13 07:39:59,1597.25,1.0,0.0
2005-03-13 07:44:59,1597.25,1.0,0.0
2005-03-13 07:49:59,1597.25,1.0,0.0
2005-03-13 07:55:00,1597.25,1.0,0.0
2005-03-13 07:59:59,1597.25,1.0,0.0
2005-03-13 08:04:59,1597.25,1.0,0.0
2005-03-13 08:09:59,1597.25,1.0,0.0
2005-03-13 08:15:00,1597.25,1.0,0.0
2005-03-13 08:19:59,1597.25,1.0,0.0
2005-03-13 08:24:59,1597.25,1.0,0.0
2005-03-13 08:29:59,1597.25,1.0,0.0
2005-03-13 08:34:59,1597.25,1.0,1.0
2005-03-13 08:40:00,1598.25,1.0,-1.0
2005-03-13 08:44:59,1597.25,1.0,0.0
2005-03-13 08:49:59,1597.25,1.0,0.0
2005-03-13 08:54:59,1597.25,1.0,-1.0
2005-03-13 09:00:00,1596.25,1.0,0.0
2005-03-13 09:04:59,1596.25,1.0,0.0
2005-03-13 09:09:59,1596.25,1.0,-1.0
2005-03-13 09:14:59,1594.75,1.0,0.0
2005-03-13 09:19:59,1594.75,1.0,-1.0
2005-03-13 09:25:00,1594.25,1.0,0.0
2005-03-13 09:29:59,1594.25,1.0,0.0
2005-03-13 09:34:59,1594.25,1.0,0.0
2005-03-13 09:39:59,1594.25,1.0,0.0
2005-03-13 09:45:00,1594.25,-1.0,1.0
2005-03-13 09:49:59,1595.25,-1.0,0.0
2005-03-13 09:54:59,1595.25,-1.0,0.0
2005-03-13 09:59:59,1595.25,-1.0,-1.0
2005-03-13 10:04:59,1593.25,-1.0,0.0
2005-03-13 10:10:00,1593.25,-1.0,0.0
2005-03-13 10:14:59,1593.25,-1.0,0.0
2005-03-13 10:19:59,1593.25,-1.0,0.0
2005-03-13 10:24:59,1593.25,-1.0,-1.0
2005-03-13 10:30:00,1591.75,0.0,0.0
2005-03-13 10:34:59,1591.75,0.0,1.0
2005-03-13 10:39:59,1592.25,-1.0,-1.0
2005-03-13 10:44:59,1591.25,-1.0,-1.0
2005-03-13 10:49:59,1590.25,-1.0,1.0
2005-03-13 10:55:00,1590.75,-1.0,-1.0
2005-03-13 10:59:59,1590.25,-1.0,-1.0
2005-03-13 11:04:59,1589.25,-1.0,0.0
2005-03-13 11:09:59,1589.25,1.0,-1.0
2005-03-13 11:15:00,1588.75,1.0,1.0
2005-03-13 11:19:59,1589.25,1.0,0.0
2005-03-13 11:24:59,1589.25,1.0,1.0
2005-03-13 11:29:59,1590.25,1.0,0.0
2005-03-13 11:34:59,1590.25,0.0,0.0
2005-03-13 11:40:00,1590.25,0.0,-1.0
2005-03-13 11:44:59,1589.25,0.0,0.0
2005-03-13 11:49:59,1589.25,0.0,-1.0
2005-03-13 11:54:59,1588.75,1.0,-1.0
2005-03-13 12:00:00,1587.25,1.0,-1.0
2005-03-13 12:04:59,1585.25,1.0,-1.0
2005-03-13 12:09:59,1582.75,1.0,1.0
2005-03-13 12:14:59,1583.75,-1.0,-1.0
2005-03-13 12:19:59,1582.25,1.0,-1.0
2005-03-13 12:25:00,1580.25,1.0,1.0
2005-03-13 12:29:59,1581.25,1.0,1.0
2005-03-13 12:34:59,1584.25,1.0,1.0
2005-03-13 12:39:59,1584.75,1.0,-1.0
2005-03-13 12:45:00,1581.75,0.0,1.0
2005-03-13 12:49:59,1582.25,0.0,1.0
2005-03-13 12:54:59,1584.25,0.0,1.0
2005-03-13 12:59:59,1585.25,0.0,1.0
2005-03-13 13:04:59,1587.25,0.0,-1.0
2005-03-13 13:10:00,1584.75,0.0,0.0
2005-03-13 13:14:59,1584.75,0.0,0.0
2005-03-13 13:19:59,1584.75,0.0,1.0
2005-03-13 13:24:59,1586.75,0.0,1.0
2005-03-13 13:30:00,1587.25,1.0,0.0
2005-03-13 13:34:59,1587.25,0.0,1.0
2005-03-13 13:39:59,1588.25,0.0,1.0
2005-03-13 13:44:59,1588.75,0.0,-1.0
2005-03-13 13:49:59,1587.25,-1.0,-1.0
2005-03-13 13:55:00,1586.25,-1.0,-1.0
2005-03-13 13:59:59,1585.75,-1.0,1.0
2005-03-13 14:04:59,1586.75,-1.0,-1.0
2005-03-13 14:09:59,1585.75,-1.0,1.0
2005-03-13 14:15:00,1586.25,0.0,1.0
2005-03-13 14:19:59,1587.25,0.0,-1.0
2005-03-13 14:24:59,1586.75,0.0,0.0
2005-03-13 14:29:59,1586.75,0.0,-1.0
2005-03-13 14:34:59,1585.25,0.0,1.0
2005-03-13 14:40:00,1586.75,-1.0,1.0
2005-03-13 14:44:59,1587.25,1.0,-1.0
2005-03-13 14:49:59,1586.75,1.0,1.0
2005-03-13 14:54:59,1588.75,1.0,1.0
2005-03-13 15:00:00,1589.75,1.0,1.0
2005-03-13 15:04:59,1592.75,1.0,-1.0
2005-03-13 15:09:59,1591.25,0.0,-1.0
2005-03-13 15:14:59,1590.25,1.0,-1.0
2005-03-13 15:19:59,1589.75,-1.0,1.0
2005-03-13 15:25:00,1593.25,-1.0,1.0
2005-03-13 15:29:59,1594.75,1.0,0.0
2005-03-13 15:34:59,1594.75,-1.0,-1.0
2005-03-13 15:39:59,1592.25,-1.0,1.0
2005-03-13 15:45:00,1595.25,0.0,1.0
2005-03-13 15:49:59,1601.75,0.0,-1.0
2005-03-13 15:54:59,1600.25,0.0,-1.0
2005-03-13 15:59:59,1597.75,0.0,1.0
2005-03-13 16:04:59,1602.75,0.0,1.0
2005-03-13 16:10:00,1606.75,-1.0,-1.0
2005-03-13 16:14:59,1604.25,1.0,1.0
2005-03-13 16:19:59,1607.75,1.0,0.0
2005-03-13 16:24:59,1607.75,0.0,-1.0
2005-03-13 16:30:00,1605.25,0.0,-1.0
2005-03-13 16:34:59,1603.25,-1.0,-1.0
2005-03-13 16:39:59,1599.25,-1.0,1.0
2005-03-13 16:44:59,1601.25,0.0,-1.0
2005-03-13 16:49:59,1600.25,-1.0,-1.0
2005-03-13 16:55:00,1598.75,0.0,-1.0
2005-03-13 16:59:59,1595.25,-1.0,1.0
2005-03-13 17:04:59,1596.75,-1.0,-1.0
2005-03-13 17:09:59,1595.75,-1.0,-1.0
2005-03-13 17:15:00,1594.25,-1.0,1.0
2005-03-13 17:19:59,1597.75,-1.0,1.0
2005-03-13 17:24:59,1599.25,0.0,0.0
2005-03-13 17:29:59,1599.25,0.0,1.0
2005-03-13 17:34:59,1601.25,0.0,-1.0
2005-03-13 17:40:00,1599.75,1.0,-1.0
2005-03-13 17:44:59,1598.25,1.0,1.0
2005-03-13 17:49:59,1599.25,0.0,1.0
2005-03-13 17:54:59,1602.25,-1.0,-1.0
2005-03-13 18:00:00,1601.75,-1.0,0.0
2005-03-13 18:04:59,1601.75,-1.0,1.0
2005-03-13 18:09:59,1604.25,1.0,1.0
2005-03-13 18:14:59,1606.25,0.0,0.0
2005-03-13 18:19:59,1606.25,0.0,0.0
2005-03-13 18:25:00,1606.25,0.0,1.0
2005-03-13 18:29:59,1607.25,0.0,-1.0
2005-03-13 18:34:59,1606.25,0.0,1.0
2005-03-13 18:39:59,1606.75,0.0,1.0
2005-03-13 18:45:00,1609.75,0.0,-1.0
2005-03-13 18:49:59,1607.75,0.0,1.0
2005-03-13 18:54:59,1609.75,0.0,-1.0
2005-03-13 18:59:59,1609.25,0.0,-1.0
2005-03-13 19:04:59,1607.75,0.0,1.0
2005-03-13 19:10:00,1609.25,-1.0,0.0
2005-03-13 19:14:59,1609.25,-1.0,-1.0
2005-03-13 19:19:59,1606.75,-1.0,1.0
2005-03-13 19:24:59,1607.75,1.0,-1.0
2005-03-13 19:30:00,1605.75,1.0,-1.0
2005-03-13 19:34:59,1604.25,-1.0,-1.0
2005-03-13 19:39:59,1603.25,-1.0,1.0
2005-03-13 19:44:59,1604.75,-1.0,-1.0
2005-03-13 19:49:59,1603.75,-1.0,1.0
2005-03-13 19:55:00,1604.25,-1.0,-1.0
2005-03-13 19:59:59,1601.25,0.0,1.0
2005-03-13 20:04:59,1603.75,0.0,1.0
2005-03-13 20:09:59,1608.25,0.0,-1.0
2005-03-13 20:15:00,1607.25,0.0,1.0
2005-03-13 20:19:59,1608.75,0.0,-1.0
2005-03-13 20:24:59,1607.75,0.0,-1.0
2005-03-13 20:29:59,1605.25,0.0,-1.0
2005-03-13 20:34:59,1603.25,0.0,1.0
2005-03-13 20:40:00,1605.75,0.0,-1.0
2005-03-13 20:44:59,1602.25,0.0,-1.0
2005-03-13 20:49:59,1600.75,0.0,1.0
2005-03-13 20:54:59,1601.75,0.0,1.0
2005-03-13 21:00:00,1604.25,0.0,-1.0
2005-03-13 21:04:59,1601.25,0.0,-1.0
2005-03-13 21:09:59,1600.25,0.0,-1.0
2005-03-13 21:14:59,1593.25,0.0,1.0
2005-03-13 21:19:59,1594.25,0.0,-1.0
2005-03-13 21:25:00,1592.75,0.0,1.0
2005-03-13 21:29:59,1593.25,0.0,1.0
2005-03-13 21:34:59,1594.75,1.0,-1.0
2005-03-13 21:39:59,1590.75,1.0,-1.0
2005-03-13 21:45:00,1589.25,0.0,-1.0
2005-03-13 21:49:59,1585.25,1.0,-1.0
2005-03-13 21:54:59,1584.25,1.0,-1.0
2005-03-13 21:59:59,1583.25,1.0,1.0
2005-03-13 22:04:59,1585.75,1.0,-1.0
2005-03-13 22:10:00,1585.25,1.0,0.0
2005-03-13 22:14:59,1585.25,1.0,0.0
2005-03-13 22:19:59,1585.25,1.0,0.0
2005-03-13 22:24:59,1585.25,1.0,-1.0
2005-03-13 22:30:00,1584.75,1.0,-1.0
2005-03-13 22:34:59,1584.25,1.0,0.0
2005-03-13 22:39:59,1584.25,1.0,-1.0
2005-03-13 22:44:59,1583.25,1.0,1.0
2005-03-13 22:49:59,1585.25,-1.0,-1.0
2005-03-13 22:55:00,1584.75,1.0,1.0
2005-03-13 22:59:59,1585.75,-1.0,-1.0
2005-03-13 23:04:59,1583.75,-1.0,1.0
2005-03-13 23:09:59,1584.25,-1.0,1.0
2005-03-13 23:15:00,1584.75,-1.0,1.0
2005-03-13 23:19:59,1585.25,-1.0,-1.0
2005-03-13 23:24:59,1584.75,1.0,-1.0
2005-03-14 00:00:00,1583.75,1.0,0.0
2005-03-14 00:04:59,1583.75,1.0,0.0
2005-03-14 00:09:59,1583.75,1.0,1.0
2005-03-14 00:14:59,1584.75,1.0,-1.0
2005-03-14 00:19:59,1583.75,1.0,0.0
2005-03-14 00:25:00,1583.75,1.0,-1.0
2005-03-14 00:29:59,1582.75,1.0,-1.0
2005-03-14 00:34:59,1581.75,0.0,1.0
2005-03-14 00:39:59,1582.25,0.0,0.0
2005-03-14 00:45:00,1582.25,1.0,0.0
2005-03-14 00:49:59,1582.25,1.0,0.0
2005-03-14 00:54:59,1582.25,1.0,0.0
2005-03-14 00:59:59,1582.25,1.0,-1.0
2005-03-14 01:04:59,1581.75,1.0,0.0
2005-03-14 01:10:00,1581.75,1.0,-1.0
2005-03-14 01:14:59,1581.25,1.0,1.0
2005-03-14 01:19:59,1581.75,1.0,0.0
2005-03-14 01:24:59,1581.75,1.0,1.0
2005-03-14 01:30:00,1582.25,-1.0,1.0
2005-03-14 01:34:59,1582.75,1.0,0.0
2005-03-14 01:39:59,1582.75,1.0,0.0
2005-03-14 01:44:59,1582.75,0.0,0.0
2005-03-14 01:49:59,1582.75,1.0,1.0
2005-03-14 01:55:00,1583.75,0.0,0.0
2005-03-14 01:59:59,1583.75,1.0,-1.0
2005-03-14 02:04:59,1583.25,1.0,-1.0
2005-03-14 02:09:59,1582.75,1.0,0.0
2005-03-14 02:15:00,1582.75,0.0,0.0
2005-03-14 02:19:59,1582.75,0.0,-1.0
2005-03-14 02:24:59,1582.25,0.0,0.0
2005-03-14 02:29:59,1582.25,0.0,0.0
2005-03-14 02:34:59,1582.25,0.0,0.0
2005-03-14 02:40:00,1582.25,0.0,1.0
2005-03-14 02:44:59,1582.75,0.0,0.0
2005-03-14 02:49:59,1582.75,0.0,1.0
2005-03-14 02:54:59,1583.25,0.0,0.0
2005-03-14 03:00:00,1583.25,1.0,-1.0
2005-03-14 03:04:59,1582.25,0.0,0.0
2005-03-14 03:09:59,1582.25,0.0,0.0
2005-03-14 03:14:59,1582.25,0.0,0.0
2005-03-14 03:19:59,1582.25,0.0,0.0
2005-03-14 03:25:00,1582.25,0.0,0.0
2005-03-14 03:29:59,1582.25,0.0,0.0
2005-03-14 03:34:59,1582.25,0.0,0.0
2005-03-14 03:39:59,1582.25,1.0,0.0
2005-03-14 03:45:00,1582.25,0.0,-1.0
2005-03-14 03:49:59,1581.75,0.0,0.0
2005-03-14 03:54:59,1581.75,0.0,0.0
2005-03-14 03:59:59,1581.75,0.0,0.0
2005-03-14 04:04:59,1581.75,0.0,0.0
2005-03-14 04:10:00,1581.75,0.0,0.0
2005-03-14 04:14:59,1581.75,0.0,1.0
2005-03-14 04:19:59,1582.25,0.0,1.0
2005-03-14 04:24:59,1582.75,0.0,0.0
2005-03-14 04:30:00,1582.75,0.0,-1.0
2005-03-14 04:34:59,1582.25,0.0,0.0
2005-03-14 04:39:59,1582.25,0.0,0.0
2005-03-14 04:44:59,1582.25,1.0,-1.0
2005-03-14 04:49:59,1581.75,1.0,1.0
2005-03-14 04:55:00,1582.25,0.0,0.0
2005-03-14 04:59:59,1582.25,0.0,-1.0
2005-03-14 05:04:59,1581.75,1.0,0.0
2005-03-14 05:09:59,1581.75,0.0,-1.0
2005-03-14 05:15:00,1581.25,0.0,-1.0
2005-03-14 05:19:59,1580.75,0.0,0.0
2005-03-14 05:24:59,1580.75,0.0,1.0
2005-03-14 05:29:59,1581.25,0.0,0.0
2005-03-14 05:34:59,1581.25,0.0,1.0
2005-03-14 05:40:00,1581.75,1.0,-1.0
2005-03-14 05:44:59,1581.25,1.0,0.0
2005-03-14 05:49:59,1581.25,1.0,0.0
2005-03-14 05:54:59,1581.25,0.0,1.0
2005-03-14 06:00:00,1581.75,0.0,0.0
2005-03-14 06:04:59,1581.75,0.0,1.0
2005-03-14 06:09:59,1582.25,0.0,0.0
2005-03-14 06:14:59,1582.25,0.0,0.0
2005-03-14 06:19:59,1582.25,0.0,-1.0
2005-03-14 06:25:00,1581.25,0.0,1.0
2005-03-14 06:29:59,1582.25,0.0,0.0
2005-03-14 06:34:59,1582.25,0.0,1.0
2005-03-14 06:39:59,1582.75,0.0,-1.0
2005-03-14 06:45:00,1582.25,0.0,0.0
2005-03-14 06:49:59,1582.25,0.0,0.0
2005-03-14 06:54:59,1582.25,0.0,0.0
2005-03-14 06:59:59,1582.25,0.0,0.0
2005-03-14 07:04:59,1582.25,0.0,0.0
2005-03-14 07:10:00,1582.25,0.0,1.0
2005-03-14 07:14:59,1582.75,0.0,0.0
2005-03-14 07:19:59,1582.75,0.0,1.0
2005-03-14 07:24:59,1583.25,0.0,0.0
2005-03-14 07:30:00,1583.25,0.0,0.0
2005-03-14 07:34:59,1583.25,0.0,0.0
2005-03-14 07:39:59,1583.25,0.0,1.0
2005-03-14 07:44:59,1583.75,0.0,0.0
2005-03-14 07:49:59,1583.75,0.0,-1.0
2005-03-14 07:55:00,1583.25,0.0,0.0
2005-03-14 07:59:59,1583.25,0.0,1.0
2005-03-14 08:04:59,1584.25,0.0,0.0
2005-03-14 08:09:59,1584.25,0.0,1.0
2005-03-14 08:15:00,1584.75,0.0,0.0
2005-03-14 08:19:59,1584.75,0.0,0.0
2005-03-14 08:24:59,1584.75,0.0,0.0
2005-03-14 08:29:59,1584.75,0.0,1.0
2005-03-14 08:34:59,1586.25,0.0,-1.0
2005-03-14 08:40:00,1585.75,0.0,1.0
2005-03-14 08:44:59,1586.25,1.0,0.0
2005-03-14 08:49:59,1586.25,1.0,0.0
2005-03-14 08:54:59,1586.25,0.0,-1.0
2005-03-14 09:00:00,1583.75,0.0,1.0
2005-03-14 09:04:59,1586.75,1.0,0.0
2005-03-14 09:09:59,1586.75,1.0,-1.0
2005-03-14 09:14:59,1584.75,1.0,-1.0
2005-03-14 09:19:59,1580.75,1.0,-1.0
2005-03-14 09:25:00,1580.25,0.0,-1.0
2005-03-14 09:29:59,1579.25,0.0,1.0
2005-03-14 09:34:59,1581.75,0.0,1.0
2005-03-14 09:39:59,1587.25,0.0,-1.0
2005-03-14 09:45:00,1585.25,0.0,-1.0
2005-03-14 09:49:59,1583.75,0.0,1.0
2005-03-14 09:54:59,1586.75,0.0,1.0
2005-03-14 09:59:59,1588.25,0.0,1.0
2005-03-14 10:04:59,1588.75,0.0,0.0
2005-03-14 10:10:00,1588.75,0.0,-1.0
2005-03-14 10:14:59,1588.25,0.0,0.0
2005-03-14 10:19:59,1588.25,0.0,-1.0
2005-03-14 10:24:59,1587.25,0.0,1.0
2005-03-14 10:30:00,1590.25,-1.0,0.0
2005-03-14 10:34:59,1590.25,1.0,-1.0
2005-03-14 10:39:59,1589.75,-1.0,-1.0
2005-03-14 10:44:59,1589.25,-1.0,1.0
2005-03-14 10:49:59,1590.25,-1.0,-1.0
2005-03-14 10:55:00,1589.75,-1.0,0.0
2005-03-14 10:59:59,1589.75,1.0,1.0
2005-03-14 11:04:59,1590.25,1.0,-1.0
2005-03-14 11:09:59,1589.75,1.0,-1.0
2005-03-14 11:15:00,1589.25,1.0,1.0
2005-03-14 11:19:59,1590.25,1.0,1.0
2005-03-14 11:24:59,1590.75,1.0,1.0
2005-03-14 11:29:59,1592.25,1.0,1.0
2005-03-14 11:34:59,1593.25,1.0,1.0
2005-03-14 11:40:00,1593.75,1.0,1.0
2005-03-14 11:44:59,1594.75,1.0,-1.0
2005-03-14 11:49:59,1593.25,1.0,-1.0
2005-03-14 11:54:59,1591.75,1.0,1.0
2005-03-14 12:00:00,1593.25,1.0,-1.0
2005-03-14 12:04:59,1592.75,1.0,-1.0
2005-03-14 12:09:59,1590.75,1.0,1.0
2005-03-14 12:14:59,1593.25,1.0,-1.0
2005-03-14 12:19:59,1591.75,1.0,1.0
2005-03-14 12:25:00,1592.25,1.0,0.0
2005-03-14 12:29:59,1592.25,1.0,-1.0
2005-03-14 12:34:59,1591.75,1.0,-1.0
2005-03-14 12:39:59,1591.25,0.0,-1.0
2005-03-14 12:45:00,1590.25,0.0,-1.0
2005-03-14 12:49:59,1589.75,0.0,0.0
2005-03-14 12:54:59,1589.75,1.0,0.0
2005-03-14 12:59:59,1589.75,0.0,1.0
2005-03-14 13:04:59,1591.25,1.0,-1.0
2005-03-14 13:10:00,1589.75,1.0,-1.0
2005-03-14 13:14:59,1589.25,1.0,0.0
2005-03-14 13:19:59,1589.25,1.0,0.0
2005-03-14 13:24:59,1589.25,1.0,1.0
2005-03-14 13:30:00,1590.25,1.0,-1.0
2005-03-14 13:34:59,1589.25,1.0,1.0
2005-03-14 13:39:59,1591.75,1.0,1.0
2005-03-14 13:44:59,1592.25,1.0,0.0
2005-03-14 13:49:59,1592.25,0.0,0.0
2005-03-14 13:55:00,1592.25,1.0,0.0
2005-03-14 13:59:59,1592.25,0.0,0.0
2005-03-14 14:04:59,1592.25,0.0,1.0
2005-03-14 14:09:59,1592.75,1.0,-1.0
2005-03-14 14:15:00,1592.25,0.0,0.0
2005-03-14 14:19:59,1592.25,0.0,1.0
2005-03-14 14:24:59,1593.25,1.0,0.0
2005-03-14 14:29:59,1593.25,1.0,1.0
2005-03-14 14:34:59,1593.75,1.0,1.0
2005-03-14 14:40:00,1594.75,1.0,0.0
2005-03-14 14:44:59,1594.75,0.0,1.0
2005-03-14 14:49:59,1595.75,0.0,-1.0
2005-03-14 14:54:59,1594.75,1.0,1.0
2005-03-14 15:00:00,1595.25,1.0,-1.0
2005-03-14 15:04:59,1594.75,0.0,1.0
2005-03-14 15:09:59,1595.75,1.0,1.0
2005-03-14 15:14:59,1596.75,0.0,0.0
2005-03-14 15:19:59,1596.75,0.0,0.0
2005-03-14 15:25:00,1596.75,0.0,0.0
2005-03-14 15:29:59,1596.75,0.0,1.0
2005-03-14 15:34:59,1599.75,0.0,1.0
2005-03-14 15:39:59,1601.25,0.0,-1.0
2005-03-14 15:45:00,1598.25,-1.0,1.0
2005-03-14 15:49:59,1605.75,-1.0,-1.0
2005-03-14 15:54:59,1603.75,-1.0,1.0
2005-03-14 15:59:59,1605.75,-1.0,-1.0
2005-03-14 16:04:59,1603.75,-1.0,-1.0
2005-03-14 16:10:00,1601.75,-1.0,-1.0
2005-03-14 16:14:59,1599.25,-1.0,1.0
2005-03-14 16:19:59,1603.25,0.0,-1.0
2005-03-14 16:24:59,1598.75,0.0,1.0
2005-03-14 16:30:00,1601.75,0.0,-1.0
2005-03-14 16:34:59,1600.75,0.0,-1.0
2005-03-14 16:39:59,1600.25,1.0,-1.0
2005-03-14 16:44:59,1597.25,1.0,1.0
2005-03-14 16:49:59,1598.75,0.0,1.0
2005-03-14 16:55:00,1599.75,0.0,1.0
2005-03-14 16:59:59,1601.25,0.0,-1.0
2005-03-14 17:04:59,1600.75,0.0,1.0
2005-03-14 17:09:59,1602.25,0.0,0.0
2005-03-14 17:15:00,1602.25,0.0,1.0
2005-03-14 17:19:59,1603.25,0.0,1.0
2005-03-14 17:24:59,1607.75,0.0,-1.0
2005-03-14 17:29:59,1606.75,-1.0,-1.0
2005-03-14 17:34:59,1606.25,0.0,1.0
2005-03-14 17:40:00,1606.75,0.0,1.0
2005-03-14 17:44:59,1609.25,-1.0,1.0
2005-03-14 17:49:59,1610.75,0.0,0.0
2005-03-14 17:54:59,1610.75,0.0,-1.0
2005-03-14 18:00:00,1608.25,0.0,-1.0
2005-03-14 18:04:59,1606.75,0.0,1.0
2005-03-14 18:09:59,1608.25,0.0,-1.0
2005-03-14 18:14:59,1607.25,0.0,-1.0
2005-03-14 18:19:59,1606.75,-1.0,0.0
2005-03-14 18:25:00,1606.75,0.0,-1.0
2005-03-14 18:29:59,1606.25,0.0,0.0
2005-03-14 18:34:59,1606.25,0.0,-1.0
2005-03-14 18:39:59,1601.75,0.0,1.0
2005-03-14 18:45:00,1602.25,0.0,-1.0
2005-03-14 18:49:59,1601.75,0.0,1.0
2005-03-14 18:54:59,1602.25,0.0,-1.0
2005-03-14 18:59:59,1601.25,0.0,1.0
2005-03-14 19:04:59,1603.25,0.0,0.0
2005-03-14 19:10:00,1603.25,0.0,1.0
2005-03-14 19:14:59,1603.75,0.0,1.0
2005-03-14 19:19:59,1605.75,0.0,-1.0
2005-03-14 19:24:59,1601.75,1.0,1.0
2005-03-14 19:30:00,1602.75,0.0,-1.0
2005-03-14 19:34:59,1602.25,0.0,1.0
2005-03-14 19:39:59,1604.75,0.0,0.0
2005-03-14 19:44:59,1604.75,0.0,0.0
2005-03-14 19:49:59,1604.75,0.0,-1.0
2005-03-14 19:55:00,1604.25,0.0,1.0
2005-03-14 19:59:59,1607.75,0.0,-1.0
2005-03-14 20:04:59,1606.75,0.0,1.0
2005-03-14 20:09:59,1607.25,0.0,1.0
2005-03-14 20:15:00,1607.75,0.0,-1.0
2005-03-14 20:19:59,1606.25,0.0,-1.0
2005-03-14 20:24:59,1604.75,0.0,0.0
2005-03-14 20:29:59,1604.75,0.0,1.0
2005-03-14 20:34:59,1605.75,0.0,0.0
2005-03-14 20:40:00,1605.75,0.0,1.0
2005-03-14 20:44:59,1608.25,0.0,-1.0
2005-03-14 20:49:59,1603.25,0.0,1.0
2005-03-14 20:54:59,1604.75,0.0,-1.0
2005-03-14 21:00:00,1603.25,0.0,1.0
2005-03-14 21:04:59,1604.75,0.0,-1.0
2005-03-14 21:09:59,1604.25,0.0,1.0
2005-03-14 21:14:59,1606.25,0.0,1.0
2005-03-14 21:19:59,1608.25,-1.0,-1.0
2005-03-14 21:25:00,1607.75,0.0,-1.0
2005-03-14 21:29:59,1606.25,0.0,-1.0
2005-03-14 21:34:59,1603.75,0.0,1.0
2005-03-14 21:39:59,1605.75,0.0,1.0
2005-03-14 21:45:00,1607.75,0.0,1.0
2005-03-14 21:49:59,1610.25,0.0,1.0
2005-03-14 21:54:59,1612.25,0.0,-1.0
2005-03-14 21:59:59,1611.75,0.0,0.0
2005-03-14 22:04:59,1611.75,0.0,-1.0
2005-03-14 22:10:00,1610.25,0.0,-1.0
2005-03-17 00:29:59,1607.25,0.0,1.0
2005-03-17 00:34:59,1607.75,0.0,0.0
2005-03-17 00:39:59,1607.75,0.0,1.0
2005-03-17 00:45:00,1608.25,0.0,1.0
2005-03-17 00:49:59,1609.25,0.0,-1.0
2005-03-17 00:54:59,1608.75,0.0,0.0
2005-03-17 00:59:59,1608.75,0.0,0.0
2005-03-17 01:04:59,1608.75,0.0,0.0
2005-03-17 01:10:00,1608.75,0.0,1.0
2005-03-17 01:14:59,1609.25,0.0,0.0
2005-03-17 01:19:59,1609.25,0.0,-1.0
2005-03-17 01:24:59,1608.75,0.0,1.0
2005-03-17 01:30:00,1609.75,1.0,1.0
2005-03-17 01:34:59,1610.25,1.0,1.0
2005-03-17 01:39:59,1612.75,1.0,0.0
2005-03-17 01:44:59,1612.75,1.0,-1.0
2005-03-17 01:49:59,1611.75,0.0,0.0
2005-03-17 01:55:00,1611.75,0.0,-1.0
2005-03-17 01:59:59,1611.25,0.0,0.0
2005-03-17 02:04:59,1611.25,0.0,0.0
2005-03-17 02:09:59,1611.25,-1.0,-1.0
2005-03-17 02:15:00,1610.25,0.0,0.0
2005-03-17 02:19:59,1610.25,-1.0,0.0
2005-03-17 02:24:59,1610.25,1.0,0.0
2005-03-17 02:29:59,1610.25,1.0,0.0
2005-03-17 02:34:59,1610.25,1.0,0.0
2005-03-17 02:40:00,1610.25,1.0,0.0
2005-03-17 02:44:59,1610.25,0.0,0.0
2005-03-17 02:49:59,1610.25,0.0,-1.0
2005-03-17 02:54:59,1609.75,0.0,0.0
2005-03-17 03:00:00,1609.75,0.0,0.0
2005-03-17 03:04:59,1609.75,0.0,0.0
2005-03-17 03:09:59,1609.75,0.0,0.0
2005-03-17 03:14:59,1609.75,0.0,0.0
2005-03-17 03:19:59,1609.75,0.0,0.0
2005-03-17 03:25:00,1609.75,-1.0,1.0
2005-03-17 03:29:59,1610.25,0.0,-1.0
2005-03-17 03:34:59,1609.75,0.0,-1.0
2005-03-17 03:39:59,1609.25,0.0,0.0
2005-03-17 03:45:00,1609.25,-1.0,0.0
2005-03-17 03:49:59,1609.25,-1.0,0.0
2005-03-17 03:54:59,1609.25,-1.0,0.0
2005-03-17 03:59:59,1609.25,-1.0,0.0
2005-03-17 04:04:59,1609.25,-1.0,0.0
2005-03-17 04:10:00,1609.25,-1.0,1.0
2005-03-17 04:14:59,1609.75,-1.0,-1.0
2005-03-17 04:19:59,1609.25,-1.0,0.0
2005-03-17 04:24:59,1609.25,-1.0,0.0
2005-03-17 04:30:00,1609.25,-1.0,1.0
2005-03-17 04:34:59,1610.25,-1.0,1.0
2005-03-17 04:39:59,1610.75,1.0,0.0
2005-03-17 04:44:59,1610.75,1.0,0.0
2005-03-17 04:49:59,1610.75,1.0,0.0
2005-03-17 04:55:00,1610.75,1.0,0.0
2005-03-17 04:59:59,1610.75,1.0,-1.0
2005-03-17 05:04:59,1610.25,1.0,0.0
2005-03-17 05:09:59,1610.25,-1.0,0.0
2005-03-17 05:15:00,1610.25,-1.0,0.0
2005-03-17 05:19:59,1610.25,-1.0,0.0
2005-03-17 05:24:59,1610.25,-1.0,-1.0
2005-03-17 05:29:59,1609.75,-1.0,0.0
2005-03-17 05:34:59,1609.75,-1.0,0.0
2005-03-17 05:40:00,1609.75,-1.0,0.0
2005-03-17 05:44:59,1609.75,-1.0,-1.0
2005-03-17 05:49:59,1609.25,-1.0,0.0
2005-03-17 05:54:59,1609.25,-1.0,1.0
2005-03-17 06:00:00,1609.75,1.0,1.0
2005-03-17 06:04:59,1610.25,1.0,-1.0
2005-03-17 06:09:59,1609.75,1.0,-1.0
2005-03-17 06:14:59,1609.25,-1.0,0.0
2005-03-17 06:19:59,1609.25,-1.0,0.0
2005-03-17 06:25:00,1609.25,1.0,-1.0
2005-03-17 06:29:59,1608.75,-1.0,0.0
2005-03-17 06:34:59,1608.75,-1.0,1.0
2005-03-17 06:39:59,1609.75,-1.0,0.0
2005-03-17 06:45:00,1609.75,-1.0,0.0
2005-03-17 06:49:59,1609.75,-1.0,-1.0
2005-03-17 06:54:59,1609.25,-1.0,0.0
2005-03-17 06:59:59,1609.25,-1.0,0.0
2005-03-17 07:04:59,1609.25,1.0,-1.0
2005-03-17 07:10:00,1608.75,0.0,0.0
2005-03-17 07:14:59,1608.75,0.0,1.0
2005-03-17 07:19:59,1609.75,0.0,0.0
2005-03-17 07:24:59,1609.75,0.0,0.0
2005-03-17 07:30:00,1609.75,0.0,-1.0
2005-03-17 07:34:59,1609.25,0.0,0.0
2005-03-17 07:39:59,1609.25,0.0,0.0
2005-03-17 07:44:59,1609.25,0.0,0.0
2005-03-17 07:49:59,1609.25,0.0,0.0
2005-03-17 07:55:00,1609.25,0.0,1.0
2005-03-17 07:59:59,1609.75,0.0,-1.0
2005-03-17 08:04:59,1606.75,0.0,-1.0
2005-03-17 08:09:59,1606.25,0.0,-1.0
2005-03-17 08:15:00,1603.75,-1.0,-1.0
2005-03-17 08:19:59,1602.25,-1.0,1.0
2005-03-17 08:24:59,1603.25,-1.0,0.0
2005-03-17 08:29:59,1603.25,-1.0,1.0
2005-03-17 08:34:59,1604.25,-1.0,0.0
2005-03-17 08:40:00,1604.25,-1.0,0.0
2005-03-17 08:44:59,1604.25,1.0,1.0
2005-03-17 08:49:59,1605.75,1.0,0.0
2005-03-17 08:54:59,1605.75,-1.0,-1.0
2005-03-17 09:00:00,1604.25,-1.0,0.0
2005-03-17 09:04:59,1604.25,-1.0,1.0
2005-03-17 09:09:59,1605.75,-1.0,0.0
2005-03-17 09:14:59,1605.75,1.0,-1.0
2005-03-17 09:19:59,1605.25,1.0,-1.0
2005-03-17 09:25:00,1603.75,1.0,-1.0
2005-03-17 09:29:59,1600.25,1.0,-1.0
2005-03-17 09:34:59,1597.25,-1.0,1.0
2005-03-17 09:39:59,1599.75,-1.0,0.0
2005-03-17 09:45:00,1599.75,1.0,-1.0
2005-03-17 09:49:59,1599.25,1.0,1.0
2005-03-17 09:54:59,1599.75,1.0,1.0
2005-03-17 09:59:59,1600.25,1.0,0.0
2005-03-17 10:04:59,1600.25,-1.0,-1.0
2005-03-17 10:10:00,1599.75,-1.0,-1.0
2005-03-17 10:14:59,1598.75,-1.0,0.0
2005-03-17 10:19:59,1598.75,-1.0,1.0
2005-03-17 10:24:59,1599.75,1.0,0.0
2005-03-17 10:30:00,1599.75,1.0,-1.0
2005-03-17 10:34:59,1598.25,1.0,0.0
2005-03-17 10:39:59,1598.25,1.0,0.0
2005-03-17 10:44:59,1598.25,-1.0,1.0
2005-03-17 10:49:59,1599.75,-1.0,0.0
2005-03-17 10:55:00,1599.75,1.0,0.0
2005-03-17 10:59:59,1599.75,1.0,-1.0
2005-03-17 11:04:59,1599.25,-1.0,1.0
2005-03-17 11:09:59,1600.25,-1.0,1.0
2005-03-17 11:15:00,1600.75,-1.0,-1.0
2005-03-17 11:19:59,1600.25,1.0,1.0
2005-03-17 11:24:59,1601.25,1.0,1.0
2005-03-17 11:29:59,1602.25,1.0,-1.0
2005-03-17 11:34:59,1601.75,0.0,-1.0
2005-03-17 11:40:00,1601.25,-1.0,1.0
2005-03-17 11:44:59,1601.75,1.0,0.0
2005-03-17 11:49:59,1601.75,1.0,-1.0
2005-03-17 11:54:59,1600.25,1.0,-1.0
2005-03-17 12:00:00,1599.75,1.0,1.0
2005-03-17 12:04:59,1600.25,1.0,-1.0
2005-03-17 12:09:59,1599.75,1.0,0.0
2005-03-17 12:14:59,1599.75,-1.0,-1.0
2005-03-17 12:19:59,1599.25,1.0,1.0
2005-03-17 12:25:00,1600.25,0.0,0.0
2005-03-17 12:29:59,1600.25,0.0,-1.0
2005-03-17 12:34:59,1599.75,1.0,-1.0
2005-03-17 12:39:59,1599.25,1.0,1.0
2005-03-17 12:45:00,1600.25,0.0,1.0
2005-03-17 12:49:59,1600.75,1.0,1.0
2005-03-17 12:54:59,1601.25,0.0,1.0
2005-03-17 12:59:59,1602.25,1.0,1.0
2005-03-17 13:04:59,1602.75,0.0,1.0
2005-03-17 13:10:00,1603.25,0.0,-1.0
2005-03-17 13:14:59,1602.75,0.0,0.0
2005-03-17 13:19:59,1602.75,1.0,0.0
2005-03-17 13:24:59,1602.75,0.0,-1.0
2005-03-17 13:30:00,1602.25,0.0,-1.0
2005-03-17 13:34:59,1601.75,1.0,1.0
2005-03-17 13:39:59,1602.25,0.0,0.0
2005-03-17 13:44:59,1602.25,0.0,0.0
2005-03-17 13:49:59,1602.25,0.0,1.0
2005-03-17 13:55:00,1603.25,1.0,0.0
2005-03-17 13:59:59,1603.25,1.0,-1.0
2005-03-17 14:04:59,1602.75,1.0,1.0
2005-03-17 14:09:59,1604.75,1.0,1.0
2005-03-17 14:15:00,1605.25,1.0,-1.0
2005-03-17 14:19:59,1604.25,1.0,0.0
2005-03-17 14:24:59,1604.25,1.0,-1.0
2005-03-17 14:29:59,1602.75,1.0,1.0
2005-03-17 14:34:59,1603.25,1.0,1.0
2005-03-17 14:40:00,1604.25,1.0,0.0
2005-03-17 14:44:59,1604.25,1.0,1.0
2005-03-17 14:49:59,1604.75,1.0,-1.0
2005-03-17 14:54:59,1603.75,0.0,-1.0
2005-03-17 15:00:00,1603.25,0.0,0.0
2005-03-17 15:04:59,1603.25,0.0,0.0
2005-03-17 15:09:59,1603.25,0.0,1.0
2005-03-17 15:14:59,1604.75,1.0,-1.0
2005-03-17 15:19:59,1604.25,0.0,1.0
2005-03-17 15:25:00,1604.75,1.0,-1.0
2005-03-17 15:29:59,1604.25,0.0,-1.0
2005-03-17 15:34:59,1601.75,0.0,-1.0
2005-03-17 15:39:59,1601.25,0.0,1.0
2005-03-17 15:45:00,1604.25,0.0,-1.0
2005-03-17 15:49:59,1602.75,1.0,-1.0
2005-03-17 15:54:59,1600.25,1.0,-1.0
2005-03-17 15:59:59,1597.75,1.0,1.0
2005-03-17 16:04:59,1602.25,1.0,1.0
2005-03-17 16:10:00,1602.75,1.0,0.0
2005-03-17 16:14:59,1602.75,0.0,1.0
2005-03-17 16:19:59,1605.25,1.0,-1.0
2005-03-17 16:24:59,1601.75,1.0,-1.0
2005-03-17 16:30:00,1599.25,1.0,1.0
2005-03-17 16:34:59,1600.25,1.0,-1.0
2005-03-17 16:39:59,1598.75,0.0,1.0
2005-03-17 16:44:59,1599.25,0.0,-1.0
2005-03-17 16:49:59,1593.25,1.0,-1.0
2005-03-17 16:55:00,1592.75,1.0,1.0
2005-03-17 16:59:59,1594.75,-1.0,-1.0
2005-03-17 17:04:59,1593.75,0.0,-1.0
2005-03-17 17:09:59,1591.75,1.0,1.0
2005-03-17 17:15:00,1594.75,1.0,-1.0
2005-03-17 17:19:59,1593.25,-1.0,1.0
2005-03-17 17:24:59,1594.25,0.0,-1.0
2005-03-17 17:29:59,1592.25,1.0,-1.0
2005-03-17 17:34:59,1591.75,1.0,0.0
2005-03-17 17:40:00,1591.75,1.0,1.0
2005-03-17 17:44:59,1592.75,1.0,-1.0
2005-03-17 17:49:59,1591.25,1.0,-1.0
2005-03-17 17:54:59,1588.75,1.0,-1.0
2005-03-17 18:00:00,1588.25,1.0,1.0
2005-03-17 18:04:59,1589.25,1.0,1.0
2005-03-17 18:09:59,1589.75,1.0,0.0
2005-03-17 18:14:59,1589.75,1.0,1.0
2005-03-17 18:19:59,1591.25,1.0,-1.0
2005-03-17 18:25:00,1589.75,1.0,-1.0
2005-03-17 18:29:59,1588.25,1.0,1.0
2005-03-17 18:34:59,1590.25,1.0,-1.0
2005-03-17 18:39:59,1589.75,1.0,-1.0
2005-03-17 18:45:00,1588.75,1.0,-1.0
2005-03-17 18:49:59,1588.25,1.0,1.0
2005-03-17 18:54:59,1591.75,1.0,-1.0
2005-03-17 18:59:59,1589.75,1.0,-1.0
2005-03-17 19:04:59,1589.25,1.0,-1.0
2005-03-17 19:10:00,1588.75,1.0,-1.0
2005-03-17 19:14:59,1585.75,1.0,1.0
2005-03-17 19:19:59,1587.25,1.0,-1.0
2005-03-17 19:24:59,1586.25,1.0,1.0
2005-03-17 19:30:00,1587.75,1.0,1.0
2005-03-17 19:34:59,1588.25,1.0,-1.0
2005-03-17 19:39:59,1587.75,1.0,0.0
2005-03-17 19:44:59,1587.75,-1.0,1.0
2005-03-17 19:49:59,1589.75,1.0,-1.0
2005-03-17 19:55:00,1588.75,-1.0,1.0
2005-03-17 19:59:59,1591.75,-1.0,-1.0
2005-03-17 20:04:59,1591.25,-1.0,1.0
2005-03-17 20:09:59,1591.75,-1.0,1.0
2005-03-17 20:15:00,1592.75,1.0,-1.0
2005-03-17 20:19:59,1588.75,-1.0,0.0
2005-03-17 20:24:59,1588.75,-1.0,0.0
2005-03-17 20:29:59,1588.75,1.0,-1.0
2005-03-17 20:34:59,1587.25,-1.0,1.0
2005-03-17 20:40:00,1589.25,0.0,-1.0
2005-03-17 20:44:59,1588.25,1.0,-1.0
2005-03-17 20:49:59,1587.75,0.0,1.0
2005-03-17 20:54:59,1588.75,-1.0,0.0
2005-03-17 21:00:00,1588.75,1.0,1.0
2005-03-17 21:04:59,1591.25,-1.0,-1.0
2005-03-17 21:09:59,1589.75,-1.0,-1.0
2005-03-17 21:14:59,1588.25,-1.0,1.0
2005-03-17 21:19:59,1589.25,0.0,-1.0
2005-03-17 21:25:00,1587.25,-1.0,-1.0
2005-03-17 21:29:59,1585.25,0.0,0.0
2005-03-17 21:34:59,1585.25,-1.0,0.0
2005-03-17 21:39:59,1585.25,0.0,-1.0
2005-03-17 21:45:00,1583.25,0.0,1.0
2005-03-17 21:49:59,1583.75,0.0,-1.0
2005-03-17 21:54:59,1583.25,-1.0,-1.0
2005-03-17 21:59:59,1582.75,-1.0,1.0
2005-03-17 22:04:59,1586.25,-1.0,0.0
2005-03-17 22:10:00,1586.25,-1.0,0.0
2005-03-17 22:14:59,1586.25,-1.0,0.0
2005-03-17 22:19:59,1586.25,-1.0,0.0
2005-03-17 22:24:59,1586.25,-1.0,-1.0
2005-03-17 22:30:00,1585.75,-1.0,1.0
2005-03-17 22:34:59,1586.25,1.0,0.0
2005-03-17 22:39:59,1586.25,1.0,-1.0
2005-03-17 22:44:59,1585.75,1.0,1.0
2005-03-17 22:49:59,1586.25,1.0,-1.0
2005-03-17 22:55:00,1585.75,1.0,0.0
2005-03-17 22:59:59,1585.75,1.0,-1.0
2005-03-17 23:04:59,1585.25,1.0,-1.0
2005-03-17 23:09:59,1584.75,1.0,0.0
2005-03-17 23:15:00,1584.75,1.0,1.0
2005-03-17 23:19:59,1585.25,-1.0,0.0
2005-03-17 23:24:59,1585.25,0.0,0.0
2005-03-18 00:00:00,1585.25,0.0,0.0
2005-03-18 00:04:59,1585.25,1.0,1.0
2005-03-18 00:09:59,1585.75,0.0,0.0
2005-03-18 00:14:59,1585.75,0.0,0.0
2005-03-18 00:19:59,1585.75,1.0,1.0
2005-03-18 00:25:00,1586.25,-1.0,-1.0
2005-03-18 00:29:59,1585.25,-1.0,1.0
2005-03-18 00:34:59,1586.25,0.0,-1.0
2005-03-18 00:39:59,1585.75,0.0,0.0
2005-03-18 00:45:00,1585.75,-1.0,-1.0
2005-03-18 00:49:59,1585.25,-1.0,0.0
2005-03-18 00:54:59,1585.25,-1.0,1.0
2005-03-18 00:59:59,1585.75,-1.0,1.0
2005-03-18 01:04:59,1586.25,-1.0,0.0
2005-03-18 01:10:00,1586.25,-1.0,-1.0
2005-03-18 01:14:59,1585.75,1.0,1.0
2005-03-18 01:19:59,1587.25,1.0,0.0
2005-03-18 01:24:59,1587.25,1.0,0.0
2005-03-18 01:30:00,1587.25,1.0,-1.0
2005-03-18 01:34:59,1586.75,1.0,1.0
2005-03-18 01:39:59,1587.25,1.0,-1.0
2005-03-18 01:44:59,1586.75,1.0,-1.0
2005-03-18 01:49:59,1586.25,1.0,-1.0
2005-03-18 01:55:00,1585.75,1.0,1.0
2005-03-18 01:59:59,1586.75,1.0,0.0
2005-03-18 02:04:59,1586.75,1.0,0.0
2005-03-18 02:09:59,1586.75,1.0,-1.0
2005-03-18 02:15:00,1586.25,1.0,1.0
2005-03-18 02:19:59,1586.75,1.0,0.0
2005-03-18 02:24:59,1586.75,1.0,-1.0
2005-03-18 02:29:59,1586.25,1.0,0.0
2005-03-18 02:34:59,1586.25,1.0,-1.0
2005-03-18 02:40:00,1585.75,-1.0,1.0
2005-03-18 02:44:59,1586.75,-1.0,0.0
2005-03-18 02:49:59,1586.75,-1.0,0.0
2005-03-18 02:54:59,1586.75,-1.0,0.0
2005-03-18 03:00:00,1586.75,-1.0,-1.0
2005-03-18 03:04:59,1586.25,-1.0,0.0
2005-03-18 03:09:59,1586.25,-1.0,1.0
2005-03-18 03:14:59,1586.75,-1.0,0.0
2005-03-18 03:19:59,1586.75,-1.0,0.0
2005-03-18 03:25:00,1586.75,-1.0,0.0
2005-03-18 03:29:59,1586.75,-1.0,0.0
2005-03-18 03:34:59,1586.75,1.0,-1.0
2005-03-18 03:39:59,1586.25,-1.0,-1.0
2005-03-18 03:45:00,1585.75,-1.0,0.0
2005-03-18 03:49:59,1585.75,1.0,0.0
2005-03-18 03:54:59,1585.75,-1.0,1.0
2005-03-18 03:59:59,1586.25,-1.0,-1.0
2005-03-18 04:04:59,1585.25,-1.0,0.0
2005-03-18 04:10:00,1585.25,1.0,0.0
2005-03-18 04:14:59,1585.25,1.0,1.0
2005-03-18 04:19:59,1585.75,-1.0,0.0
2005-03-18 04:24:59,1585.75,-1.0,1.0
2005-03-18 04:30:00,1586.25,1.0,0.0
2005-03-18 04:34:59,1586.25,1.0,0.0
2005-03-18 04:39:59,1586.25,1.0,0.0
2005-03-18 04:44:59,1586.25,-1.0,0.0
2005-03-18 04:49:59,1586.25,-1.0,0.0
2005-03-18 04:55:00,1586.25,-1.0,0.0
2005-03-18 04:59:59,1586.25,-1.0,0.0
2005-03-18 05:04:59,1586.25,-1.0,-1.0
2005-03-18 05:09:59,1585.75,1.0,0.0
2005-03-18 05:15:00,1585.75,-1.0,0.0
2005-03-18 05:19:59,1585.75,-1.0,0.0
2005-03-18 05:24:59,1585.75,1.0,0.0
2005-03-18 05:29:59,1585.75,1.0,0.0
2005-03-18 05:34:59,1585.75,-1.0,0.0
2005-03-18 05:40:00,1585.75,-1.0,1.0
2005-03-18 05:44:59,1586.25,-1.0,0.0
2005-03-18 05:49:59,1586.25,-1.0,0.0
2005-03-18 05:54:59,1586.25,1.0,0.0
2005-03-18 06:00:00,1586.25,-1.0,0.0
2005-03-18 06:04:59,1586.25,1.0,0.0
2005-03-18 06:09:59,1586.25,1.0,0.0
2005-03-18 06:14:59,1586.25,-1.0,0.0
2005-03-18 06:19:59,1586.25,1.0,0.0
2005-03-18 06:25:00,1586.25,-1.0,0.0
2005-03-18 06:29:59,1586.25,-1.0,0.0
2005-03-18 06:34:59,1586.25,1.0,1.0
2005-03-18 06:39:59,1586.75,-1.0,0.0
2005-03-18 06:45:00,1586.75,-1.0,1.0
2005-03-18 06:49:59,1587.75,1.0,0.0
2005-03-18 06:54:59,1587.75,-1.0,1.0
2005-03-18 06:59:59,1588.25,-1.0,1.0
2005-03-18 07:04:59,1588.75,-1.0,1.0
2005-03-18 07:10:00,1589.25,-1.0,-1.0
2005-03-18 07:14:59,1588.75,-1.0,1.0
2005-03-18 07:19:59,1589.75,-1.0,0.0
2005-03-18 07:24:59,1589.75,-1.0,-1.0
2005-03-18 07:30:00,1589.25,-1.0,-1.0
2005-03-18 07:34:59,1588.75,-1.0,1.0
2005-03-18 07:39:59,1589.25,-1.0,0.0
2005-03-18 07:44:59,1589.25,-1.0,0.0
2005-03-18 07:49:59,1589.25,-1.0,0.0
2005-03-18 07:55:00,1589.25,-1.0,1.0
2005-03-18 07:59:59,1589.75,-1.0,-1.0
2005-03-18 08:04:59,1589.25,-1.0,1.0
2005-03-18 08:09:59,1589.75,-1.0,1.0
2005-03-18 08:15:00,1590.25,-1.0,1.0
2005-03-18 08:19:59,1590.75,-1.0,1.0
2005-03-18 08:24:59,1591.25,-1.0,-1.0
2005-03-18 08:29:59,1590.75,-1.0,0.0
2005-03-18 08:34:59,1590.75,-1.0,0.0
2005-03-18 08:40:00,1590.75,-1.0,0.0
2005-03-18 08:44:59,1590.75,-1.0,-1.0
2005-03-18 08:49:59,1589.75,-1.0,1.0
2005-03-18 08:54:59,1590.25,-1.0,1.0
2005-03-18 09:00:00,1591.75,-1.0,1.0
2005-03-18 09:04:59,1592.25,-1.0,1.0
2005-03-18 09:09:59,1593.75,-1.0,1.0
2005-03-18 09:14:59,1594.25,-1.0,-1.0
2005-03-18 09:19:59,1593.75,-1.0,-1.0
2005-03-18 09:25:00,1593.25,0.0,-1.0
2005-03-18 09:29:59,1592.75,-1.0,-1.0
2005-03-18 09:34:59,1591.75,0.0,-1.0
2005-03-18 09:39:59,1591.25,-1.0,1.0
2005-03-18 09:45:00,1591.75,-1.0,1.0
2005-03-18 09:49:59,1592.75,-1.0,-1.0
2005-03-18 09:54:59,1591.25,-1.0,0.0
2005-03-18 09:59:59,1591.25,-1.0,-1.0
2005-03-18 10:04:59,1590.25,0.0,1.0
2005-03-18 10:10:00,1591.25,0.0,0.0
2005-03-18 10:14:59,1591.25,0.0,-1.0
2005-03-18 10:19:59,1590.75,0.0,-1.0
2005-03-18 10:24:59,1588.25,0.0,-1.0
2005-03-18 10:30:00,1587.25,0.0,1.0
2005-03-18 10:34:59,1588.75,0.0,1.0
2005-03-18 10:39:59,1589.25,0.0,0.0
2005-03-18 10:44:59,1589.25,0.0,-1.0
2005-03-18 10:49:59,1588.75,0.0,1.0
2005-03-18 10:55:00,1590.25,0.0,0.0
2005-03-18 10:59:59,1590.25,0.0,1.0
2005-03-18 11:04:59,1590.75,0.0,0.0
2005-03-18 11:09:59,1590.75,0.0,0.0
2005-03-18 11:15:00,1590.75,0.0,-1.0
2005-03-18 11:19:59,1590.25,0.0,1.0
2005-03-18 11:24:59,1590.75,0.0,1.0
2005-03-18 11:29:59,1591.75,0.0,1.0
2005-03-18 11:34:59,1592.75,0.0,-1.0
2005-03-18 11:40:00,1591.75,0.0,1.0
2005-03-18 11:44:59,1592.25,0.0,0.0
2005-03-18 11:49:59,1592.25,0.0,1.0
2005-03-18 11:54:59,1592.75,0.0,0.0
2005-03-18 12:00:00,1592.75,0.0,0.0
2005-03-18 12:04:59,1592.75,0.0,0.0
2005-03-18 12:09:59,1592.75,-1.0,0.0
2005-03-18 12:14:59,1592.75,-1.0,1.0
2005-03-18 12:19:59,1593.25,0.0,-1.0
2005-03-18 12:25:00,1592.75,0.0,-1.0
2005-03-18 12:29:59,1592.25,0.0,-1.0
2005-03-18 12:34:59,1591.75,0.0,1.0
2005-03-18 12:39:59,1592.25,0.0,-1.0
2005-03-18 12:45:00,1591.75,0.0,1.0
2005-03-18 12:49:59,1593.25,0.0,-1.0
2005-03-18 12:54:59,1592.75,0.0,-1.0
2005-03-18 12:59:59,1592.25,0.0,1.0
2005-03-18 13:04:59,1592.75,0.0,0.0
2005-03-18 13:10:00,1592.75,0.0,1.0
2005-03-18 13:14:59,1593.25,0.0,-1.0
2005-03-18 13:19:59,1592.75,0.0,0.0
2005-03-18 13:24:59,1592.75,0.0,1.0
2005-03-18 13:30:00,1593.25,0.0,1.0
2005-03-18 13:34:59,1593.75,-1.0,1.0
2005-03-18 13:39:59,1594.25,0.0,-1.0
2005-03-18 13:44:59,1593.75,0.0,1.0
2005-03-18 13:49:59,1594.75,0.0,0.0
2005-03-18 13:55:00,1594.75,0.0,1.0
2005-03-18 13:59:59,1595.75,0.0,-1.0
2005-03-18 14:04:59,1594.75,0.0,1.0
2005-03-18 14:09:59,1595.75,0.0,-1.0
2005-03-18 14:15:00,1595.25,0.0,0.0
2005-03-18 14:19:59,1595.25,0.0,-1.0
2005-03-18 14:24:59,1594.75,0.0,1.0
2005-03-18 14:29:59,1595.25,0.0,-1.0
2005-03-18 14:34:59,1594.25,0.0,1.0
2005-03-18 14:40:00,1594.75,0.0,-1.0
2005-03-18 14:44:59,1594.25,0.0,1.0
2005-03-18 14:49:59,1594.75,0.0,0.0
2005-03-18 14:54:59,1594.75,0.0,-1.0
2005-03-18 15:00:00,1594.25,0.0,1.0
2005-03-18 15:04:59,1594.75,0.0,1.0
2005-03-18 15:09:59,1595.75,0.0,-1.0
2005-03-18 15:14:59,1594.75,0.0,0.0
2005-03-18 15:19:59,1594.75,0.0,-1.0
2005-03-18 15:25:00,1593.75,0.0,1.0
2005-03-18 15:29:59,1596.75,0.0,-1.0
2005-03-18 15:34:59,1595.25,0.0,-1.0
2005-03-18 15:39:59,1594.75,0.0,1.0
2005-03-18 15:45:00,1597.25,0.0,1.0
2005-03-18 15:49:59,1598.25,0.0,-1.0
2005-03-18 15:54:59,1596.25,0.0,1.0
2005-03-18 15:59:59,1597.25,0.0,-1.0
2005-03-18 16:04:59,1594.25,0.0,-1.0
2005-03-18 16:10:00,1593.75,0.0,-1.0
2005-03-18 16:14:59,1592.25,0.0,1.0
2005-03-18 16:19:59,1592.75,0.0,1.0
2005-03-18 16:24:59,1595.75,0.0,1.0
2005-03-18 16:30:00,1597.25,0.0,-1.0
2005-03-18 16:34:59,1596.75,0.0,1.0
2005-03-18 16:39:59,1597.75,0.0,-1.0
2005-03-18 16:44:59,1597.25,0.0,-1.0
2005-03-18 16:49:59,1594.75,0.0,-1.0
2005-03-18 16:55:00,1593.25,0.0,0.0
2005-03-18 16:59:59,1593.25,0.0,1.0
2005-03-18 17:04:59,1593.75,0.0,0.0
2005-03-18 17:09:59,1593.75,0.0,-1.0
2005-03-18 17:15:00,1592.75,0.0,1.0
2005-03-18 17:19:59,1595.25,0.0,-1.0
2005-03-18 17:24:59,1593.25,0.0,-1.0
2005-03-18 17:29:59,1590.75,0.0,1.0
2005-03-18 17:34:59,1591.75,0.0,-1.0
2005-03-18 17:40:00,1588.75,0.0,1.0
2005-03-18 17:44:59,1589.75,1.0,1.0
2005-03-18 17:49:59,1590.75,0.0,0.0
2005-03-18 17:54:59,1590.75,0.0,-1.0
2005-03-18 18:00:00,1589.25,0.0,-1.0
2005-03-18 18:04:59,1586.75,0.0,-1.0
2005-03-18 18:09:59,1585.75,1.0,0.0
2005-03-18 18:14:59,1585.75,1.0,-1.0
2005-03-18 18:19:59,1585.25,0.0,1.0
2005-03-18 18:25:00,1586.25,0.0,0.0
2005-03-18 18:29:59,1586.25,0.0,-1.0
2005-03-18 18:34:59,1584.25,1.0,1.0
2005-03-18 18:39:59,1585.25,1.0,-1.0
2005-03-18 18:45:00,1584.25,1.0,-1.0
2005-03-18 18:49:59,1583.25,0.0,1.0
2005-03-18 18:54:59,1583.75,1.0,1.0
2005-03-18 18:59:59,1586.25,1.0,1.0
2005-03-18 19:04:59,1586.75,1.0,-1.0
2005-03-18 19:10:00,1586.25,1.0,1.0
2005-03-18 19:14:59,1589.25,1.0,1.0
2005-03-18 19:19:59,1589.75,1.0,-1.0
2005-03-18 19:24:59,1588.75,-1.0,-1.0
2005-03-18 19:30:00,1586.75,-1.0,1.0
2005-03-18 19:34:59,1587.25,-1.0,1.0
2005-03-18 19:39:59,1587.75,-1.0,1.0
2005-03-18 19:44:59,1588.75,1.0,0.0
2005-03-18 19:49:59,1588.75,1.0,-1.0
2005-03-18 19:55:00,1588.25,1.0,1.0
2005-03-18 19:59:59,1590.25,1.0,1.0
2005-03-18 20:04:59,1591.25,1.0,-1.0
2005-03-18 20:09:59,1589.25,1.0,-1.0
2005-03-18 20:15:00,1587.25,-1.0,1.0
2005-03-18 20:19:59,1591.25,0.0,-1.0
2005-03-18 20:24:59,1587.75,1.0,1.0
2005-03-18 20:29:59,1588.75,-1.0,-1.0
2005-03-18 20:34:59,1585.75,-1.0,-1.0
2005-03-18 20:40:00,1581.75,1.0,-1.0
2005-03-18 20:44:59,1580.75,1.0,1.0
2005-03-18 20:49:59,1582.75,-1.0,-1.0
2005-03-18 20:54:59,1577.25,-1.0,-1.0
2005-03-18 21:00:00,1576.25,-1.0,1.0
2005-03-18 21:04:59,1579.75,1.0,1.0
2005-03-18 21:09:59,1581.25,1.0,1.0
2005-03-18 21:14:59,1584.25,-1.0,1.0
2005-03-18 21:19:59,1585.75,1.0,-1.0
2005-03-18 21:25:00,1583.75,1.0,1.0
2005-03-18 21:29:59,1585.75,1.0,1.0
2005-03-18 21:34:59,1588.25,1.0,1.0
2005-03-18 21:39:59,1589.75,1.0,1.0
2005-03-18 21:45:00,1592.75,1.0,-1.0
2005-03-18 21:49:59,1591.75,1.0,-1.0
2005-03-18 21:54:59,1589.25,1.0,-1.0
2005-03-18 21:59:59,1588.25,1.0,1.0
2005-03-18 22:04:59,1588.75,1.0,-1.0
2005-03-18 22:10:00,1587.75,1.0,0.0
2005-03-18 22:14:59,1587.75,1.0,0.0
2005-03-18 22:19:59,1587.75,0.0,0.0
2005-03-18 22:24:59,1587.75,0.0,1.0
2005-03-18 22:30:00,1588.25,-1.0,1.0
2005-03-18 22:34:59,1588.75,1.0,0.0
2005-03-18 22:39:59,1588.75,-1.0,-1.0
2005-03-18 22:44:59,1588.25,-1.0,1.0
2005-03-18 22:49:59,1588.75,-1.0,-1.0
2005-03-18 22:55:00,1587.75,-1.0,1.0
2005-03-18 22:59:59,1588.25,-1.0,1.0
2005-03-18 23:04:59,1588.75,-1.0,0.0
2005-03-18 23:09:59,1588.75,-1.0,0.0
2005-03-18 23:15:00,1588.75,-1.0,-1.0
2005-03-18 23:19:59,1588.25,-1.0,1.0
2005-03-18 23:24:59,1588.75,-1.0,-1.0
2005-03-19 00:00:00,1588.25,-1.0,0.0
2005-03-19 00:04:59,1588.25,-1.0,0.0
2005-03-19 00:09:59,1588.25,1.0,0.0
2005-03-19 00:14:59,1588.25,1.0,1.0
2005-03-19 00:19:59,1588.75,1.0,0.0
2005-03-19 00:25:00,1588.75,1.0,-1.0
2005-03-19 00:29:59,1588.25,-1.0,1.0
2005-03-19 00:34:59,1588.75,1.0,0.0
2005-03-19 00:39:59,1588.75,0.0,0.0
2005-03-19 00:45:00,1588.75,0.0,0.0
2005-03-19 00:49:59,1588.75,-1.0,-1.0
2005-03-19 00:54:59,1588.25,-1.0,1.0
2005-03-19 00:59:59,1588.75,1.0,0.0
2005-03-19 01:04:59,1588.75,1.0,1.0
2005-03-19 01:10:00,1589.25,-1.0,0.0
2005-03-19 01:14:59,1589.25,-1.0,0.0
2005-03-19 01:19:59,1589.25,-1.0,-1.0
2005-03-19 01:24:59,1588.75,-1.0,1.0
2005-03-19 01:30:00,1589.75,-1.0,0.0
2005-03-19 01:34:59,1589.75,-1.0,0.0
2005-03-19 01:39:59,1589.75,-1.0,-1.0
2005-03-19 01:44:59,1589.25,-1.0,0.0
2005-03-19 01:49:59,1589.25,-1.0,1.0
2005-03-19 01:55:00,1589.75,-1.0,-1.0
2005-03-19 01:59:59,1589.25,1.0,0.0
2005-03-19 02:04:59,1589.25,1.0,1.0
2005-03-19 02:09:59,1589.75,1.0,1.0
2005-03-19 02:15:00,1590.25,1.0,-1.0
2005-03-19 02:19:59,1589.75,-1.0,1.0
2005-03-19 02:24:59,1590.25,-1.0,-1.0
2005-03-19 02:29:59,1589.75,-1.0,-1.0
2005-03-19 02:34:59,1589.25,-1.0,0.0
2005-03-19 02:40:00,1589.25,-1.0,1.0
2005-03-19 02:44:59,1589.75,-1.0,1.0
2005-03-19 02:49:59,1590.25,-1.0,-1.0
2005-03-19 02:54:59,1589.75,-1.0,0.0
2005-03-19 03:00:00,1589.75,-1.0,-1.0
2005-03-19 03:04:59,1589.25,-1.0,0.0
2005-03-19 03:09:59,1589.25,-1.0,-1.0
2005-03-19 03:14:59,1588.75,-1.0,1.0
2005-03-19 03:19:59,1589.25,-1.0,-1.0
2005-03-19 03:25:00,1588.75,-1.0,1.0
2005-03-19 03:29:59,1589.25,-1.0,0.0
2005-03-19 03:34:59,1589.25,-1.0,0.0
2005-03-19 03:39:59,1589.25,-1.0,0.0
2005-03-19 03:45:00,1589.25,-1.0,0.0
2005-03-19 03:49:59,1589.25,-1.0,0.0
2005-03-19 03:54:59,1589.25,-1.0,0.0
2005-03-19 03:59:59,1589.25,-1.0,0.0
2005-03-19 04:04:59,1589.25,-1.0,1.0
2005-03-19 04:10:00,1589.75,-1.0,-1.0
2005-03-19 04:14:59,1588.75,-1.0,1.0
2005-03-19 04:19:59,1589.25,-1.0,1.0
2005-03-19 04:24:59,1589.75,-1.0,0.0
2005-03-19 04:30:00,1589.75,-1.0,0.0
2005-03-19 04:34:59,1589.75,-1.0,0.0
2005-03-19 04:39:59,1589.75,-1.0,0.0
2005-03-19 04:44:59,1589.75,-1.0,0.0
2005-03-19 04:49:59,1589.75,-1.0,1.0
2005-03-19 04:55:00,1590.25,-1.0,0.0
2005-03-19 04:59:59,1590.25,-1.0,0.0
2005-03-19 05:04:59,1590.25,-1.0,0.0
2005-03-19 05:09:59,1590.25,-1.0,0.0
2005-03-19 05:15:00,1590.25,-1.0,0.0
2005-03-19 05:19:59,1590.25,-1.0,0.0
2005-03-19 05:24:59,1590.25,-1.0,0.0
2005-03-19 05:29:59,1590.25,-1.0,0.0
2005-03-19 05:34:59,1590.25,-1.0,0.0
2005-03-19 05:40:00,1590.25,-1.0,1.0
2005-03-19 05:44:59,1590.75,-1.0,1.0
2005-03-19 05:49:59,1591.25,0.0,-1.0
2005-03-19 05:54:59,1590.25,0.0,0.0
2005-03-19 06:00:00,1590.25,0.0,0.0
2005-03-19 06:04:59,1590.25,0.0,-1.0
2005-03-19 06:09:59,1589.75,0.0,0.0
2005-03-19 06:14:59,1589.75,0.0,0.0
2005-03-19 06:19:59,1589.75,0.0,1.0
2005-03-19 06:25:00,1590.75,0.0,1.0
2005-03-19 06:29:59,1591.75,0.0,-1.0
2005-03-19 06:34:59,1591.25,0.0,0.0
2005-03-19 06:39:59,1591.25,0.0,0.0
2005-03-19 06:45:00,1591.25,0.0,0.0
2005-03-19 06:49:59,1591.25,0.0,1.0
2005-03-19 06:54:59,1592.25,0.0,0.0
2005-03-19 06:59:59,1592.25,0.0,0.0
2005-03-19 07:04:59,1592.25,0.0,1.0
2005-03-19 07:10:00,1592.75,0.0,0.0
2005-03-19 07:14:59,1592.75,0.0,0.0
2005-03-19 07:19:59,1592.75,0.0,0.0
2005-03-19 07:24:59,1592.75,0.0,0.0
2005-03-19 07:30:00,1592.75,0.0,0.0
2005-03-19 07:34:59,1592.75,0.0,0.0
2005-03-19 07:39:59,1592.75,0.0,1.0
2005-03-19 07:44:59,1593.25,0.0,0.0
2005-03-19 07:49:59,1593.25,0.0,0.0
2005-03-19 07:55:00,1593.25,0.0,0.0
2005-03-19 07:59:59,1593.25,0.0,-1.0
2005-03-19 08:04:59,1592.75,0.0,-1.0
2005-03-19 08:09:59,1592.25,0.0,1.0
2005-03-19 08:15:00,1592.75,0.0,0.0
2005-03-19 08:19:59,1592.75,0.0,0.0
2005-03-19 08:24:59,1592.75,0.0,1.0
2005-03-19 08:29:59,1593.25,0.0,1.0
2005-03-19 08:34:59,1593.75,0.0,1.0
2005-03-19 08:40:00,1594.75,0.0,1.0
2005-03-19 08:44:59,1595.75,0.0,1.0
2005-03-19 08:49:59,1596.25,0.0,1.0
2005-03-19 08:54:59,1596.75,1.0,-1.0
2005-03-19 09:00:00,1596.25,1.0,1.0
2005-03-19 09:04:59,1596.75,0.0,-1.0
2005-03-19 09:09:59,1595.25,0.0,0.0
2005-03-19 09:14:59,1595.25,0.0,1.0
2005-03-19 09:19:59,1595.75,1.0,-1.0
2005-03-19 09:25:00,1594.75,0.0,0.0
2005-03-19 09:29:59,1594.75,0.0,0.0
2005-03-19 09:34:59,1594.75,0.0,1.0
2005-03-19 09:39:59,1595.75,0.0,0.0
2005-03-19 09:45:00,1595.75,0.0,0.0
2005-03-19 09:49:59,1595.75,0.0,-1.0
2005-03-19 09:54:59,1594.25,0.0,1.0
2005-03-19 09:59:59,1595.25,0.0,1.0
2005-03-19 10:04:59,1595.75,0.0,1.0
2005-03-19 10:10:00,1596.25,0.0,1.0
2005-03-19 10:14:59,1597.25,0.0,-1.0
2005-03-19 10:19:59,1596.25,0.0,0.0
2005-03-19 10:24:59,1596.25,0.0,0.0
2005-03-19 10:30:00,1596.25,0.0,0.0
2005-03-19 10:34:59,1596.25,0.0,0.0
2005-03-19 10:39:59,1596.25,0.0,0.0
2005-03-19 10:44:59,1596.25,0.0,-1.0
2005-03-19 10:49:59,1595.75,0.0,1.0
2005-03-19 10:55:00,1596.25,0.0,0.0
2005-03-19 10:59:59,1596.25,0.0,0.0
2005-03-19 11:04:59,1596.25,0.0,0.0
2005-03-19 11:09:59,1596.25,-1.0,-1.0
2005-03-19 11:15:00,1595.75,-1.0,1.0
2005-03-19 11:19:59,1596.25,-1.0,-1.0
2005-03-19 11:24:59,1595.75,-1.0,0.0
2005-03-19 11:29:59,1595.75,-1.0,-1.0
2005-03-19 11:34:59,1595.25,-1.0,0.0
2005-03-19 11:40:00,1595.25,0.0,-1.0
2005-03-19 11:44:59,1594.75,0.0,0.0
2005-03-19 11:49:59,1594.75,0.0,0.0
2005-03-19 11:54:59,1594.75,0.0,0.0
2005-03-19 12:00:00,1594.75,0.0,0.0
2005-03-19 12:04:59,1594.75,0.0,1.0
2005-03-19 12:09:59,1595.25,0.0,0.0
2005-03-19 12:14:59,1595.25,0.0,0.0
2005-03-19 12:19:59,1595.25,-1.0,1.0
2005-03-19 12:25:00,1595.75,-1.0,-1.0
2005-03-19 12:29:59,1594.75,0.0,1.0
2005-03-19 12:34:59,1595.25,0.0,1.0
2005-03-19 12:39:59,1597.25,0.0,-1.0
2005-03-19 12:45:00,1596.75,-1.0,-1.0
2005-03-19 12:49:59,1596.25,-1.0,-1.0
2005-03-19 12:54:59,1594.75,0.0,0.0
2005-03-19 12:59:59,1594.75,-1.0,-1.0
2005-03-19 13:04:59,1594.25,-1.0,0.0
2005-03-19 13:10:00,1594.25,-1.0,1.0
2005-03-19 13:14:59,1594.75,-1.0,0.0
2005-03-19 13:19:59,1594.75,-1.0,-1.0
2005-03-19 13:24:59,1594.25,-1.0,1.0
2005-03-19 13:30:00,1594.75,-1.0,-1.0
2005-03-19 13:34:59,1594.25,0.0,0.0
2005-03-19 13:39:59,1594.25,0.0,1.0
2005-03-19 13:44:59,1594.75,0.0,-1.0
2005-03-19 13:49:59,1594.25,0.0,1.0
2005-03-19 13:55:00,1594.75,0.0,0.0
2005-03-19 13:59:59,1594.75,0.0,1.0
2005-03-19 14:04:59,1595.75,0.0,1.0
2005-03-19 14:09:59,1596.75,0.0,1.0
2005-03-19 14:15:00,1597.75,0.0,-1.0
2005-03-19 14:19:59,1597.25,0.0,0.0
2005-03-19 14:24:59,1597.25,0.0,1.0
2005-03-19 14:29:59,1597.75,0.0,0.0
2005-03-19 14:34:59,1597.75,0.0,0.0
2005-03-19 14:40:00,1597.75,0.0,1.0
2005-03-19 14:44:59,1598.25,0.0,-1.0
2005-03-19 14:49:59,1597.75,0.0,-1.0
2005-03-19 14:54:59,1597.25,0.0,-1.0
2005-03-19 15:00:00,1596.75,0.0,-1.0
2005-03-19 15:04:59,1596.25,0.0,1.0
2005-03-19 15:09:59,1596.75,0.0,-1.0
2005-03-19 15:14:59,1596.25,0.0,1.0
2005-03-19 15:19:59,1597.25,0.0,1.0
2005-03-19 15:25:00,1597.75,0.0,1.0
2005-03-19 15:29:59,1600.25,0.0,1.0
2005-03-19 15:34:59,1603.25,0.0,1.0
2005-03-19 15:39:59,1604.25,0.0,1.0
2005-03-19 15:45:00,1606.25,0.0,-1.0
2005-03-19 15:49:59,1603.75,0.0,0.0
2005-03-19 15:54:59,1603.75,0.0,-1.0
2005-03-19 15:59:59,1602.75,0.0,1.0
2005-03-19 16:04:59,1607.25,0.0,-1.0
2005-03-19 16:10:00,1606.25,0.0,1.0
2005-03-19 16:14:59,1606.75,-1.0,-1.0
2005-03-19 16:19:59,1604.75,-1.0,1.0
2005-03-19 16:24:59,1606.25,0.0,-1.0
2005-03-19 16:30:00,1605.25,1.0,-1.0
2005-03-19 16:34:59,1604.75,-1.0,-1.0
2005-03-19 16:39:59,1603.25,-1.0,1.0
2005-03-19 16:44:59,1604.25,1.0,1.0
2005-03-19 16:49:59,1605.25,1.0,-1.0
2005-03-19 16:55:00,1604.75,-1.0,1.0
2005-03-19 16:59:59,1605.75,1.0,0.0
2005-03-19 17:04:59,1605.75,1.0,1.0
2005-03-19 17:09:59,1608.25,-1.0,-1.0
2005-03-19 17:15:00,1607.75,-1.0,1.0
2005-03-19 17:19:59,1608.75,-1.0,0.0
2005-03-19 17:24:59,1608.75,-1.0,0.0
2005-03-19 17:29:59,1608.75,-1.0,-1.0
2005-03-19 17:34:59,1608.25,1.0,1.0
2005-03-19 17:40:00,1609.75,1.0,1.0
2005-03-19 17:44:59,1610.25,-1.0,0.0
2005-03-19 17:49:59,1610.25,-1.0,-1.0
2005-03-19 17:54:59,1608.25,-1.0,1.0
2005-03-19 18:00:00,1609.25,1.0,-1.0
2005-03-19 18:04:59,1607.75,1.0,-1.0
2005-03-19 18:09:59,1607.25,1.0,-1.0
2005-03-19 18:14:59,1606.75,1.0,1.0
2005-03-19 18:19:59,1607.25,1.0,-1.0
2005-03-19 18:25:00,1606.75,0.0,0.0
2005-03-19 18:29:59,1606.75,1.0,1.0
2005-03-19 18:34:59,1607.25,-1.0,-1.0
2005-03-19 18:39:59,1606.75,1.0,1.0
2005-03-19 18:45:00,1607.75,0.0,0.0
2005-03-19 18:49:59,1607.75,1.0,-1.0
2005-03-19 18:54:59,1606.25,1.0,-1.0
2005-03-19 18:59:59,1604.25,0.0,1.0
2005-03-19 19:04:59,1605.75,0.0,1.0
2005-03-19 19:10:00,1606.75,0.0,1.0
2005-03-19 19:14:59,1607.25,0.0,1.0
2005-03-19 19:19:59,1608.25,0.0,0.0
2005-03-19 19:24:59,1608.25,0.0,-1.0
2005-03-19 19:30:00,1607.75,0.0,1.0
2005-03-19 19:34:59,1608.25,0.0,1.0
2005-03-19 19:39:59,1609.25,0.0,-1.0
2005-03-19 19:44:59,1608.25,0.0,1.0
2005-03-19 19:49:59,1608.75,0.0,-1.0
2005-03-19 19:55:00,1606.75,0.0,1.0
2005-03-19 19:59:59,1608.25,0.0,0.0
2005-03-19 20:04:59,1608.25,0.0,1.0
2005-03-19 20:09:59,1610.25,0.0,-1.0
2005-03-19 20:15:00,1609.75,0.0,-1.0
2005-03-19 20:19:59,1608.75,0.0,-1.0
2005-03-19 20:24:59,1608.25,0.0,0.0
2005-03-19 20:29:59,1608.25,0.0,1.0
2005-03-19 20:34:59,1610.25,0.0,-1.0
2005-03-19 20:40:00,1609.75,0.0,-1.0
2005-03-19 20:44:59,1608.25,0.0,1.0
2005-03-19 20:49:59,1609.25,0.0,1.0
2005-03-19 20:54:59,1610.25,0.0,-1.0
2005-03-19 21:00:00,1609.25,0.0,1.0
2005-03-19 21:04:59,1609.75,0.0,1.0
2005-03-19 21:09:59,1610.25,0.0,0.0
2005-03-19 21:14:59,1610.25,0.0,1.0
2005-03-19 21:19:59,1611.25,0.0,-1.0
2005-03-19 21:25:00,1610.75,0.0,1.0
2005-03-19 21:29:59,1611.25,0.0,1.0
2005-03-19 21:34:59,1613.25,0.0,1.0
2005-03-19 21:39:59,1613.75,0.0,-1.0
2005-03-19 21:45:00,1613.25,0.0,-1.0
2005-03-19 21:49:59,1610.75,0.0,-1.0
2005-03-19 21:54:59,1609.75,0.0,1.0
2005-03-19 21:59:59,1610.25,0.0,1.0
2005-03-19 22:04:59,1610.75,0.0,1.0
2005-03-19 22:10:00,1611.25,0.0,0.0
2005-03-19 22:14:59,1611.25,0.0,0.0
2005-03-19 22:19:59,1611.25,0.0,0.0
2005-03-19 22:24:59,1611.25,0.0,-1.0
2005-03-19 22:30:00,1609.75,0.0,0.0
2005-03-19 22:34:59,1609.75,0.0,0.0
2005-03-19 22:39:59,1609.75,0.0,1.0
2005-03-19 22:44:59,1610.25,0.0,1.0
2005-03-19 22:49:59,1610.75,0.0,-1.0
2005-03-19 22:55:00,1610.25,0.0,-1.0
2005-03-19 22:59:59,1609.25,0.0,1.0
2005-03-19 23:04:59,1610.25,0.0,-1.0
2005-03-19 23:09:59,1609.25,0.0,0.0
2005-03-19 23:15:00,1609.25,0.0,1.0
2005-03-19 23:19:59,1609.75,0.0,0.0
2005-03-19 23:24:59,1609.75,0.0,1.0
2005-03-20 00:00:00,1610.25,0.0,1.0
2005-03-20 00:04:59,1611.25,0.0,0.0
2005-03-20 00:09:59,1611.25,0.0,0.0
2005-03-20 00:14:59,1611.25,0.0,-1.0
2005-03-20 00:19:59,1610.75,0.0,0.0
2005-03-20 00:25:00,1610.75,0.0,0.0
2005-03-20 00:29:59,1610.75,0.0,1.0
2005-03-20 00:34:59,1611.25,-1.0,0.0
2005-03-20 00:39:59,1611.25,0.0,0.0
2005-03-20 00:45:00,1611.25,0.0,-1.0
2005-03-20 00:49:59,1610.75,0.0,0.0
2005-03-20 00:54:59,1610.75,0.0,0.0
2005-03-20 00:59:59,1610.75,0.0,-1.0
2005-03-20 01:04:59,1610.25,0.0,1.0
2005-03-20 01:10:00,1611.25,0.0,-1.0
2005-03-20 01:14:59,1610.75,0.0,0.0
2005-03-20 01:19:59,1610.75,0.0,1.0
2005-03-20 01:24:59,1611.25,0.0,-1.0
2005-03-20 01:30:00,1610.75,0.0,-1.0
2005-03-20 01:34:59,1610.25,0.0,0.0
2005-03-20 01:39:59,1610.25,0.0,1.0
2005-03-20 01:44:59,1610.75,0.0,0.0
2005-03-20 01:49:59,1610.75,0.0,1.0
2005-03-20 01:55:00,1611.25,0.0,0.0
2005-03-20 01:59:59,1611.25,0.0,1.0
2005-03-20 02:04:59,1611.75,0.0,0.0
2005-03-20 02:09:59,1611.75,0.0,-1.0
2005-03-20 02:15:00,1611.25,0.0,0.0
2005-03-20 02:19:59,1611.25,0.0,0.0
2005-03-20 02:24:59,1611.25,0.0,0.0
2005-03-20 02:29:59,1611.25,0.0,0.0
2005-03-20 02:34:59,1611.25,0.0,0.0
2005-03-20 02:40:00,1611.25,0.0,0.0
2005-03-20 02:44:59,1611.25,0.0,0.0
2005-03-20 02:49:59,1611.25,0.0,0.0
2005-03-20 02:54:59,1611.25,0.0,0.0
2005-03-20 03:00:00,1611.25,0.0,0.0
2005-03-20 03:04:59,1611.25,0.0,0.0
2005-03-20 03:09:59,1611.25,0.0,0.0
2005-03-20 03:14:59,1611.25,0.0,0.0
2005-03-20 03:19:59,1611.25,0.0,-1.0
2005-03-20 03:25:00,1610.75,0.0,0.0
2005-03-20 03:29:59,1610.75,0.0,-1.0
2005-03-20 03:34:59,1609.75,0.0,0.0
2005-03-20 03:39:59,1609.75,0.0,1.0
2005-03-20 03:45:00,1610.25,0.0,-1.0
2005-03-20 03:49:59,1609.25,0.0,1.0
2005-03-20 03:54:59,1609.75,0.0,0.0
2005-03-20 03:59:59,1609.75,0.0,0.0
2005-03-20 04:04:59,1609.75,0.0,0.0
2005-03-20 04:10:00,1609.75,0.0,1.0
2005-03-20 04:14:59,1610.25,0.0,0.0
2005-03-20 04:19:59,1610.25,0.0,0.0
2005-03-20 04:24:59,1610.25,0.0,0.0
2005-03-20 04:30:00,1610.25,0.0,1.0
2005-03-20 04:34:59,1610.75,0.0,0.0
2005-03-20 04:39:59,1610.75,0.0,0.0
2005-03-20 04:44:59,1610.75,0.0,0.0
2005-03-20 04:49:59,1610.75,0.0,-1.0
2005-03-20 04:55:00,1610.25,0.0,1.0
2005-03-20 04:59:59,1610.75,0.0,1.0
2005-03-20 05:04:59,1611.25,0.0,-1.0
2005-03-20 05:09:59,1610.25,0.0,0.0
2005-03-20 05:15:00,1610.25,0.0,1.0
2005-03-20 05:19:59,1610.75,0.0,0.0
2005-03-20 05:24:59,1610.75,0.0,0.0
2005-03-20 05:29:59,1610.75,0.0,0.0
2005-03-20 05:34:59,1610.75,0.0,0.0
2005-03-20 05:40:00,1610.75,0.0,-1.0
2005-03-20 05:44:59,1610.25,0.0,0.0
2005-03-20 05:49:59,1610.25,0.0,1.0
2005-03-20 05:54:59,1610.75,0.0,0.0
2005-03-20 06:00:00,1610.75,0.0,0.0
2005-03-20 06:04:59,1610.75,0.0,0.0
2005-03-20 06:09:59,1610.75,0.0,0.0
2005-03-20 06:14:59,1610.75,0.0,0.0
2005-03-20 06:19:59,1610.75,0.0,0.0
2005-03-20 06:25:00,1610.75,0.0,0.0
2005-03-20 06:29:59,1610.75,0.0,-1.0
2005-03-20 06:34:59,1610.25,0.0,0.0
2005-03-20 06:39:59,1610.25,0.0,0.0
2005-03-20 06:45:00,1610.25,0.0,0.0
2005-03-20 06:49:59,1610.25,0.0,1.0
2005-03-20 06:54:59,1610.75,0.0,0.0
2005-03-20 06:59:59,1610.75,0.0,-1.0
2005-03-20 07:04:59,1610.25,0.0,0.0
2005-03-20 07:10:00,1610.25,0.0,0.0
2005-03-20 07:14:59,1610.25,0.0,0.0
2005-03-20 07:19:59,1610.25,0.0,0.0
2005-03-20 07:24:59,1610.25,0.0,0.0
2005-03-20 07:30:00,1610.25,0.0,0.0
2005-03-20 07:34:59,1610.25,0.0,0.0
2005-03-20 07:39:59,1610.25,0.0,0.0
2005-03-20 07:44:59,1610.25,0.0,-1.0
2005-03-20 07:49:59,1609.75,0.0,0.0
2005-03-20 07:55:00,1609.75,0.0,0.0
2005-03-20 07:59:59,1609.75,0.0,0.0
2005-03-20 08:04:59,1609.75,0.0,0.0
2005-03-20 08:09:59,1609.75,0.0,-1.0
2005-03-20 08:15:00,1609.25,0.0,-1.0
2005-03-20 08:19:59,1608.75,0.0,1.0
2005-03-20 08:24:59,1609.25,0.0,0.0
2005-03-20 08:29:59,1609.25,0.0,0.0
2005-03-20 08:34:59,1609.25,0.0,-1.0
2005-03-20 08:40:00,1608.25,0.0,-1.0
2005-03-20 08:44:59,1607.25,0.0,1.0
2005-03-20 08:49:59,1607.75,-1.0,0.0
2005-03-20 08:54:59,1607.75,0.0,1.0
2005-03-20 09:00:00,1608.75,0.0,-1.0
2005-03-20 09:04:59,1608.25,0.0,-1.0
2005-03-20 09:09:59,1607.75,0.0,-1.0
2005-03-20 09:14:59,1605.75,-1.0,1.0
2005-03-20 09:19:59,1606.25,1.0,-1.0
2005-03-20 09:25:00,1605.75,-1.0,-1.0
2005-03-20 09:29:59,1605.25,1.0,-1.0
2005-03-20 09:34:59,1603.75,1.0,1.0
2005-03-20 09:39:59,1604.25,1.0,1.0
2005-03-20 09:45:00,1604.75,1.0,0.0
2005-03-20 09:49:59,1604.75,1.0,-1.0
2005-03-20 09:54:59,1604.25,-1.0,-1.0
2005-03-20 09:59:59,1603.75,-1.0,1.0
2005-03-20 10:04:59,1604.75,-1.0,-1.0
2005-03-20 10:10:00,1603.75,-1.0,0.0
2005-03-20 10:14:59,1603.75,1.0,1.0
2005-03-20 10:19:59,1604.75,1.0,0.0
2005-03-20 10:24:59,1604.75,1.0,-1.0
2005-03-20 10:30:00,1604.25,1.0,1.0
2005-03-20 10:34:59,1604.75,1.0,-1.0
2005-03-20 10:39:59,1603.75,1.0,0.0
2005-03-20 10:44:59,1603.75,1.0,0.0
2005-03-20 10:49:59,1603.75,1.0,0.0
2005-03-20 10:55:00,1603.75,1.0,0.0
2005-03-20 10:59:59,1603.75,0.0,0.0
2005-03-20 11:04:59,1603.75,0.0,1.0
2005-03-20 11:09:59,1604.25,-1.0,0.0
2005-03-20 11:15:00,1604.25,0.0,1.0
2005-03-20 11:19:59,1604.75,-1.0,0.0
2005-03-20 11:24:59,1604.75,0.0,1.0
2005-03-20 11:29:59,1605.75,0.0,-1.0
2005-03-20 11:34:59,1605.25,-1.0,0.0
2005-03-20 11:40:00,1605.25,0.0,0.0
2005-03-20 11:44:59,1605.25,-1.0,0.0
2005-03-20 11:49:59,1605.25,-1.0,-1.0
2005-03-20 11:54:59,1604.75,-1.0,1.0
2005-03-20 12:00:00,1605.25,-1.0,-1.0
2005-03-20 12:04:59,1604.75,0.0,-1.0
2005-03-20 12:09:59,1604.25,0.0,0.0
2005-03-20 12:14:59,1604.25,-1.0,-1.0
2005-03-20 12:19:59,1603.75,-1.0,1.0
2005-03-20 12:25:00,1604.25,-1.0,-1.0
2005-03-20 12:29:59,1603.75,0.0,-1.0
2005-03-20 12:34:59,1602.75,0.0,0.0
2005-03-20 12:39:59,1602.75,-1.0,-1.0
2005-03-20 12:45:00,1602.25,-1.0,0.0
2005-03-20 12:49:59,1602.25,-1.0,-1.0
2005-03-20 12:54:59,1600.75,0.0,1.0
2005-03-20 12:59:59,1602.25,0.0,1.0
2005-03-20 13:04:59,1603.25,0.0,0.0
2005-03-20 13:10:00,1603.25,0.0,-1.0
2005-03-20 13:14:59,1602.75,0.0,-1.0
2005-03-20 13:19:59,1602.25,0.0,-1.0
2005-03-20 13:24:59,1601.75,0.0,1.0
2005-03-20 13:30:00,1602.75,0.0,0.0
2005-03-20 13:34:59,1602.75,1.0,-1.0
2005-03-20 13:39:59,1602.25,1.0,1.0
2005-03-20 13:44:59,1602.75,0.0,0.0
2005-03-20 13:49:59,1602.75,0.0,1.0
2005-03-20 13:55:00,1604.25,0.0,-1.0
2005-03-20 13:59:59,1603.75,0.0,1.0
2005-03-20 14:04:59,1604.25,0.0,0.0
2005-03-20 14:09:59,1604.25,0.0,0.0
2005-03-20 14:15:00,1604.25,0.0,-1.0
2005-03-20 14:19:59,1603.75,0.0,-1.0
2005-03-20 14:24:59,1603.25,0.0,1.0
2005-03-20 14:29:59,1606.25,1.0,0.0
2005-03-20 14:34:59,1606.25,-1.0,-1.0
2005-03-20 14:40:00,1605.25,-1.0,-1.0
2005-03-20 14:44:59,1604.25,-1.0,-1.0
2005-03-20 14:49:59,1603.25,0.0,-1.0
2005-03-20 14:54:59,1602.25,0.0,0.0
2005-03-20 15:00:00,1602.25,-1.0,0.0
2005-03-20 15:04:59,1602.25,1.0,0.0
2005-03-20 15:09:59,1602.25,1.0,1.0
2005-03-20 15:14:59,1603.25,1.0,1.0
2005-03-20 15:19:59,1604.25,1.0,1.0
2005-03-20 15:25:00,1604.75,-1.0,1.0
2005-03-20 15:29:59,1605.25,1.0,-1.0
2005-03-20 15:34:59,1604.25,1.0,1.0
2005-03-20 15:39:59,1607.25,0.0,-1.0
2005-03-20 15:45:00,1605.75,1.0,-1.0
2005-03-20 15:49:59,1605.25,-1.0,-1.0
2005-03-20 15:54:59,1604.75,0.0,-1.0
2005-03-20 15:59:59,1600.25,1.0,0.0
2005-03-20 16:04:59,1600.25,0.0,1.0
2005-03-20 16:10:00,1600.75,1.0,-1.0
2005-03-20 16:14:59,1599.75,0.0,1.0
2005-03-20 16:19:59,1601.25,1.0,1.0
2005-03-20 16:24:59,1602.25,0.0,-1.0
2005-03-20 16:30:00,1598.75,0.0,1.0
2005-03-20 16:34:59,1600.25,0.0,-1.0
2005-03-20 16:39:59,1597.75,0.0,-1.0
2005-03-20 16:44:59,1597.25,1.0,1.0
2005-03-20 16:49:59,1599.25,-1.0,-1.0
2005-03-20 16:55:00,1598.25,1.0,-1.0
2005-03-20 16:59:59,1597.25,1.0,-1.0
2005-03-20 17:04:59,1595.75,1.0,1.0
2005-03-20 17:09:59,1597.25,1.0,-1.0
2005-03-20 17:15:00,1596.25,1.0,-1.0
2005-03-20 17:19:59,1595.25,1.0,1.0
2005-03-20 17:24:59,1595.75,1.0,1.0
2005-03-20 17:29:59,1598.25,0.0,0.0
2005-03-20 17:34:59,1598.25,0.0,-1.0
2005-03-20 17:40:00,1597.25,0.0,-1.0
2005-03-20 17:44:59,1596.75,1.0,-1.0
2005-03-20 17:49:59,1596.25,1.0,1.0
2005-03-20 17:54:59,1596.75,1.0,-1.0
2005-03-20 18:00:00,1594.75,1.0,-1.0
2005-03-20 18:04:59,1591.25,1.0,0.0
2005-03-20 18:09:59,1591.25,1.0,1.0
2005-03-20 18:14:59,1592.75,1.0,-1.0
2005-03-20 18:19:59,1588.75,1.0,1.0
2005-03-20 18:25:00,1590.25,1.0,-1.0
2005-03-20 18:29:59,1589.25,1.0,1.0
2005-03-20 18:34:59,1590.25,0.0,1.0
2005-03-20 18:39:59,1590.75,1.0,1.0
2005-03-20 18:45:00,1593.25,1.0,1.0
2005-03-20 18:49:59,1593.75,1.0,0.0
2005-03-20 18:54:59,1593.75,1.0,1.0
2005-03-20 18:59:59,1595.25,1.0,1.0
2005-03-20 19:04:59,1597.75,1.0,1.0
2005-03-20 19:10:00,1599.25,1.0,1.0
2005-03-20 19:14:59,1601.25,1.0,-1.0
2005-03-20 19:19:59,1597.25,1.0,1.0
2005-03-20 19:24:59,1601.25,1.0,-1.0
2005-03-20 19:30:00,1599.75,1.0,0.0
2005-03-20 19:34:59,1599.75,1.0,-1.0
2005-03-20 19:39:59,1597.75,1.0,1.0
2005-03-20 19:44:59,1598.25,-1.0,1.0
2005-03-20 19:49:59,1598.75,0.0,0.0
2005-03-20 19:55:00,1598.75,-1.0,-1.0
2005-03-20 19:59:59,1597.25,-1.0,-1.0
2005-03-20 20:04:59,1595.75,1.0,1.0
2005-03-20 20:09:59,1597.75,-1.0,-1.0
2005-03-20 20:15:00,1595.75,1.0,0.0
2005-03-20 20:19:59,1595.75,-1.0,-1.0
2005-03-20 20:24:59,1594.75,0.0,1.0
2005-03-20 20:29:59,1595.75,-1.0,-1.0
2005-03-20 20:34:59,1593.25,0.0,1.0
2005-03-20 20:40:00,1595.25,-1.0,1.0
2005-03-20 20:44:59,1596.75,1.0,-1.0
2005-03-20 20:49:59,1596.25,0.0,0.0
2005-03-20 20:54:59,1596.25,-1.0,1.0
2005-03-20 21:00:00,1599.25,-1.0,1.0
2005-03-20 21:04:59,1599.75,-1.0,1.0
2005-03-20 21:09:59,1600.25,0.0,1.0
2005-03-20 21:14:59,1601.75,0.0,1.0
2005-03-20 21:19:59,1602.75,0.0,1.0
2005-03-20 21:25:00,1606.75,-1.0,-1.0
2005-03-20 21:29:59,1604.25,0.0,1.0
2005-03-20 21:34:59,1604.75,1.0,-1.0
2005-03-20 21:39:59,1603.25,1.0,-1.0
2005-03-20 21:45:00,1601.75,0.0,-1.0
2005-03-20 21:49:59,1600.75,1.0,1.0
2005-03-20 21:54:59,1601.25,1.0,-1.0
2005-03-20 21:59:59,1600.75,1.0,1.0
2005-03-20 22:04:59,1603.25,1.0,1.0
2005-03-20 22:10:00,1604.25,1.0,0.0
2005-03-20 22:14:59,1604.25,1.0,0.0
2005-03-20 22:19:59,1604.25,1.0,0.0
2005-03-20 22:24:59,1604.25,1.0,1.0
2005-03-20 22:30:00,1604.75,1.0,-1.0
2005-03-20 22:34:59,1604.25,1.0,0.0
2005-03-20 22:39:59,1604.25,1.0,0.0
2005-03-20 22:44:59,1604.25,1.0,0.0
2005-03-20 22:49:59,1604.25,1.0,0.0
2005-03-20 22:55:00,1604.25,1.0,0.0
2005-03-20 22:59:59,1604.25,1.0,1.0
2005-03-20 23:04:59,1604.75,-1.0,1.0
2005-03-20 23:09:59,1605.25,1.0,-1.0
2005-03-20 23:15:00,1604.75,-1.0,1.0
2005-03-20 23:19:59,1605.25,1.0,-1.0
2005-03-20 23:24:59,1604.75,0.0,0.0
2005-03-21 00:00:00,1604.75,0.0,1.0
2005-03-21 00:04:59,1605.25,0.0,-1.0
2005-03-21 00:09:59,1604.75,0.0,0.0
2005-03-21 00:14:59,1604.75,0.0,0.0
2005-03-21 00:19:59,1604.75,0.0,1.0
2005-03-21 00:25:00,1605.25,0.0,-1.0
2005-03-21 00:29:59,1604.75,0.0,-1.0
2005-03-21 00:34:59,1604.25,0.0,1.0
2005-03-21 00:39:59,1604.75,0.0,0.0
2005-03-21 00:45:00,1604.75,0.0,-1.0
2005-03-21 00:49:59,1604.25,0.0,1.0
2005-03-21 00:54:59,1604.75,0.0,1.0
2005-03-21 00:59:59,1606.25,0.0,-1.0
2005-03-21 01:04:59,1604.25,0.0,0.0
2005-03-21 01:10:00,1604.25,0.0,1.0
2005-03-21 01:14:59,1604.75,0.0,0.0
2005-03-21 01:19:59,1604.75,0.0,0.0
2005-03-21 01:24:59,1604.75,0.0,0.0
2005-03-21 01:30:00,1604.75,0.0,0.0
2005-03-21 01:34:59,1604.75,0.0,-1.0
2005-03-21 01:39:59,1604.25,0.0,1.0
2005-03-21 01:44:59,1604.75,0.0,0.0
2005-03-21 01:49:59,1604.75,0.0,0.0
2005-03-21 01:55:00,1604.75,0.0,0.0
2005-03-21 01:59:59,1604.75,0.0,0.0
2005-03-21 02:04:59,1604.75,0.0,0.0
2005-03-21 02:09:59,1604.75,0.0,0.0
2005-03-21 02:15:00,1604.75,0.0,-1.0
2005-03-21 02:19:59,1604.25,0.0,1.0
2005-03-21 02:24:59,1605.25,0.0,-1.0
2005-03-21 02:29:59,1604.75,0.0,0.0
2005-03-21 02:34:59,1604.75,0.0,1.0
2005-03-21 02:40:00,1605.25,0.0,0.0
2005-03-21 02:44:59,1605.25,0.0,0.0
2005-03-21 02:49:59,1605.25,0.0,0.0
2005-03-21 02:54:59,1605.25,0.0,0.0
2005-03-21 03:00:00,1605.25,0.0,0.0
2005-03-21 03:04:59,1605.25,0.0,0.0
2005-03-21 03:09:59,1605.25,0.0,0.0
2005-03-21 03:14:59,1605.25,0.0,1.0
2005-03-21 03:19:59,1605.75,0.0,1.0
2005-03-21 03:25:00,1606.25,0.0,-1.0
2005-03-21 03:29:59,1605.75,0.0,0.0
2005-03-21 03:34:59,1605.75,0.0,0.0
2005-03-21 03:39:59,1605.75,0.0,1.0
2005-03-21 03:45:00,1606.25,0.0,-1.0
2005-03-21 03:49:59,1605.75,0.0,0.0
2005-03-21 03:54:59,1605.75,0.0,1.0
2005-03-21 03:59:59,1606.25,0.0,0.0
2005-03-21 04:04:59,1606.25,0.0,0.0
2005-03-21 04:10:00,1606.25,0.0,0.0
2005-03-21 04:14:59,1606.25,0.0,0.0
2005-03-21 04:19:59,1606.25,0.0,0.0
2005-03-21 04:24:59,1606.25,0.0,0.0
2005-03-21 04:30:00,1606.25,0.0,0.0
2005-03-21 04:34:59,1606.25,0.0,0.0
2005-03-21 04:39:59,1606.25,0.0,0.0
2005-03-21 04:44:59,1606.25,0.0,0.0
2005-03-21 04:49:59,1606.25,0.0,0.0
2005-03-21 04:55:00,1606.25,0.0,0.0
2005-03-21 04:59:59,1606.25,0.0,1.0
2005-03-21 05:04:59,1606.75,0.0,0.0
2005-03-21 05:09:59,1606.75,0.0,0.0
2005-03-21 05:15:00,1606.75,0.0,1.0
2005-03-21 05:19:59,1607.25,0.0,0.0
2005-03-21 05:24:59,1607.25,0.0,0.0
2005-03-21 05:29:59,1607.25,0.0,0.0
2005-03-21 05:34:59,1607.25,0.0,0.0
2005-03-21 05:40:00,1607.25,0.0,-1.0
2005-03-21 05:44:59,1606.75,0.0,0.0
2005-03-21 05:49:59,1606.75,0.0,0.0
2005-03-21 05:54:59,1606.75,0.0,0.0
2005-03-21 06:00:00,1606.75,0.0,0.0
2005-03-21 06:04:59,1606.75,0.0,0.0
2005-03-21 06:09:59,1606.75,0.0,0.0
2005-03-21 06:14:59,1606.75,0.0,0.0
2005-03-21 06:19:59,1606.75,0.0,0.0
2005-03-21 06:25:00,1606.75,0.0,0.0
2005-03-21 06:29:59,1606.75,0.0,0.0
2005-03-21 06:34:59,1606.75,0.0,1.0
2005-03-21 06:39:59,1607.25,0.0,0.0
2005-03-21 06:45:00,1607.25,0.0,1.0
2005-03-21 06:49:59,1610.25,0.0,-1.0
2005-03-21 06:54:59,1609.75,0.0,-1.0
2005-03-21 06:59:59,1609.25,0.0,1.0
2005-03-21 07:04:59,1609.75,0.0,0.0
2005-03-21 07:10:00,1609.75,0.0,0.0
2005-03-21 07:14:59,1609.75,0.0,0.0
2005-03-21 07:19:59,1609.75,0.0,1.0
2005-03-21 07:24:59,1610.75,0.0,0.0
2005-03-21 07:30:00,1610.75,0.0,-1.0
2005-03-21 07:34:59,1609.75,0.0,1.0
2005-03-21 07:39:59,1610.75,0.0,-1.0
2005-03-21 07:44:59,1609.75,0.0,1.0
2005-03-21 07:49:59,1610.25,0.0,0.0
2005-03-21 07:55:00,1610.25,0.0,-1.0
2005-03-21 07:59:59,1609.25,0.0,1.0
2005-03-21 08:04:59,1610.25,0.0,-1.0
2005-03-21 08:09:59,1609.75,0.0,-1.0
2005-03-21 08:15:00,1609.25,0.0,0.0
2005-03-21 08:19:59,1609.25,0.0,-1.0
2005-03-21 08:24:59,1608.75,0.0,-1.0
2005-03-21 08:29:59,1608.25,0.0,1.0
2005-03-21 08:34:59,1608.75,0.0,-1.0
2005-03-21 08:40:00,1608.25,0.0,-1.0
2005-03-21 08:44:59,1607.75,0.0,1.0
2005-03-21 08:49:59,1608.25,0.0,1.0
2005-03-21 08:54:59,1608.75,0.0,-1.0
2005-03-21 09:00:00,1608.25,0.0,-1.0
2005-03-21 09:04:59,1607.75,0.0,-1.0
2005-03-21 09:09:59,1606.25,0.0,-1.0
2005-03-21 09:14:59,1605.75,0.0,1.0
2005-03-21 09:19:59,1606.75,0.0,1.0
2005-03-21 09:25:00,1607.25,0.0,-1.0
2005-03-21 09:29:59,1606.25,0.0,0.0
2005-03-21 09:34:59,1606.25,0.0,1.0
2005-03-21 09:39:59,1606.75,0.0,-1.0
2005-03-21 09:45:00,1606.25,0.0,0.0
2005-03-21 09:49:59,1606.25,0.0,0.0
2005-03-21 09:54:59,1606.25,0.0,1.0
2005-03-21 09:59:59,1606.75,0.0,-1.0
2005-03-21 10:04:59,1605.75,0.0,-1.0
2005-03-21 10:10:00,1605.25,0.0,0.0
2005-03-21 10:14:59,1605.25,0.0,0.0
2005-03-21 10:19:59,1605.25,0.0,-1.0
2005-03-21 10:24:59,1604.75,0.0,0.0
2005-03-21 10:30:00,1604.75,0.0,0.0
2005-03-21 10:34:59,1604.75,0.0,0.0
2005-03-21 10:39:59,1604.75,1.0,0.0
2005-03-21 10:44:59,1604.75,1.0,0.0
2005-03-21 10:49:59,1604.75,1.0,-1.0
2005-03-21 10:55:00,1604.25,0.0,1.0
2005-03-21 10:59:59,1604.75,1.0,-1.0
2005-03-21 11:04:59,1603.75,1.0,-1.0
2005-03-21 11:09:59,1603.25,1.0,-1.0
2005-03-21 11:15:00,1602.75,0.0,-1.0
2005-03-21 11:19:59,1601.25,0.0,0.0
2005-03-21 11:24:59,1601.25,1.0,1.0
2005-03-21 11:29:59,1602.75,1.0,0.0
2005-03-21 11:34:59,1602.75,1.0,0.0
2005-03-21 11:40:00,1602.75,1.0,-1.0
2005-03-21 11:44:59,1602.25,1.0,1.0
2005-03-21 11:49:59,1603.25,0.0,0.0
2005-03-21 11:54:59,1603.25,0.0,1.0
2005-03-21 12:00:00,1603.75,1.0,1.0
2005-03-21 12:04:59,1605.25,-1.0,-1.0
2005-03-21 12:09:59,1604.25,0.0,1.0
2005-03-21 12:14:59,1604.75,1.0,0.0
2005-03-21 12:19:59,1604.75,1.0,-1.0
2005-03-21 12:25:00,1604.25,0.0,0.0
2005-03-21 12:29:59,1604.25,0.0,0.0
2005-03-21 12:34:59,1604.25,1.0,-1.0
2005-03-21 12:39:59,1603.75,0.0,0.0
2005-03-21 12:45:00,1603.75,0.0,-1.0
2005-03-21 12:49:59,1602.75,0.0,-1.0
2005-03-21 12:54:59,1601.25,1.0,1.0
2005-03-21 12:59:59,1603.25,0.0,1.0
2005-03-21 13:04:59,1603.75,0.0,1.0
2005-03-21 13:10:00,1604.75,0.0,1.0
2005-03-21 13:14:59,1606.25,0.0,-1.0
2005-03-21 13:19:59,1604.75,0.0,-1.0
2005-03-21 13:24:59,1604.25,0.0,1.0
2005-03-21 13:30:00,1605.75,0.0,-1.0
2005-03-21 13:34:59,1604.75,0.0,1.0
2005-03-21 13:39:59,1605.25,0.0,1.0
2005-03-21 13:44:59,1605.75,0.0,0.0
2005-03-21 13:49:59,1605.75,0.0,1.0
2005-03-21 13:55:00,1606.25,0.0,1.0
2005-03-21 13:59:59,1606.75,0.0,0.0
2005-03-21 14:04:59,1606.75,1.0,0.0
2005-03-21 14:09:59,1606.75,0.0,0.0
2005-03-21 14:15:00,1606.75,0.0,-1.0
2005-03-21 14:19:59,1604.75,0.0,-1.0
2005-03-21 14:24:59,1604.25,0.0,1.0
2005-03-21 14:29:59,1605.25,0.0,-1.0
2005-03-21 14:34:59,1604.75,0.0,0.0
2005-03-21 14:40:00,1604.75,0.0,0.0
2005-03-21 14:44:59,1604.75,0.0,0.0
2005-03-21 14:49:59,1604.75,0.0,1.0
2005-03-21 14:54:59,1605.25,0.0,1.0
2005-03-21 15:00:00,1606.25,0.0,1.0
2005-03-21 15:04:59,1606.75,0.0,-1.0
2005-03-21 15:09:59,1604.75,1.0,0.0
2005-03-21 15:14:59,1604.75,0.0,-1.0
2005-03-21 15:19:59,1603.75,1.0,-1.0
2005-03-21 15:25:00,1600.75,1.0,-1.0
2005-03-21 15:29:59,1595.75,0.0,1.0
2005-03-21 15:34:59,1598.75,0.0,-1.0
2005-03-21 15:39:59,1594.25,1.0,1.0
2005-03-21 15:45:00,1596.25,0.0,-1.0
2005-03-21 15:49:59,1593.25,1.0,1.0
2005-03-21 15:54:59,1595.25,1.0,-1.0
2005-03-21 15:59:59,1594.25,1.0,-1.0
2005-03-21 16:04:59,1591.75,1.0,1.0
2005-03-21 16:10:00,1594.25,1.0,1.0
2005-03-21 16:14:59,1594.75,1.0,-1.0
2005-03-21 16:19:59,1594.25,1.0,0.0
2005-03-21 16:24:59,1594.25,1.0,0.0
2005-03-21 16:30:00,1594.25,1.0,1.0
2005-03-21 16:34:59,1597.25,1.0,1.0
2005-03-21 16:39:59,1598.75,1.0,-1.0
2005-03-21 16:44:59,1598.25,1.0,1.0
2005-03-21 16:49:59,1598.75,1.0,1.0
2005-03-21 16:55:00,1600.25,-1.0,-1.0
2005-03-21 16:59:59,1599.75,1.0,1.0
2005-03-21 17:04:59,1600.25,0.0,0.0
2005-03-21 17:09:59,1600.25,0.0,-1.0
2005-03-21 17:15:00,1599.75,0.0,1.0
2005-03-21 17:19:59,1601.75,-1.0,-1.0
2005-03-21 17:24:59,1601.25,-1.0,1.0
2005-03-21 17:29:59,1602.25,-1.0,1.0
2005-03-21 17:34:59,1604.75,-1.0,0.0
2005-03-21 17:40:00,1604.75,-1.0,-1.0
2005-03-21 17:44:59,1603.25,-1.0,-1.0
2005-03-21 17:49:59,1602.75,-1.0,1.0
2005-03-21 17:54:59,1603.25,-1.0,-1.0
2005-03-21 18:00:00,1602.75,-1.0,1.0
2005-03-21 18:04:59,1604.25,-1.0,-1.0
2005-03-21 18:09:59,1603.75,0.0,-1.0
2005-03-21 18:14:59,1603.25,0.0,-1.0
2005-03-21 18:19:59,1601.75,1.0,1.0
2005-03-21 18:25:00,1602.75,-1.0,1.0
2005-03-21 18:29:59,1603.25,1.0,-1.0
2005-03-21 18:34:59,1600.25,-1.0,1.0
2005-03-21 18:39:59,1600.75,-1.0,-1.0
2005-03-21 18:45:00,1600.25,0.0,0.0
2005-03-21 18:49:59,1600.25,0.0,1.0
2005-03-21 18:54:59,1600.75,-1.0,1.0
2005-03-21 18:59:59,1602.75,0.0,-1.0
2005-03-21 19:04:59,1601.75,0.0,-1.0
2005-03-21 19:10:00,1600.25,0.0,-1.0
2005-03-21 19:14:59,1598.75,0.0,-1.0
2005-03-21 19:19:59,1596.25,0.0,-1.0
2005-03-21 19:24:59,1595.25,0.0,1.0
2005-03-21 19:30:00,1595.75,1.0,0.0
2005-03-21 19:34:59,1595.75,1.0,-1.0
2005-03-21 19:39:59,1595.25,1.0,-1.0
2005-03-21 19:44:59,1594.25,1.0,1.0
2005-03-21 19:49:59,1595.25,1.0,1.0
2005-03-21 19:55:00,1596.25,0.0,-1.0
2005-03-21 19:59:59,1595.75,0.0,-1.0
2005-03-21 20:04:59,1595.25,0.0,0.0
2005-03-21 20:09:59,1595.25,0.0,1.0
2005-03-21 20:15:00,1596.25,0.0,1.0
2005-03-21 20:19:59,1596.75,1.0,1.0
2005-03-21 20:24:59,1597.75,1.0,0.0
2005-03-21 20:29:59,1597.75,0.0,-1.0
2005-03-21 20:34:59,1596.25,0.0,-1.0
2005-03-21 20:40:00,1595.75,1.0,0.0
2005-03-21 20:44:59,1595.75,0.0,-1.0
2005-03-21 20:49:59,1594.25,1.0,-1.0
2005-03-21 20:54:59,1588.75,1.0,1.0
2005-03-21 21:00:00,1589.25,1.0,0.0
2005-03-21 21:04:59,1589.25,1.0,-1.0
2005-03-21 21:09:59,1586.25,1.0,1.0
2005-03-21 21:14:59,1587.25,1.0,0.0
2005-03-21 21:19:59,1587.25,1.0,1.0
2005-03-21 21:25:00,1589.25,1.0,-1.0
2005-03-21 21:29:59,1588.25,1.0,-1.0
2005-03-21 21:34:59,1586.75,1.0,-1.0
2005-03-21 21:39:59,1584.75,1.0,0.0
2005-03-21 21:45:00,1584.75,1.0,1.0
2005-03-21 21:49:59,1585.25,1.0,-1.0
2005-03-21 21:54:59,1581.75,1.0,-1.0
2005-03-21 21:59:59,1579.75,1.0,1.0
2005-03-21 22:04:59,1580.25,1.0,-1.0
2005-03-21 22:10:00,1579.25,1.0,-1.0
2005-03-24 00:29:59,1578.25,1.0,-1.0
2005-03-24 00:34:59,1576.75,1.0,1.0
2005-03-24 00:39:59,1577.75,1.0,-1.0
2005-03-24 00:45:00,1577.25,1.0,0.0
2005-03-24 00:49:59,1577.25,1.0,1.0
2005-03-24 00:54:59,1577.75,1.0,-1.0
2005-03-24 00:59:59,1576.25,1.0,0.0
2005-03-24 01:04:59,1576.25,1.0,-1.0
2005-03-24 01:10:00,1575.75,1.0,1.0
2005-03-24 01:14:59,1576.25,1.0,0.0
2005-03-24 01:19:59,1576.25,1.0,1.0
2005-03-24 01:24:59,1576.75,1.0,-1.0
2005-03-24 01:30:00,1576.25,1.0,0.0
2005-03-24 01:34:59,1576.25,0.0,-1.0
2005-03-24 01:39:59,1575.75,1.0,1.0
2005-03-24 01:44:59,1576.25,1.0,-1.0
2005-03-24 01:49:59,1575.75,1.0,0.0
2005-03-24 01:55:00,1575.75,0.0,0.0
2005-03-24 01:59:59,1575.75,1.0,0.0
2005-03-24 02:04:59,1575.75,1.0,-1.0
2005-03-24 02:09:59,1575.25,1.0,-1.0
2005-03-24 02:15:00,1574.25,0.0,1.0
2005-03-24 02:19:59,1574.75,0.0,1.0
2005-03-24 02:24:59,1575.25,0.0,0.0
2005-03-24 02:29:59,1575.25,0.0,-1.0
2005-03-24 02:34:59,1574.25,-1.0,0.0
2005-03-24 02:40:00,1574.25,1.0,1.0
2005-03-24 02:44:59,1575.25,0.0,-1.0
2005-03-24 02:49:59,1573.75,0.0,0.0
2005-03-24 02:54:59,1573.75,0.0,1.0
2005-03-24 03:00:00,1574.25,0.0,-1.0
2005-03-24 03:04:59,1573.75,0.0,-1.0
2005-03-24 03:09:59,1573.25,0.0,0.0
2005-03-24 03:14:59,1573.25,1.0,1.0
2005-03-24 03:19:59,1573.75,1.0,-1.0
2005-03-24 03:25:00,1573.25,-1.0,1.0
2005-03-24 03:29:59,1574.25,0.0,-1.0
2005-03-24 03:34:59,1573.75,0.0,0.0
2005-03-24 03:39:59,1573.75,0.0,-1.0
2005-03-24 03:45:00,1573.25,-1.0,1.0
2005-03-24 03:49:59,1573.75,0.0,0.0
2005-03-24 03:54:59,1573.75,-1.0,0.0
2005-03-24 03:59:59,1573.75,1.0,1.0
2005-03-24 04:04:59,1574.75,-1.0,0.0
2005-03-24 04:10:00,1574.75,0.0,-1.0
2005-03-24 04:14:59,1573.75,1.0,1.0
2005-03-24 04:19:59,1574.25,1.0,0.0
2005-03-24 04:24:59,1574.25,1.0,0.0
2005-03-24 04:30:00,1574.25,1.0,-1.0
2005-03-24 04:34:59,1573.25,1.0,1.0
2005-03-24 04:39:59,1574.25,1.0,0.0
2005-03-24 04:44:59,1574.25,1.0,-1.0
2005-03-24 04:49:59,1573.75,1.0,0.0
2005-03-24 04:55:00,1573.75,-1.0,0.0
2005-03-24 04:59:59,1573.75,-1.0,0.0
2005-03-24 05:04:59,1573.75,-1.0,-1.0
2005-03-24 05:09:59,1573.25,-1.0,0.0
2005-03-24 05:15:00,1573.25,-1.0,-1.0
2005-03-24 05:19:59,1572.75,-1.0,1.0
2005-03-24 05:24:59,1573.25,-1.0,-1.0
2005-03-24 05:29:59,1572.75,-1.0,0.0
2005-03-24 05:34:59,1572.75,1.0,0.0
2005-03-24 05:40:00,1572.75,-1.0,-1.0
2005-03-24 05:44:59,1572.25,-1.0,0.0
2005-03-24 05:49:59,1572.25,-1.0,1.0
2005-03-24 05:54:59,1573.25,-1.0,0.0
2005-03-24 06:00:00,1573.25,-1.0,1.0
2005-03-24 06:04:59,1574.75,-1.0,0.0
2005-03-24 06:09:59,1574.75,-1.0,0.0
2005-03-24 06:14:59,1574.75,1.0,1.0
2005-03-24 06:19:59,1575.75,-1.0,-1.0
2005-03-24 06:25:00,1575.25,-1.0,1.0
2005-03-24 06:29:59,1575.75,-1.0,-1.0
2005-03-24 06:34:59,1574.75,-1.0,1.0
2005-03-24 06:39:59,1575.25,-1.0,0.0
2005-03-24 06:45:00,1575.25,-1.0,0.0
2005-03-24 06:49:59,1575.25,-1.0,-1.0
2005-03-24 06:54:59,1574.75,-1.0,1.0
2005-03-24 06:59:59,1575.25,-1.0,1.0
2005-03-24 07:04:59,1575.75,-1.0,0.0
2005-03-24 07:10:00,1575.75,-1.0,-1.0
2005-03-24 07:14:59,1575.25,-1.0,1.0
2005-03-24 07:19:59,1575.75,-1.0,0.0
2005-03-24 07:24:59,1575.75,1.0,-1.0
2005-03-24 07:30:00,1575.25,-1.0,1.0
2005-03-24 07:34:59,1575.75,-1.0,1.0
2005-03-24 07:39:59,1576.75,-1.0,1.0
2005-03-24 07:44:59,1577.25,-1.0,0.0
2005-03-24 07:49:59,1577.25,1.0,0.0
2005-03-24 07:55:00,1577.25,-1.0,-1.0
2005-03-24 07:59:59,1575.75,1.0,-1.0
2005-03-24 08:04:59,1575.25,1.0,-1.0
2005-03-24 08:09:59,1573.75,1.0,-1.0
2005-03-24 08:15:00,1573.25,1.0,1.0
2005-03-24 08:19:59,1574.75,1.0,-1.0
2005-03-24 08:24:59,1574.25,0.0,1.0
2005-03-24 08:29:59,1575.75,1.0,-1.0
2005-03-24 08:34:59,1574.25,0.0,0.0
2005-03-24 08:40:00,1574.25,0.0,-1.0
2005-03-24 08:44:59,1573.75,0.0,-1.0
2005-03-24 08:49:59,1573.25,0.0,1.0
2005-03-24 08:54:59,1574.25,-1.0,-1.0
2005-03-24 09:00:00,1573.25,0.0,-1.0
2005-03-24 09:04:59,1572.25,0.0,0.0
2005-03-24 09:09:59,1572.25,0.0,0.0
2005-03-24 09:14:59,1572.25,1.0,1.0
2005-03-24 09:19:59,1573.75,0.0,-1.0
2005-03-24 09:25:00,1572.75,0.0,-1.0
2005-03-24 09:29:59,1571.25,1.0,-1.0
2005-03-24 09:34:59,1569.75,1.0,0.0
2005-03-24 09:39:59,1569.75,0.0,1.0
2005-03-24 09:45:00,1572.25,1.0,-1.0
2005-03-24 09:49:59,1571.75,0.0,1.0
2005-03-24 09:54:59,1572.75,0.0,-1.0
2005-03-24 09:59:59,1571.25,0.0,1.0
2005-03-24 10:04:59,1573.25,0.0,0.0
2005-03-24 10:10:00,1573.25,0.0,1.0
2005-03-24 10:14:59,1573.75,0.0,-1.0
2005-03-24 10:19:59,1571.25,0.0,1.0
2005-03-24 10:24:59,1572.75,0.0,1.0
2005-03-24 10:30:00,1573.25,0.0,1.0
2005-03-24 10:34:59,1573.75,0.0,-1.0
2005-03-24 10:39:59,1573.25,0.0,1.0
2005-03-24 10:44:59,1574.75,1.0,0.0
2005-03-24 10:49:59,1574.75,1.0,-1.0
2005-03-24 10:55:00,1573.75,1.0,-1.0
2005-03-24 10:59:59,1572.75,1.0,-1.0
2005-03-24 11:04:59,1571.75,0.0,1.0
2005-03-24 11:09:59,1572.25,1.0,0.0
2005-03-24 11:15:00,1572.25,0.0,0.0
2005-03-24 11:19:59,1572.25,0.0,-1.0
2005-03-24 11:24:59,1571.25,0.0,-1.0
2005-03-24 11:29:59,1569.75,0.0,-1.0
2005-03-24 11:34:59,1564.75,0.0,-1.0
2005-03-24 11:40:00,1561.75,0.0,1.0
2005-03-24 11:44:59,1564.25,0.0,1.0
2005-03-24 11:49:59,1564.75,-1.0,-1.0
2005-03-24 11:54:59,1563.75,-1.0,-1.0
2005-03-24 12:00:00,1563.25,0.0,0.0
2005-03-24 12:04:59,1563.25,1.0,0.0
2005-03-24 12:09:59,1563.25,-1.0,-1.0
2005-03-24 12:14:59,1562.75,-1.0,1.0
2005-03-24 12:19:59,1565.25,-1.0,-1.0
2005-03-24 12:25:00,1564.75,-1.0,-1.0
2005-03-24 12:29:59,1564.25,-1.0,1.0
2005-03-24 12:34:59,1565.25,-1.0,0.0
2005-03-24 12:39:59,1565.25,-1.0,0.0
2005-03-24 12:45:00,1565.25,-1.0,0.0
2005-03-24 12:49:59,1565.25,0.0,1.0
2005-03-24 12:54:59,1566.75,1.0,0.0
2005-03-24 12:59:59,1566.75,1.0,-1.0
2005-03-24 13:04:59,1565.75,-1.0,-1.0
2005-03-24 13:10:00,1565.25,0.0,-1.0
2005-03-24 13:14:59,1564.75,-1.0,-1.0
2005-03-24 13:19:59,1564.25,0.0,0.0
2005-03-24 13:24:59,1564.25,0.0,-1.0
2005-03-24 13:30:00,1563.75,0.0,1.0
2005-03-24 13:34:59,1564.25,0.0,-1.0
2005-03-24 13:39:59,1563.25,0.0,-1.0
2005-03-24 13:44:59,1562.25,0.0,1.0
2005-03-24 13:49:59,1562.75,0.0,0.0
2005-03-24 13:55:00,1562.75,0.0,0.0
2005-03-24 13:59:59,1562.75,0.0,1.0
2005-03-24 14:04:59,1564.25,0.0,-1.0
2005-03-24 14:09:59,1563.75,-1.0,0.0
2005-03-24 14:15:00,1563.75,-1.0,1.0
2005-03-24 14:19:59,1564.25,-1.0,1.0
2005-03-24 14:24:59,1565.75,-1.0,0.0
2005-03-24 14:29:59,1565.75,-1.0,0.0
2005-03-24 14:34:59,1565.75,-1.0,1.0
2005-03-24 14:40:00,1566.25,-1.0,0.0
2005-03-24 14:44:59,1566.25,-1.0,1.0
2005-03-24 14:49:59,1566.75,-1.0,1.0
2005-03-24 14:54:59,1568.25,-1.0,1.0
2005-03-24 15:00:00,1568.75,-1.0,-1.0
2005-03-24 15:04:59,1567.25,-1.0,0.0
2005-03-24 15:09:59,1567.25,-1.0,0.0
2005-03-24 15:14:59,1567.25,-1.0,1.0
2005-03-24 15:19:59,1568.75,-1.0,1.0
2005-03-24 15:25:00,1570.75,-1.0,-1.0
2005-03-24 15:29:59,1568.75,-1.0,1.0
2005-03-24 15:34:59,1569.25,-1.0,-1.0
2005-03-24 15:39:59,1566.75,-1.0,1.0
2005-03-24 15:45:00,1568.75,-1.0,-1.0
2005-03-24 15:49:59,1564.25,-1.0,-1.0
2005-03-24 15:54:59,1562.25,-1.0,1.0
2005-03-24 15:59:59,1563.25,1.0,-1.0
2005-03-24 16:04:59,1562.75,0.0,-1.0
2005-03-24 16:10:00,1561.25,0.0,-1.0
2005-03-24 16:14:59,1557.25,0.0,1.0
2005-03-24 16:19:59,1560.25,1.0,-1.0
2005-03-24 16:24:59,1559.75,1.0,1.0
2005-03-24 16:30:00,1560.75,0.0,1.0
2005-03-24 16:34:59,1562.75,0.0,-1.0
2005-03-24 16:39:59,1562.25,0.0,-1.0
2005-03-24 16:44:59,1560.75,0.0,1.0
2005-03-24 16:49:59,1562.25,0.0,1.0
2005-03-24 16:55:00,1564.25,0.0,0.0
2005-03-24 16:59:59,1564.25,1.0,1.0
2005-03-24 17:04:59,1565.25,0.0,-1.0
2005-03-24 17:09:59,1564.75,0.0,-1.0
2005-03-24 17:15:00,1564.25,1.0,1.0
2005-03-24 17:19:59,1565.25,0.0,1.0
2005-03-24 17:24:59,1566.25,0.0,-1.0
2005-03-24 17:29:59,1564.75,0.0,-1.0
2005-03-24 17:34:59,1563.25,1.0,-1.0
2005-03-24 17:40:00,1562.25,1.0,1.0
2005-03-24 17:44:59,1562.75,1.0,-1.0
2005-03-24 17:49:59,1561.75,0.0,1.0
2005-03-24 17:54:59,1562.25,0.0,-1.0
2005-03-24 18:00:00,1561.25,0.0,-1.0
2005-03-24 18:04:59,1559.75,1.0,-1.0
2005-03-24 18:09:59,1559.25,-1.0,1.0
2005-03-24 18:14:59,1559.75,1.0,-1.0
2005-03-24 18:19:59,1558.75,1.0,0.0
2005-03-24 18:25:00,1558.75,1.0,1.0
2005-03-24 18:29:59,1560.75,1.0,-1.0
2005-03-24 18:34:59,1559.75,1.0,-1.0
2005-03-24 18:39:59,1558.75,-1.0,1.0
2005-03-24 18:45:00,1559.25,1.0,1.0
2005-03-24 18:49:59,1560.25,1.0,1.0
2005-03-24 18:54:59,1561.25,1.0,-1.0
2005-03-24 18:59:59,1559.75,1.0,-1.0
2005-03-24 19:04:59,1558.75,1.0,-1.0
2005-03-24 19:10:00,1556.75,-1.0,1.0
2005-03-24 19:14:59,1557.25,-1.0,-1.0
2005-03-24 19:19:59,1555.25,1.0,-1.0
2005-03-24 19:24:59,1554.75,1.0,1.0
2005-03-24 19:30:00,1555.25,1.0,1.0
2005-03-24 19:34:59,1557.75,1.0,-1.0
2005-03-24 19:39:59,1556.75,1.0,-1.0
2005-03-24 19:44:59,1555.75,1.0,-1.0
2005-03-24 19:49:59,1555.25,1.0,1.0
2005-03-24 19:55:00,1555.75,1.0,-1.0
2005-03-24 19:59:59,1553.75,1.0,-1.0
2005-03-24 20:04:59,1552.75,1.0,-1.0
2005-03-24 20:09:59,1551.75,1.0,1.0
2005-03-24 20:15:00,1552.75,1.0,-1.0
2005-03-24 20:19:59,1552.25,1.0,0.0
2005-03-24 20:24:59,1552.25,1.0,1.0
2005-03-24 20:29:59,1555.25,1.0,1.0
2005-03-24 20:34:59,1555.75,1.0,1.0
2005-03-24 20:40:00,1558.75,1.0,-1.0
2005-03-24 20:44:59,1557.25,1.0,-1.0
2005-03-24 20:49:59,1556.25,1.0,-1.0
2005-03-24 20:54:59,1555.75,1.0,1.0
2005-03-24 21:00:00,1558.25,1.0,1.0
2005-03-24 21:04:59,1560.25,1.0,-1.0
2005-03-24 21:09:59,1558.75,1.0,-1.0
2005-03-24 21:14:59,1555.25,1.0,-1.0
2005-03-24 21:19:59,1554.75,1.0,1.0
2005-03-24 21:25:00,1556.75,1.0,-1.0
2005-03-24 21:29:59,1554.25,1.0,1.0
2005-03-24 21:34:59,1554.75,1.0,1.0
2005-03-24 21:39:59,1559.25,1.0,1.0
2005-03-24 21:45:00,1559.75,1.0,1.0
2005-03-24 21:49:59,1560.75,1.0,1.0
2005-03-24 21:54:59,1562.75,1.0,-1.0
2005-03-24 21:59:59,1561.75,1.0,1.0
2005-03-24 22:04:59,1562.75,1.0,-1.0
2005-03-24 22:10:00,1561.25,1.0,0.0
2005-03-24 22:14:59,1561.25,1.0,0.0
2005-03-24 22:19:59,1561.25,1.0,0.0
2005-03-24 22:24:59,1561.25,1.0,1.0
2005-03-24 22:30:00,1561.75,1.0,0.0
2005-03-24 22:34:59,1561.75,1.0,1.0
2005-03-24 22:39:59,1562.25,1.0,0.0
2005-03-24 22:44:59,1562.25,1.0,1.0
2005-03-24 22:49:59,1562.75,1.0,0.0
2005-03-24 22:55:00,1562.75,1.0,-1.0
2005-03-24 22:59:59,1562.25,1.0,-1.0
2005-03-24 23:04:59,1561.25,1.0,0.0
2005-03-24 23:09:59,1561.25,1.0,0.0
2005-03-24 23:15:00,1561.25,1.0,-1.0
2005-03-24 23:19:59,1560.25,1.0,0.0
2005-03-24 23:24:59,1560.25,-1.0,0.0
2005-03-25 00:00:00,1560.25,1.0,1.0
2005-03-25 00:04:59,1561.25,1.0,0.0
2005-03-25 00:09:59,1561.25,1.0,-1.0
2005-03-25 00:14:59,1560.75,1.0,0.0
2005-03-25 00:19:59,1560.75,-1.0,0.0
2005-03-25 00:25:00,1560.75,0.0,-1.0
2005-03-25 00:29:59,1560.25,0.0,1.0
2005-03-25 00:34:59,1560.75,1.0,1.0
2005-03-25 00:39:59,1561.25,1.0,-1.0
2005-03-25 00:45:00,1560.75,0.0,0.0
2005-03-25 00:49:59,1560.75,-1.0,0.0
2005-03-25 00:54:59,1560.75,1.0,0.0
2005-03-25 00:59:59,1560.75,1.0,-1.0
2005-03-25 01:04:59,1560.25,1.0,0.0
2005-03-25 01:10:00,1560.25,1.0,-1.0
2005-03-25 01:14:59,1559.25,0.0,1.0
2005-03-25 01:19:59,1560.25,-1.0,-1.0
2005-03-25 01:24:59,1559.75,-1.0,0.0
2005-03-25 01:30:00,1559.75,1.0,0.0
2005-03-25 01:34:59,1559.75,1.0,-1.0
2005-03-25 01:39:59,1559.25,0.0,0.0
2005-03-25 01:44:59,1559.25,0.0,-1.0
2005-03-25 01:49:59,1558.75,0.0,1.0
2005-03-25 01:55:00,1559.25,0.0,0.0
2005-03-25 01:59:59,1559.25,1.0,-1.0
2005-03-25 02:04:59,1558.75,0.0,0.0
2005-03-25 02:09:59,1558.75,0.0,1.0
2005-03-25 02:15:00,1559.25,0.0,-1.0
2005-03-25 02:19:59,1558.75,0.0,0.0
2005-03-25 02:24:59,1558.75,0.0,-1.0
2005-03-25 02:29:59,1558.25,0.0,-1.0
2005-03-25 02:34:59,1557.75,0.0,1.0
2005-03-25 02:40:00,1558.25,0.0,0.0
2005-03-25 02:44:59,1558.25,0.0,-1.0
2005-03-25 02:49:59,1557.75,1.0,1.0
2005-03-25 02:54:59,1558.25,1.0,1.0
2005-03-25 03:00:00,1558.75,1.0,-1.0
2005-03-25 03:04:59,1558.25,1.0,1.0
2005-03-25 03:09:59,1559.25,1.0,1.0
2005-03-25 03:14:59,1560.25,0.0,-1.0
2005-03-25 03:19:59,1559.75,1.0,1.0
2005-03-25 03:25:00,1560.25,1.0,1.0
2005-03-25 03:29:59,1560.75,0.0,1.0
2005-03-25 03:34:59,1561.25,1.0,1.0
2005-03-25 03:39:59,1561.75,1.0,-1.0
2005-03-25 03:45:00,1561.25,1.0,0.0
2005-03-25 03:49:59,1561.25,0.0,0.0
2005-03-25 03:54:59,1561.25,0.0,1.0
2005-03-25 03:59:59,1561.75,0.0,0.0
2005-03-25 04:04:59,1561.75,-1.0,0.0
2005-03-25 04:10:00,1561.75,0.0,1.0
2005-03-25 04:14:59,1562.25,0.0,0.0
2005-03-25 04:19:59,1562.25,1.0,0.0
2005-03-25 04:24:59,1562.25,1.0,0.0
2005-03-25 04:30:00,1562.25,1.0,0.0
2005-03-25 04:34:59,1562.25,1.0,1.0
2005-03-25 04:39:59,1562.75,1.0,1.0
2005-03-25 04:44:59,1563.75,1.0,0.0
2005-03-25 04:49:59,1563.75,1.0,0.0
2005-03-25 04:55:00,1563.75,1.0,0.0
2005-03-25 04:59:59,1563.75,1.0,0.0
2005-03-25 05:04:59,1563.75,1.0,1.0
2005-03-25 05:09:59,1564.25,1.0,1.0
2005-03-25 05:15:00,1564.75,1.0,0.0
2005-03-25 05:19:59,1564.75,1.0,0.0
2005-03-25 05:24:59,1564.75,1.0,1.0
2005-03-25 05:29:59,1565.25,1.0,-1.0
2005-03-25 05:34:59,1564.75,1.0,1.0
2005-03-25 05:40:00,1565.25,1.0,1.0
2005-03-25 05:44:59,1565.75,1.0,0.0
2005-03-25 05:49:59,1565.75,-1.0,0.0
2005-03-25 05:54:59,1565.75,1.0,0.0
2005-03-25 06:00:00,1565.75,-1.0,-1.0
2005-03-25 06:04:59,1565.25,-1.0,1.0
2005-03-25 06:09:59,1565.75,1.0,0.0
2005-03-25 06:14:59,1565.75,-1.0,0.0
2005-03-25 06:19:59,1565.75,1.0,1.0
2005-03-25 06:25:00,1566.25,-1.0,1.0
2005-03-25 06:29:59,1566.75,-1.0,0.0
2005-03-25 06:34:59,1566.75,-1.0,0.0
2005-03-25 06:39:59,1566.75,-1.0,1.0
2005-03-25 06:45:00,1567.25,-1.0,0.0
2005-03-25 06:49:59,1567.25,-1.0,-1.0
2005-03-25 06:54:59,1566.25,-1.0,0.0
2005-03-25 06:59:59,1566.25,-1.0,1.0
2005-03-25 07:04:59,1567.25,-1.0,1.0
2005-03-25 07:10:00,1567.75,-1.0,1.0
2005-03-25 07:14:59,1568.25,-1.0,0.0
2005-03-25 07:19:59,1568.25,1.0,0.0
2005-03-25 07:24:59,1568.25,1.0,1.0
2005-03-25 07:30:00,1568.75,1.0,-1.0
2005-03-25 07:34:59,1568.25,0.0,0.0
2005-03-25 07:39:59,1568.25,0.0,-1.0
2005-03-25 07:44:59,1567.75,0.0,0.0
2005-03-25 07:49:59,1567.75,-1.0,0.0
2005-03-25 07:55:00,1567.75,1.0,0.0
2005-03-25 07:59:59,1567.75,1.0,0.0
2005-03-25 08:04:59,1567.75,0.0,0.0
2005-03-25 08:09:59,1567.75,0.0,0.0
2005-03-25 08:15:00,1567.75,1.0,-1.0
2005-03-25 08:19:59,1567.25,1.0,1.0
2005-03-25 08:24:59,1567.75,0.0,-1.0
2005-03-25 08:29:59,1567.25,0.0,-1.0
2005-03-25 08:34:59,1566.75,0.0,-1.0
2005-03-25 08:40:00,1566.25,0.0,0.0
2005-03-25 08:44:59,1566.25,0.0,0.0
2005-03-25 08:49:59,1566.25,1.0,1.0
2005-03-25 08:54:59,1566.75,1.0,1.0
2005-03-25 09:00:00,1569.75,1.0,1.0
2005-03-25 09:04:59,1571.75,1.0,-1.0
2005-03-25 09:09:59,1571.25,1.0,1.0
2005-03-25 09:14:59,1572.75,0.0,-1.0
2005-03-25 09:19:59,1572.25,1.0,-1.0
2005-03-25 09:25:00,1571.75,1.0,0.0
2005-03-25 09:29:59,1571.75,1.0,1.0
2005-03-25 09:34:59,1572.75,1.0,-1.0
2005-03-25 09:39:59,1572.25,0.0,0.0
2005-03-25 09:45:00,1572.25,1.0,-1.0
2005-03-25 09:49:59,1571.75,0.0,-1.0
2005-03-25 09:54:59,1569.25,0.0,-1.0
2005-03-25 09:59:59,1567.75,0.0,0.0
2005-03-25 10:04:59,1567.75,0.0,1.0
2005-03-25 10:10:00,1569.25,0.0,0.0
2005-03-25 10:14:59,1569.25,0.0,1.0
2005-03-25 10:19:59,1569.75,0.0,-1.0
2005-03-25 10:24:59,1569.25,0.0,0.0
2005-03-25 10:30:00,1569.25,0.0,-1.0
2005-03-25 10:34:59,1567.75,0.0,-1.0
2005-03-25 10:39:59,1567.25,0.0,1.0
2005-03-25 10:44:59,1567.75,0.0,-1.0
2005-03-25 10:49:59,1566.75,1.0,1.0
2005-03-25 10:55:00,1568.25,1.0,-1.0
2005-03-25 10:59:59,1567.75,0.0,0.0
2005-03-25 11:04:59,1567.75,0.0,0.0
2005-03-25 11:09:59,1567.75,0.0,-1.0
2005-03-25 11:15:00,1567.25,0.0,1.0
2005-03-25 11:19:59,1567.75,0.0,0.0
2005-03-25 11:24:59,1567.75,0.0,1.0
2005-03-25 11:29:59,1568.25,0.0,-1.0
2005-03-25 11:34:59,1567.75,0.0,1.0
2005-03-25 11:40:00,1568.75,1.0,0.0
2005-03-25 11:44:59,1568.75,0.0,-1.0
2005-03-25 11:49:59,1567.75,1.0,-1.0
2005-03-25 11:54:59,1567.25,1.0,1.0
2005-03-25 12:00:00,1568.25,1.0,1.0
2005-03-25 12:04:59,1569.25,1.0,-1.0
2005-03-25 12:09:59,1568.25,1.0,1.0
2005-03-25 12:14:59,1569.25,0.0,1.0
2005-03-25 12:19:59,1570.25,0.0,1.0
2005-03-25 12:25:00,1571.25,0.0,-1.0
2005-03-25 12:29:59,1570.75,0.0,-1.0
2005-03-25 12:34:59,1570.25,0.0,0.0
2005-03-25 12:39:59,1570.25,0.0,1.0
2005-03-25 12:45:00,1571.25,0.0,-1.0
2005-03-25 12:49:59,1570.25,0.0,-1.0
2005-03-25 12:54:59,1569.75,0.0,-1.0
2005-03-25 12:59:59,1569.25,0.0,0.0
2005-03-25 13:04:59,1569.25,0.0,1.0
2005-03-25 13:10:00,1570.25,0.0,-1.0
2005-03-25 13:14:59,1569.75,0.0,0.0
2005-03-25 13:19:59,1569.75,0.0,-1.0
2005-03-25 13:24:59,1569.25,0.0,0.0
2005-03-25 13:30:00,1569.25,0.0,1.0
2005-03-25 13:34:59,1569.75,1.0,1.0
2005-03-25 13:39:59,1570.25,1.0,1.0
2005-03-25 13:44:59,1571.25,1.0,-1.0
2005-03-25 13:49:59,1570.75,0.0,0.0
2005-03-25 13:55:00,1570.75,0.0,1.0
2005-03-25 13:59:59,1571.25,0.0,0.0
2005-03-25 14:04:59,1571.25,0.0,1.0
2005-03-25 14:09:59,1571.75,0.0,-1.0
2005-03-25 14:15:00,1570.25,0.0,1.0
2005-03-25 14:19:59,1570.75,0.0,1.0
2005-03-25 14:24:59,1571.75,0.0,1.0
2005-03-25 14:29:59,1572.25,0.0,0.0
2005-03-25 14:34:59,1572.25,0.0,1.0
2005-03-25 14:40:00,1572.75,0.0,0.0
2005-03-25 14:44:59,1572.75,0.0,1.0
2005-03-25 14:49:59,1573.25,0.0,-1.0
2005-03-25 14:54:59,1572.75,0.0,-1.0
2005-03-25 15:00:00,1572.25,0.0,1.0
2005-03-25 15:04:59,1573.25,0.0,1.0
2005-03-25 15:09:59,1573.75,0.0,-1.0
2005-03-25 15:14:59,1573.25,0.0,-1.0
2005-03-25 15:19:59,1572.75,0.0,0.0
2005-03-25 15:25:00,1572.75,0.0,-1.0
2005-03-25 15:29:59,1570.25,0.0,1.0
2005-03-25 15:34:59,1570.75,0.0,-1.0
2005-03-25 15:39:59,1570.25,0.0,1.0
2005-03-25 15:45:00,1574.25,0.0,0.0
2005-03-25 15:49:59,1574.25,0.0,-1.0
2005-03-25 15:54:59,1571.25,0.0,-1.0
2005-03-25 15:59:59,1570.25,1.0,-1.0
2005-03-25 16:04:59,1569.75,1.0,-1.0
2005-03-25 16:10:00,1569.25,1.0,-1.0
2005-03-25 16:14:59,1568.75,1.0,1.0
2005-03-25 16:19:59,1569.25,1.0,1.0
2005-03-25 16:24:59,1570.75,1.0,-1.0
2005-03-25 16:30:00,1568.75,1.0,-1.0
2005-03-25 16:34:59,1566.25,1.0,-1.0
2005-03-25 16:39:59,1563.25,1.0,1.0
2005-03-25 16:44:59,1565.25,1.0,1.0
2005-03-25 16:49:59,1566.75,1.0,1.0
2005-03-25 16:55:00,1567.75,1.0,-1.0
2005-03-25 16:59:59,1566.75,1.0,-1.0
2005-03-25 17:04:59,1565.75,0.0,-1.0
2005-03-25 17:09:59,1564.25,1.0,-1.0
2005-03-25 17:15:00,1563.75,0.0,-1.0
2005-03-25 17:19:59,1559.75,1.0,-1.0
2005-03-25 17:24:59,1559.25,1.0,-1.0
2005-03-25 17:29:59,1557.25,-1.0,-1.0
2005-03-25 17:34:59,1555.75,-1.0,1.0
2005-03-25 17:40:00,1557.25,-1.0,1.0
2005-03-25 17:44:59,1557.75,-1.0,1.0
2005-03-25 17:49:59,1558.75,-1.0,1.0
2005-03-25 17:54:59,1560.25,-1.0,-1.0
2005-03-25 18:00:00,1558.75,-1.0,-1.0
2005-03-25 18:04:59,1555.25,-1.0,-1.0
2005-03-25 18:09:59,1553.75,1.0,-1.0
2005-03-25 18:14:59,1551.75,1.0,1.0
2005-03-25 18:19:59,1554.25,1.0,-1.0
2005-03-25 18:25:00,1553.75,1.0,-1.0
2005-03-25 18:29:59,1552.75,1.0,-1.0
2005-03-25 18:34:59,1552.25,1.0,1.0
2005-03-25 18:39:59,1554.25,1.0,1.0
2005-03-25 18:45:00,1556.25,1.0,-1.0
2005-03-25 18:49:59,1555.25,1.0,1.0
2005-03-25 18:54:59,1557.25,1.0,-1.0
2005-03-25 18:59:59,1555.75,1.0,1.0
2005-03-25 19:04:59,1557.75,1.0,-1.0
2005-03-25 19:10:00,1554.25,1.0,1.0
2005-03-25 19:14:59,1555.25,1.0,-1.0
2005-03-25 19:19:59,1554.75,1.0,0.0
2005-03-25 19:24:59,1554.75,1.0,1.0
2005-03-25 19:30:00,1556.25,1.0,1.0
2005-03-25 19:34:59,1556.75,1.0,1.0
2005-03-25 19:39:59,1561.25,1.0,1.0
2005-03-25 19:44:59,1561.75,1.0,1.0
2005-03-25 19:49:59,1562.25,1.0,-1.0
2005-03-25 19:55:00,1561.75,1.0,1.0
2005-03-25 19:59:59,1564.75,1.0,-1.0
2005-03-25 20:04:59,1563.25,1.0,0.0
2005-03-25 20:09:59,1563.25,1.0,-1.0
2005-03-25 20:15:00,1561.75,1.0,-1.0
2005-03-25 20:19:59,1561.25,1.0,1.0
2005-03-25 20:24:59,1563.25,1.0,1.0
2005-03-25 20:29:59,1564.75,1.0,1.0
2005-03-25 20:34:59,1566.25,-1.0,-1.0
2005-03-25 20:40:00,1564.25,1.0,1.0
2005-03-25 20:44:59,1566.75,1.0,-1.0
2005-03-25 20:49:59,1566.25,1.0,1.0
2005-03-25 20:54:59,1567.25,1.0,1.0
2005-03-25 21:00:00,1567.75,1.0,-1.0
2005-03-25 21:04:59,1565.25,1.0,-1.0
2005-03-25 21:09:59,1564.75,1.0,0.0
2005-03-25 21:14:59,1564.75,1.0,1.0
2005-03-25 21:19:59,1565.75,1.0,1.0
2005-03-25 21:25:00,1567.25,1.0,1.0
2005-03-25 21:29:59,1568.25,1.0,-1.0
2005-03-25 21:34:59,1565.25,1.0,-1.0
2005-03-25 21:39:59,1560.25,1.0,-1.0
2005-03-25 21:45:00,1559.25,1.0,-1.0
2005-03-25 21:49:59,1555.75,1.0,-1.0
2005-03-25 21:54:59,1553.75,1.0,-1.0
2005-03-25 21:59:59,1550.75,1.0,1.0
2005-03-25 22:04:59,1551.25,1.0,0.0
2005-03-25 22:10:00,1551.25,-1.0,0.0
2005-03-25 22:14:59,1551.25,1.0,0.0
2005-03-25 22:19:59,1551.25,1.0,0.0
2005-03-25 22:24:59,1551.25,0.0,-1.0
2005-03-25 22:30:00,1550.75,0.0,-1.0
2005-03-25 22:34:59,1549.75,0.0,1.0
2005-03-25 22:39:59,1550.25,0.0,-1.0
2005-03-25 22:44:59,1547.25,0.0,1.0
2005-03-25 22:49:59,1547.75,0.0,1.0
2005-03-25 22:55:00,1548.25,0.0,1.0
2005-03-25 22:59:59,1548.75,0.0,0.0
2005-03-25 23:04:59,1548.75,0.0,1.0
2005-03-25 23:09:59,1549.25,0.0,0.0
2005-03-25 23:15:00,1549.25,0.0,1.0
2005-03-25 23:19:59,1549.75,0.0,-1.0
2005-03-25 23:24:59,1549.25,0.0,0.0
2005-03-26 00:00:00,1549.25,0.0,0.0
2005-03-26 00:04:59,1549.25,0.0,0.0
2005-03-26 00:09:59,1549.25,0.0,0.0
2005-03-26 00:14:59,1549.25,0.0,-1.0
2005-03-26 00:19:59,1548.25,0.0,0.0
2005-03-26 00:25:00,1548.25,0.0,0.0
2005-03-26 00:29:59,1548.25,0.0,-1.0
2005-03-26 00:34:59,1547.75,-1.0,0.0
2005-03-26 00:39:59,1547.75,0.0,0.0
2005-03-26 00:45:00,1547.75,0.0,-1.0
2005-03-26 00:49:59,1547.25,0.0,1.0
2005-03-26 00:54:59,1547.75,0.0,1.0
2005-03-26 00:59:59,1548.25,0.0,0.0
2005-03-26 01:04:59,1548.25,0.0,0.0
2005-03-26 01:10:00,1548.25,0.0,0.0
2005-03-26 01:14:59,1548.25,0.0,0.0
2005-03-26 01:19:59,1548.25,0.0,1.0
2005-03-26 01:24:59,1548.75,0.0,0.0
2005-03-26 01:30:00,1548.75,0.0,0.0
2005-03-26 01:34:59,1548.75,0.0,0.0
2005-03-26 01:39:59,1548.75,0.0,1.0
2005-03-26 01:44:59,1549.25,1.0,0.0
2005-03-26 01:49:59,1549.25,1.0,-1.0
2005-03-26 01:55:00,1548.75,1.0,0.0
2005-03-26 01:59:59,1548.75,1.0,0.0
2005-03-26 02:04:59,1548.75,1.0,1.0
2005-03-26 02:09:59,1549.25,1.0,0.0
2005-03-26 02:15:00,1549.25,1.0,0.0
2005-03-26 02:19:59,1549.25,1.0,-1.0
2005-03-26 02:24:59,1548.75,1.0,1.0
2005-03-26 02:29:59,1549.25,1.0,0.0
2005-03-26 02:34:59,1549.25,1.0,0.0
2005-03-26 02:40:00,1549.25,1.0,-1.0
2005-03-26 02:44:59,1548.75,1.0,0.0
2005-03-26 02:49:59,1548.75,0.0,1.0
2005-03-26 02:54:59,1549.25,1.0,1.0
2005-03-26 03:00:00,1549.75,1.0,0.0
2005-03-26 03:04:59,1549.75,1.0,0.0
2005-03-26 03:09:59,1549.75,1.0,-1.0
2005-03-26 03:14:59,1549.25,1.0,0.0
2005-03-26 03:19:59,1549.25,1.0,1.0
2005-03-26 03:25:00,1549.75,1.0,0.0
2005-03-26 03:29:59,1549.75,0.0,1.0
2005-03-26 03:34:59,1550.25,0.0,0.0
2005-03-26 03:39:59,1550.25,0.0,0.0
2005-03-26 03:45:00,1550.25,-1.0,0.0
2005-03-26 03:49:59,1550.25,0.0,0.0
2005-03-26 03:54:59,1550.25,-1.0,0.0
2005-03-26 03:59:59,1550.25,0.0,1.0
2005-03-26 04:04:59,1550.75,1.0,-1.0
2005-03-26 04:10:00,1550.25,1.0,0.0
2005-03-26 04:14:59,1550.25,1.0,0.0
2005-03-26 04:19:59,1550.25,1.0,0.0
2005-03-26 04:24:59,1550.25,1.0,0.0
2005-03-26 04:30:00,1550.25,0.0,1.0
2005-03-26 04:34:59,1550.75,1.0,0.0
2005-03-26 04:39:59,1550.75,0.0,-1.0
2005-03-26 04:44:59,1550.25,0.0,-1.0
2005-03-26 04:49:59,1549.75,1.0,0.0
2005-03-26 04:55:00,1549.75,1.0,-1.0
2005-03-26 04:59:59,1549.25,1.0,1.0
2005-03-26 05:04:59,1550.25,1.0,0.0
2005-03-26 05:09:59,1550.25,1.0,0.0
2005-03-26 05:15:00,1550.25,0.0,0.0
2005-03-26 05:19:59,1550.25,0.0,0.0
2005-03-26 05:24:59,1550.25,0.0,0.0
2005-03-26 05:29:59,1550.25,0.0,0.0
2005-03-26 05:34:59,1550.25,0.0,1.0
2005-03-26 05:40:00,1550.75,0.0,0.0
2005-03-26 05:44:59,1550.75,0.0,-1.0
2005-03-26 05:49:59,1549.75,0.0,0.0
2005-03-26 05:54:59,1549.75,0.0,1.0
2005-03-26 06:00:00,1550.75,0.0,0.0
2005-03-26 06:04:59,1550.75,0.0,1.0
2005-03-26 06:09:59,1551.25,0.0,0.0
2005-03-26 06:14:59,1551.25,0.0,0.0
2005-03-26 06:19:59,1551.25,0.0,0.0
2005-03-26 06:25:00,1551.25,0.0,0.0
2005-03-26 06:29:59,1551.25,0.0,0.0
2005-03-26 06:34:59,1551.25,1.0,1.0
2005-03-26 06:39:59,1551.75,0.0,1.0
2005-03-26 06:45:00,1552.25,0.0,-1.0
2005-03-26 06:49:59,1551.75,-1.0,0.0
2005-03-26 06:54:59,1551.75,0.0,0.0
2005-03-26 06:59:59,1551.75,0.0,0.0
2005-03-26 07:04:59,1551.75,0.0,1.0
2005-03-26 07:10:00,1552.25,0.0,0.0
2005-03-26 07:14:59,1552.25,-1.0,-1.0
2005-03-26 07:19:59,1551.25,-1.0,1.0
2005-03-26 07:24:59,1551.75,-1.0,0.0
2005-03-26 07:30:00,1551.75,-1.0,0.0
2005-03-26 07:34:59,1551.75,-1.0,0.0
2005-03-26 07:39:59,1551.75,-1.0,1.0
2005-03-26 07:44:59,1552.75,-1.0,0.0
2005-03-26 07:49:59,1552.75,-1.0,0.0
2005-03-26 07:55:00,1552.75,0.0,0.0
2005-03-26 07:59:59,1552.75,0.0,1.0
2005-03-26 08:04:59,1553.25,-1.0,0.0
2005-03-26 08:09:59,1553.25,-1.0,0.0
2005-03-26 08:15:00,1553.25,0.0,1.0
2005-03-26 08:19:59,1554.25,0.0,-1.0
2005-03-26 08:24:59,1553.25,0.0,0.0
2005-03-26 08:29:59,1553.25,-1.0,0.0
2005-03-26 08:34:59,1553.25,-1.0,0.0
2005-03-26 08:40:00,1553.25,0.0,1.0
2005-03-26 08:44:59,1553.75,0.0,0.0
2005-03-26 08:49:59,1553.75,0.0,0.0
2005-03-26 08:54:59,1553.75,0.0,1.0
2005-03-26 09:00:00,1554.25,0.0,1.0
2005-03-26 09:04:59,1554.75,0.0,1.0
2005-03-26 09:09:59,1555.25,1.0,-1.0
2005-03-26 09:14:59,1554.75,1.0,1.0
2005-03-26 09:19:59,1555.25,1.0,1.0
2005-03-26 09:25:00,1556.25,1.0,1.0
2005-03-26 09:29:59,1557.75,1.0,0.0
2005-03-26 09:34:59,1557.75,1.0,-1.0
2005-03-26 09:39:59,1556.25,1.0,1.0
2005-03-26 09:45:00,1557.75,0.0,-1.0
2005-03-26 09:49:59,1556.25,1.0,0.0
2005-03-26 09:54:59,1556.25,1.0,-1.0
2005-03-26 09:59:59,1555.25,-1.0,-1.0
2005-03-26 10:04:59,1554.75,1.0,1.0
2005-03-26 10:10:00,1555.25,1.0,0.0
2005-03-26 10:14:59,1555.25,1.0,0.0
2005-03-26 10:19:59,1555.25,1.0,-1.0
2005-03-26 10:24:59,1554.25,1.0,1.0
2005-03-26 10:30:00,1554.75,1.0,1.0
2005-03-26 10:34:59,1556.75,1.0,-1.0
2005-03-26 10:39:59,1555.25,1.0,0.0
2005-03-26 10:44:59,1555.25,1.0,1.0
2005-03-26 10:49:59,1556.25,1.0,1.0
2005-03-26 10:55:00,1556.75,-1.0,-1.0
2005-03-26 10:59:59,1555.75,-1.0,1.0
2005-03-26 11:04:59,1556.25,-1.0,0.0
2005-03-26 11:09:59,1556.25,-1.0,-1.0
2005-03-26 11:15:00,1555.75,1.0,-1.0
2005-03-26 11:19:59,1555.25,1.0,1.0
2005-03-26 11:24:59,1555.75,1.0,-1.0
2005-03-26 11:29:59,1555.25,1.0,-1.0
2005-03-26 11:34:59,1553.25,1.0,0.0
2005-03-26 11:40:00,1553.25,1.0,-1.0
2005-03-26 11:44:59,1552.25,1.0,1.0
2005-03-26 11:49:59,1552.75,1.0,-1.0
2005-03-26 11:54:59,1552.25,1.0,-1.0
2005-03-26 12:00:00,1550.75,1.0,-1.0
2005-03-26 12:04:59,1550.25,1.0,-1.0
2005-03-26 12:09:59,1549.25,1.0,-1.0
2005-03-26 12:14:59,1548.25,1.0,-1.0
2005-03-26 12:19:59,1547.25,1.0,1.0
2005-03-26 12:25:00,1548.25,1.0,1.0
2005-03-26 12:29:59,1549.25,1.0,-1.0
2005-03-26 12:34:59,1547.75,1.0,1.0
2005-03-26 12:39:59,1549.75,1.0,-1.0
2005-03-26 12:45:00,1549.25,1.0,-1.0
2005-03-26 12:49:59,1546.75,1.0,1.0
2005-03-26 12:54:59,1547.25,1.0,-1.0
2005-03-26 12:59:59,1545.75,1.0,1.0
2005-03-26 13:04:59,1547.25,1.0,0.0
2005-03-26 13:10:00,1547.25,1.0,0.0
2005-03-26 13:14:59,1547.25,1.0,-1.0
2005-03-26 13:19:59,1546.25,1.0,1.0
2005-03-26 13:24:59,1547.75,1.0,-1.0
2005-03-26 13:30:00,1546.75,1.0,1.0
2005-03-26 13:34:59,1547.75,1.0,1.0
2005-03-26 13:39:59,1548.25,1.0,1.0
2005-03-26 13:44:59,1550.25,1.0,1.0
2005-03-26 13:49:59,1552.25,1.0,-1.0
2005-03-26 13:55:00,1551.75,1.0,1.0
2005-03-26 13:59:59,1552.75,1.0,1.0
2005-03-26 14:04:59,1553.25,1.0,1.0
2005-03-26 14:09:59,1553.75,1.0,-1.0
2005-03-26 14:15:00,1552.75,-1.0,0.0
2005-03-26 14:19:59,1552.75,1.0,-1.0
2005-03-26 14:24:59,1552.25,1.0,-1.0
2005-03-26 14:29:59,1551.25,-1.0,1.0
2005-03-26 14:34:59,1552.25,-1.0,-1.0
2005-03-26 14:40:00,1551.75,1.0,-1.0
2005-03-26 14:44:59,1551.25,-1.0,1.0
2005-03-26 14:49:59,1553.25,-1.0,0.0
2005-03-26 14:54:59,1553.25,-1.0,1.0
2005-03-26 15:00:00,1554.75,-1.0,1.0
2005-03-26 15:04:59,1555.75,-1.0,-1.0
2005-03-26 15:09:59,1554.25,-1.0,1.0
2005-03-26 15:14:59,1554.75,-1.0,1.0
2005-03-26 15:19:59,1555.25,-1.0,-1.0
2005-03-26 15:25:00,1554.25,-1.0,1.0
2005-03-26 15:29:59,1556.75,1.0,-1.0
2005-03-26 15:34:59,1554.25,-1.0,1.0
2005-03-26 15:39:59,1558.75,-1.0,1.0
2005-03-26 15:45:00,1559.25,1.0,-1.0
2005-03-26 15:49:59,1557.25,-1.0,1.0
2005-03-26 15:54:59,1558.75,-1.0,-1.0
2005-03-26 15:59:59,1556.25,1.0,1.0
2005-03-26 16:04:59,1556.75,-1.0,-1.0
2005-03-26 16:10:00,1552.25,-1.0,1.0
2005-03-26 16:14:59,1557.25,-1.0,1.0
2005-03-26 16:19:59,1558.75,-1.0,0.0
2005-03-26 16:24:59,1558.75,-1.0,0.0
2005-03-26 16:30:00,1558.75,-1.0,1.0
2005-03-26 16:34:59,1559.75,-1.0,-1.0
2005-03-26 16:39:59,1555.25,1.0,1.0
2005-03-26 16:44:59,1558.75,-1.0,-1.0
2005-03-26 16:49:59,1555.75,1.0,1.0
2005-03-26 16:55:00,1556.25,1.0,0.0
2005-03-26 16:59:59,1556.25,-1.0,-1.0
2005-03-26 17:04:59,1551.75,1.0,1.0
2005-03-26 17:09:59,1553.25,1.0,1.0
2005-03-26 17:15:00,1556.75,1.0,1.0
2005-03-26 17:19:59,1558.75,1.0,1.0
2005-03-26 17:24:59,1560.75,1.0,-1.0
2005-03-26 17:29:59,1560.25,-1.0,1.0
2005-03-26 17:34:59,1561.25,-1.0,-1.0
2005-03-26 17:40:00,1559.25,-1.0,1.0
2005-03-26 17:44:59,1559.75,-1.0,1.0
2005-03-26 17:49:59,1562.25,-1.0,1.0
2005-03-26 17:54:59,1564.25,-1.0,1.0
2005-03-26 18:00:00,1565.25,-1.0,1.0
2005-03-26 18:04:59,1566.25,-1.0,-1.0
2005-03-26 18:09:59,1565.75,1.0,-1.0
2005-03-26 18:14:59,1565.25,-1.0,1.0
2005-03-26 18:19:59,1565.75,1.0,1.0
2005-03-26 18:25:00,1570.25,-1.0,1.0
2005-03-26 18:29:59,1572.25,1.0,1.0
2005-03-26 18:34:59,1572.75,-1.0,-1.0
2005-03-26 18:39:59,1570.75,-1.0,0.0
2005-03-26 18:45:00,1570.75,-1.0,-1.0
2005-03-26 18:49:59,1570.25,-1.0,0.0
2005-03-26 18:54:59,1570.25,-1.0,-1.0
2005-03-26 18:59:59,1567.75,-1.0,0.0
2005-03-26 19:04:59,1567.75,-1.0,-1.0
2005-03-26 19:10:00,1566.25,-1.0,1.0
2005-03-26 19:14:59,1569.25,-1.0,0.0
2005-03-26 19:19:59,1569.25,-1.0,1.0
2005-03-26 19:24:59,1571.25,-1.0,-1.0
2005-03-26 19:30:00,1568.25,-1.0,-1.0
2005-03-26 19:34:59,1567.75,-1.0,1.0
2005-03-26 19:39:59,1568.25,-1.0,1.0
2005-03-26 19:44:59,1570.75,-1.0,1.0
2005-03-26 19:49:59,1571.75,-1.0,0.0
2005-03-26 19:55:00,1571.75,-1.0,-1.0
2005-03-26 19:59:59,1570.25,-1.0,0.0
2005-03-26 20:04:59,1570.25,-1.0,1.0
2005-03-26 20:09:59,1571.25,-1.0,-1.0
2005-03-26 20:15:00,1567.75,-1.0,1.0
2005-03-26 20:19:59,1570.25,-1.0,-1.0
2005-03-26 20:24:59,1568.75,-1.0,1.0
2005-03-26 20:29:59,1569.25,-1.0,-1.0
2005-03-26 20:34:59,1567.25,-1.0,1.0
2005-03-26 20:40:00,1567.75,-1.0,-1.0
2005-03-26 20:44:59,1567.25,-1.0,-1.0
2005-03-26 20:49:59,1565.75,-1.0,1.0
2005-03-26 20:54:59,1566.25,1.0,1.0
2005-03-26 21:00:00,1567.25,-1.0,-1.0
2005-03-26 21:04:59,1566.75,-1.0,-1.0
2005-03-26 21:09:59,1561.25,1.0,1.0
2005-03-26 21:14:59,1562.25,-1.0,1.0
2005-03-26 21:19:59,1562.75,1.0,0.0
2005-03-26 21:25:00,1562.75,1.0,-1.0
2005-03-26 21:29:59,1558.75,0.0,1.0
2005-03-26 21:34:59,1562.25,0.0,1.0
2005-03-26 21:39:59,1563.75,0.0,1.0
2005-03-26 21:45:00,1565.25,0.0,1.0
2005-03-26 21:49:59,1566.25,0.0,-1.0
2005-03-26 21:54:59,1565.25,0.0,-1.0
2005-03-26 21:59:59,1564.75,0.0,0.0
2005-03-26 22:04:59,1564.75,1.0,1.0
2005-03-26 22:10:00,1565.75,1.0,0.0
2005-03-26 22:14:59,1565.75,0.0,0.0
2005-03-26 22:19:59,1565.75,-1.0,0.0
2005-03-26 22:24:59,1565.75,0.0,0.0
2005-03-26 22:30:00,1565.75,0.0,0.0
2005-03-26 22:34:59,1565.75,0.0,0.0
2005-03-26 22:39:59,1565.75,-1.0,1.0
2005-03-26 22:44:59,1566.25,0.0,0.0
2005-03-26 22:49:59,1566.25,-1.0,1.0
2005-03-26 22:55:00,1566.75,-1.0,-1.0
2005-03-26 22:59:59,1563.25,-1.0,-1.0
2005-03-26 23:04:59,1562.75,1.0,1.0
2005-03-26 23:09:59,1563.25,0.0,0.0
2005-03-26 23:15:00,1563.25,0.0,0.0
2005-03-26 23:19:59,1563.25,0.0,1.0
2005-03-26 23:24:59,1563.75,0.0,1.0
2005-03-27 00:00:00,1564.25,0.0,-1.0
2005-03-27 00:04:59,1563.75,0.0,0.0
2005-03-27 00:09:59,1563.75,0.0,0.0
2005-03-27 00:14:59,1563.75,-1.0,0.0
2005-03-27 00:19:59,1563.75,0.0,-1.0
2005-03-27 00:25:00,1563.25,0.0,1.0
2005-03-27 00:29:59,1563.75,0.0,0.0
2005-03-27 00:34:59,1563.75,-1.0,0.0
2005-03-27 00:39:59,1563.75,0.0,0.0
2005-03-27 00:45:00,1563.75,-1.0,0.0
2005-03-27 00:49:59,1563.75,-1.0,0.0
2005-03-27 00:54:59,1563.75,0.0,0.0
2005-03-27 00:59:59,1563.75,0.0,-1.0
2005-03-27 01:04:59,1563.25,-1.0,1.0
2005-03-27 01:10:00,1563.75,0.0,1.0
2005-03-27 01:14:59,1564.25,1.0,0.0
2005-03-27 01:19:59,1564.25,1.0,0.0
2005-03-27 01:24:59,1564.25,1.0,1.0
2005-03-27 01:30:00,1564.75,0.0,0.0
2005-03-27 01:34:59,1564.75,0.0,0.0
2005-03-27 01:39:59,1564.75,0.0,1.0
2005-03-27 01:44:59,1565.25,0.0,-1.0
2005-03-27 01:49:59,1564.75,0.0,0.0
2005-03-27 01:55:00,1564.75,0.0,1.0
2005-03-27 01:59:59,1565.25,0.0,0.0
2005-03-27 02:04:59,1565.25,0.0,0.0
2005-03-27 02:09:59,1565.25,1.0,-1.0
2005-03-27 02:15:00,1564.75,1.0,0.0
2005-03-27 02:19:59,1564.75,0.0,1.0
2005-03-27 02:24:59,1565.25,1.0,-1.0
2005-03-27 02:29:59,1564.75,-1.0,1.0
2005-03-27 02:34:59,1565.25,1.0,0.0
2005-03-27 02:40:00,1565.25,1.0,0.0
2005-03-27 02:44:59,1565.25,1.0,0.0
2005-03-27 02:49:59,1565.25,0.0,0.0
2005-03-27 02:54:59,1565.25,0.0,0.0
2005-03-27 03:00:00,1565.25,1.0,0.0
2005-03-27 03:04:59,1565.25,1.0,0.0
2005-03-27 03:09:59,1565.25,1.0,1.0
2005-03-27 03:14:59,1565.75,1.0,1.0
2005-03-27 03:19:59,1566.25,1.0,-1.0
2005-03-27 03:25:00,1565.25,0.0,1.0
2005-03-27 03:29:59,1565.75,0.0,0.0
2005-03-27 03:34:59,1565.75,0.0,0.0
2005-03-27 03:39:59,1565.75,0.0,1.0
2005-03-27 03:45:00,1566.25,1.0,1.0
2005-03-27 03:49:59,1567.25,0.0,0.0
2005-03-27 03:54:59,1567.25,0.0,0.0
2005-03-27 03:59:59,1567.25,0.0,-1.0
2005-03-27 04:04:59,1566.75,0.0,1.0
2005-03-27 04:10:00,1567.75,0.0,-1.0
2005-03-27 04:14:59,1566.75,0.0,0.0
2005-03-27 04:19:59,1566.75,0.0,0.0
2005-03-27 04:24:59,1566.75,0.0,1.0
2005-03-27 04:30:00,1567.75,0.0,0.0
2005-03-27 04:34:59,1567.75,0.0,-1.0
2005-03-27 04:39:59,1567.25,0.0,-1.0
2005-03-27 04:44:59,1566.75,0.0,1.0
2005-03-27 04:49:59,1567.25,0.0,0.0
2005-03-27 04:55:00,1567.25,0.0,-1.0
2005-03-27 04:59:59,1566.75,0.0,0.0
2005-03-27 05:04:59,1566.75,0.0,1.0
2005-03-27 05:09:59,1567.25,0.0,0.0
2005-03-27 05:15:00,1567.25,0.0,0.0
2005-03-27 05:19:59,1567.25,0.0,0.0
2005-03-27 05:24:59,1567.25,0.0,0.0
2005-03-27 05:29:59,1567.25,0.0,-1.0
2005-03-27 05:34:59,1566.75,0.0,1.0
2005-03-27 05:40:00,1567.25,0.0,0.0
2005-03-27 05:44:59,1567.25,0.0,0.0
2005-03-27 05:49:59,1567.25,0.0,0.0
2005-03-27 05:54:59,1567.25,0.0,0.0
2005-03-27 06:00:00,1567.25,0.0,0.0
2005-03-27 06:04:59,1567.25,0.0,1.0
2005-03-27 06:09:59,1567.75,0.0,0.0
2005-03-27 06:14:59,1567.75,0.0,0.0
2005-03-27 06:19:59,1567.75,0.0,-1.0
2005-03-27 06:25:00,1567.25,0.0,0.0
2005-03-27 06:29:59,1567.25,0.0,0.0
2005-03-27 06:34:59,1567.25,0.0,0.0
2005-03-27 06:39:59,1567.25,0.0,0.0
2005-03-27 06:45:00,1567.25,0.0,1.0
2005-03-27 06:49:59,1568.75,0.0,1.0
2005-03-27 06:54:59,1569.25,0.0,-1.0
2005-03-27 06:59:59,1568.75,0.0,0.0
2005-03-27 07:04:59,1568.75,0.0,0.0
2005-03-27 07:10:00,1568.75,0.0,0.0
2005-03-27 07:14:59,1568.75,0.0,0.0
2005-03-27 07:19:59,1568.75,0.0,0.0
2005-03-27 07:24:59,1568.75,0.0,0.0
2005-03-27 07:30:00,1568.75,0.0,-1.0
2005-03-27 07:34:59,1568.25,-1.0,0.0
2005-03-27 07:39:59,1568.25,0.0,0.0
2005-03-27 07:44:59,1568.25,0.0,-1.0
2005-03-27 07:49:59,1567.75,0.0,-1.0
2005-03-27 07:55:00,1567.25,-1.0,0.0
2005-03-27 07:59:59,1567.25,0.0,1.0
2005-03-27 08:04:59,1568.25,0.0,-1.0
2005-03-27 08:09:59,1567.75,0.0,0.0
2005-03-27 08:15:00,1567.75,0.0,0.0
2005-03-27 08:19:59,1567.75,0.0,-1.0
2005-03-27 08:24:59,1567.25,0.0,1.0
2005-03-27 08:29:59,1567.75,0.0,0.0
2005-03-27 08:34:59,1567.75,0.0,0.0
2005-03-27 08:40:00,1567.75,0.0,0.0
2005-03-27 08:44:59,1567.75,-1.0,0.0
2005-03-27 08:49:59,1567.75,0.0,1.0
2005-03-27 08:54:59,1569.75,-1.0,1.0
2005-03-27 09:00:00,1571.25,0.0,-1.0
2005-03-27 09:04:59,1570.25,0.0,-1.0
2005-03-27 09:09:59,1569.25,0.0,-1.0
2005-03-27 09:14:59,1568.75,0.0,0.0
2005-03-27 09:19:59,1568.75,0.0,-1.0
2005-03-27 09:25:00,1567.25,0.0,0.0
2005-03-27 09:29:59,1567.25,0.0,0.0
2005-03-27 09:34:59,1567.25,0.0,1.0
2005-03-27 09:39:59,1568.25,0.0,1.0
2005-03-27 09:45:00,1568.75,0.0,1.0
2005-03-27 09:49:59,1569.25,0.0,1.0
2005-03-27 09:54:59,1569.75,0.0,1.0
2005-03-27 09:59:59,1571.75,0.0,1.0
2005-03-27 10:04:59,1572.75,0.0,-1.0
2005-03-27 10:10:00,1572.25,0.0,-1.0
2005-03-27 10:14:59,1570.75,0.0,1.0
2005-03-27 10:19:59,1572.75,0.0,1.0
2005-03-27 10:24:59,1574.25,0.0,-1.0
2005-03-27 10:30:00,1573.25,0.0,-1.0
2005-03-27 10:34:59,1572.75,0.0,1.0
2005-03-27 10:39:59,1573.25,0.0,1.0
2005-03-27 10:44:59,1573.75,0.0,1.0
2005-03-27 10:49:59,1574.25,0.0,-1.0
2005-03-27 10:55:00,1573.75,0.0,1.0
2005-03-27 10:59:59,1575.25,0.0,-1.0
2005-03-27 11:04:59,1574.25,0.0,-1.0
2005-03-27 11:09:59,1572.25,0.0,1.0
2005-03-27 11:15:00,1572.75,0.0,1.0
2005-03-27 11:19:59,1575.25,0.0,-1.0
2005-03-27 11:24:59,1574.75,0.0,0.0
2005-03-27 11:29:59,1574.75,0.0,-1.0
2005-03-27 11:34:59,1573.75,0.0,1.0
2005-03-27 11:40:00,1574.25,0.0,0.0
2005-03-27 11:44:59,1574.25,0.0,-1.0
2005-03-27 11:49:59,1573.75,-1.0,0.0
2005-03-27 11:54:59,1573.75,0.0,-1.0
2005-03-27 12:00:00,1572.75,0.0,-1.0
2005-03-27 12:04:59,1572.25,0.0,0.0
2005-03-27 12:09:59,1572.25,0.0,-1.0
2005-03-27 12:14:59,1571.25,0.0,1.0
2005-03-27 12:19:59,1571.75,0.0,0.0
2005-03-27 12:25:00,1571.75,0.0,1.0
2005-03-27 12:29:59,1572.75,0.0,0.0
2005-03-27 12:34:59,1572.75,0.0,1.0
2005-03-27 12:39:59,1573.25,0.0,-1.0
2005-03-27 12:45:00,1571.75,0.0,0.0
2005-03-27 12:49:59,1571.75,0.0,1.0
2005-03-27 12:54:59,1572.25,0.0,-1.0
2005-03-27 12:59:59,1570.75,0.0,-1.0
2005-03-27 13:04:59,1570.25,-1.0,1.0
2005-03-27 13:10:00,1572.25,0.0,1.0
2005-03-27 13:14:59,1572.75,1.0,1.0
2005-03-27 13:19:59,1573.25,0.0,-1.0
2005-03-27 13:24:59,1572.75,0.0,0.0
2005-03-27 13:30:00,1572.75,1.0,0.0
2005-03-27 13:34:59,1572.75,1.0,1.0
2005-03-27 13:39:59,1573.25,0.0,1.0
2005-03-27 13:44:59,1574.25,1.0,1.0
2005-03-27 13:49:59,1575.25,1.0,-1.0
2005-03-27 13:55:00,1574.25,-1.0,-1.0
2005-03-27 13:59:59,1573.75,-1.0,0.0
2005-03-27 14:04:59,1573.75,0.0,-1.0
2005-03-27 14:09:59,1573.25,0.0,0.0
2005-03-27 14:15:00,1573.25,0.0,0.0
2005-03-27 14:19:59,1573.25,0.0,1.0
2005-03-27 14:24:59,1574.75,0.0,0.0
2005-03-27 14:29:59,1574.75,0.0,-1.0
2005-03-27 14:34:59,1573.75,-1.0,-1.0
2005-03-27 14:40:00,1573.25,0.0,0.0
2005-03-27 14:44:59,1573.25,-1.0,1.0
2005-03-27 14:49:59,1573.75,-1.0,-1.0
2005-03-27 14:54:59,1573.25,0.0,0.0
2005-03-27 15:00:00,1573.25,0.0,1.0
2005-03-27 15:04:59,1573.75,1.0,0.0
2005-03-27 15:09:59,1573.75,1.0,1.0
2005-03-27 15:14:59,1575.75,1.0,1.0
2005-03-27 15:19:59,1576.25,1.0,-1.0
2005-03-27 15:25:00,1574.75,1.0,1.0
2005-03-27 15:29:59,1577.75,1.0,0.0
2005-03-27 15:34:59,1577.75,-1.0,1.0
2005-03-27 15:39:59,1578.25,1.0,1.0
2005-03-27 15:45:00,1578.75,1.0,1.0
2005-03-27 15:49:59,1580.75,-1.0,-1.0
2005-03-27 15:54:59,1579.75,-1.0,1.0
2005-03-27 15:59:59,1580.25,0.0,1.0
2005-03-27 16:04:59,1581.25,-1.0,1.0
2005-03-27 16:10:00,1582.75,0.0,-1.0
2005-03-27 16:14:59,1582.25,0.0,-1.0
2005-03-27 16:19:59,1580.25,0.0,1.0
2005-03-27 16:24:59,1582.75,0.0,-1.0
2005-03-27 16:30:00,1581.75,0.0,0.0
2005-03-27 16:34:59,1581.75,0.0,1.0
2005-03-27 16:39:59,1587.25,0.0,0.0
2005-03-27 16:44:59,1587.25,0.0,-1.0
2005-03-27 16:49:59,1586.75,0.0,1.0
2005-03-27 16:55:00,1587.25,0.0,-1.0
2005-03-27 16:59:59,1585.25,0.0,-1.0
2005-03-27 17:04:59,1584.75,0.0,1.0
2005-03-27 17:09:59,1586.25,0.0,-1.0
2005-03-27 17:15:00,1585.75,0.0,1.0
2005-03-27 17:19:59,1587.25,0.0,1.0
2005-03-27 17:24:59,1588.25,0.0,-1.0
2005-03-27 17:29:59,1587.75,0.0,1.0
2005-03-27 17:34:59,1589.25,0.0,-1.0
2005-03-27 17:40:00,1587.75,0.0,1.0
2005-03-27 17:44:59,1588.75,-1.0,0.0
2005-03-27 17:49:59,1588.75,0.0,0.0
2005-03-27 17:54:59,1588.75,0.0,1.0
2005-03-27 18:00:00,1591.25,-1.0,0.0
2005-03-27 18:04:59,1591.25,-1.0,-1.0
2005-03-27 18:09:59,1590.25,-1.0,0.0
2005-03-27 18:14:59,1590.25,-1.0,1.0
2005-03-27 18:19:59,1590.75,-1.0,1.0
2005-03-27 18:25:00,1594.25,1.0,1.0
2005-03-27 18:29:59,1595.25,-1.0,-1.0
2005-03-27 18:34:59,1593.75,-1.0,1.0
2005-03-27 18:39:59,1596.75,1.0,1.0
2005-03-27 18:45:00,1597.25,1.0,-1.0
2005-03-27 18:49:59,1596.25,1.0,-1.0
2005-03-27 18:54:59,1594.25,1.0,1.0
2005-03-27 18:59:59,1595.25,1.0,0.0
2005-03-27 19:04:59,1595.25,1.0,0.0
2005-03-27 19:10:00,1595.25,1.0,-1.0
2005-03-27 19:14:59,1594.25,-1.0,1.0
2005-03-27 19:19:59,1598.75,-1.0,0.0
2005-03-27 19:24:59,1598.75,1.0,-1.0
2005-03-27 19:30:00,1598.25,1.0,-1.0
2005-03-27 19:34:59,1596.75,1.0,0.0
2005-03-27 19:39:59,1596.75,1.0,1.0
2005-03-27 19:44:59,1598.25,1.0,0.0
2005-03-27 19:49:59,1598.25,-1.0,1.0
2005-03-27 19:55:00,1600.75,-1.0,-1.0
2005-03-27 19:59:59,1600.25,-1.0,-1.0
2005-03-27 20:04:59,1599.25,0.0,-1.0
2005-03-27 20:09:59,1598.75,-1.0,-1.0
2005-03-27 20:15:00,1598.25,-1.0,1.0
2005-03-27 20:19:59,1598.75,1.0,-1.0
2005-03-27 20:24:59,1598.25,1.0,-1.0
2005-03-27 20:29:59,1596.75,-1.0,1.0
2005-03-27 20:34:59,1597.75,1.0,1.0
2005-03-27 20:40:00,1598.25,1.0,1.0
2005-03-27 20:44:59,1600.25,1.0,-1.0
2005-03-27 20:49:59,1596.75,1.0,0.0
2005-03-27 20:54:59,1596.75,1.0,1.0
2005-03-27 21:00:00,1597.25,1.0,1.0
2005-03-27 21:04:59,1599.75,-1.0,1.0
2005-03-27 21:09:59,1602.75,1.0,1.0
2005-03-27 21:14:59,1603.25,1.0,1.0
2005-03-27 21:19:59,1603.75,1.0,1.0
2005-03-27 21:25:00,1605.25,-1.0,-1.0
2005-03-27 21:29:59,1604.25,1.0,1.0
2005-03-27 21:34:59,1605.75,-1.0,1.0
2005-03-27 21:39:59,1607.25,-1.0,-1.0
2005-03-27 21:45:00,1606.25,-1.0,-1.0
2005-03-27 21:49:59,1604.25,1.0,1.0
2005-03-27 21:54:59,1605.75,1.0,-1.0
2005-03-27 21:59:59,1605.25,1.0,0.0
2005-03-27 22:04:59,1605.25,1.0,-1.0
2005-03-27 22:10:00,1603.75,1.0,0.0
2005-03-27 22:14:59,1603.75,1.0,0.0
2005-03-27 22:19:59,1603.75,1.0,0.0
2005-03-27 22:24:59,1603.75,1.0,1.0
2005-03-27 22:30:00,1604.25,1.0,0.0
2005-03-27 22:34:59,1604.25,1.0,0.0
2005-03-27 22:39:59,1604.25,0.0,1.0
2005-03-27 22:44:59,1604.75,0.0,1.0
2005-03-27 22:49:59,1605.25,0.0,0.0
2005-03-27 22:55:00,1605.25,0.0,-1.0
2005-03-27 22:59:59,1604.75,0.0,0.0
2005-03-27 23:04:59,1604.75,0.0,1.0
2005-03-27 23:09:59,1605.25,1.0,0.0
2005-03-27 23:15:00,1605.25,0.0,1.0
2005-03-27 23:19:59,1605.75,0.0,0.0
2005-03-27 23:24:59,1605.75,0.0,-1.0
2005-03-28 00:00:00,1604.75,0.0,0.0
2005-03-28 00:04:59,1604.75,0.0,0.0
2005-03-28 00:09:59,1604.75,0.0,0.0
2005-03-28 00:14:59,1604.75,0.0,0.0
2005-03-28 00:19:59,1604.75,0.0,0.0
2005-03-28 00:25:00,1604.75,0.0,1.0
2005-03-28 00:29:59,1605.25,0.0,-1.0
2005-03-28 00:34:59,1604.75,0.0,0.0
2005-03-28 00:39:59,1604.75,0.0,1.0
2005-03-28 00:45:00,1605.25,0.0,0.0
2005-03-28 00:49:59,1605.25,0.0,0.0
2005-03-28 00:54:59,1605.25,0.0,0.0
2005-03-28 00:59:59,1605.25,0.0,1.0
2005-03-28 01:04:59,1605.75,0.0,0.0
2005-03-28 01:10:00,1605.75,0.0,0.0
2005-03-28 01:14:59,1605.75,0.0,1.0
2005-03-28 01:19:59,1606.25,0.0,1.0
2005-03-28 01:24:59,1606.75,0.0,-1.0
2005-03-28 01:30:00,1606.25,0.0,0.0
2005-03-28 01:34:59,1606.25,0.0,0.0
2005-03-28 01:39:59,1606.25,0.0,-1.0
2005-03-28 01:44:59,1605.75,0.0,-1.0
2005-03-28 01:49:59,1605.25,0.0,0.0
2005-03-28 01:55:00,1605.25,0.0,1.0
2005-03-28 01:59:59,1606.25,0.0,-1.0
2005-03-28 02:04:59,1605.75,0.0,0.0
2005-03-28 02:09:59,1605.75,0.0,0.0
2005-03-28 02:15:00,1605.75,0.0,0.0
2005-03-28 02:19:59,1605.75,0.0,0.0
2005-03-28 02:24:59,1605.75,0.0,0.0
2005-03-28 02:29:59,1605.75,0.0,1.0
2005-03-28 02:34:59,1606.25,0.0,-1.0
2005-03-28 02:40:00,1605.25,0.0,1.0
2005-03-28 02:44:59,1605.75,0.0,0.0
2005-03-28 02:49:59,1605.75,0.0,0.0
2005-03-28 02:54:59,1605.75,0.0,0.0
2005-03-28 03:00:00,1605.75,0.0,0.0
2005-03-28 03:04:59,1605.75,0.0,0.0
2005-03-28 03:09:59,1605.75,0.0,0.0
2005-03-28 03:14:59,1605.75,0.0,-1.0
2005-03-28 03:19:59,1605.25,0.0,0.0
2005-03-28 03:25:00,1605.25,0.0,0.0
2005-03-28 03:29:59,1605.25,0.0,1.0
2005-03-28 03:34:59,1605.75,0.0,0.0
2005-03-28 03:39:59,1605.75,0.0,0.0
2005-03-28 03:45:00,1605.75,-1.0,0.0
2005-03-28 03:49:59,1605.75,0.0,-1.0
2005-03-28 03:54:59,1605.25,-1.0,0.0
2005-03-28 03:59:59,1605.25,0.0,0.0
2005-03-28 04:04:59,1605.25,0.0,0.0
2005-03-28 04:10:00,1605.25,0.0,0.0
2005-03-28 04:14:59,1605.25,0.0,0.0
2005-03-28 04:19:59,1605.25,0.0,0.0
2005-03-28 04:24:59,1605.25,0.0,0.0
2005-03-28 04:30:00,1605.25,0.0,0.0
2005-03-28 04:34:59,1605.25,0.0,0.0
2005-03-28 04:39:59,1605.25,0.0,0.0
2005-03-28 04:44:59,1605.25,0.0,0.0
2005-03-28 04:49:59,1605.25,0.0,0.0
2005-03-28 04:55:00,1605.25,0.0,0.0
2005-03-28 04:59:59,1605.25,0.0,-1.0
2005-03-28 05:04:59,1604.75,0.0,0.0
2005-03-28 05:09:59,1604.75,0.0,1.0
2005-03-28 05:15:00,1605.25,0.0,0.0
2005-03-28 05:19:59,1605.25,0.0,-1.0
2005-03-28 05:24:59,1604.75,0.0,0.0
2005-03-28 05:29:59,1604.75,0.0,0.0
2005-03-28 05:34:59,1604.75,0.0,0.0
2005-03-28 05:40:00,1604.75,0.0,0.0
2005-03-28 05:44:59,1604.75,0.0,0.0
2005-03-28 05:49:59,1604.75,0.0,0.0
2005-03-28 05:54:59,1604.75,0.0,0.0
2005-03-28 06:00:00,1604.75,1.0,0.0
2005-03-28 06:04:59,1604.75,0.0,0.0
2005-03-28 06:09:59,1604.75,0.0,0.0
2005-03-28 06:14:59,1604.75,0.0,0.0
2005-03-28 06:19:59,1604.75,0.0,0.0
2005-03-28 06:25:00,1604.75,0.0,0.0
2005-03-28 06:29:59,1604.75,0.0,0.0
2005-03-28 06:34:59,1604.75,1.0,0.0
2005-03-28 06:39:59,1604.75,1.0,1.0
2005-03-28 06:45:00,1605.25,0.0,0.0
2005-03-28 06:49:59,1605.25,-1.0,0.0
2005-03-28 06:54:59,1605.25,-1.0,0.0
2005-03-28 06:59:59,1605.25,0.0,0.0
2005-03-28 07:04:59,1605.25,-1.0,0.0
2005-03-28 07:10:00,1605.25,-1.0,1.0
2005-03-28 07:14:59,1605.75,-1.0,0.0
2005-03-28 07:19:59,1605.75,0.0,0.0
2005-03-28 07:24:59,1605.75,0.0,0.0
2005-03-28 07:30:00,1605.75,0.0,1.0
2005-03-28 07:34:59,1606.25,0.0,0.0
2005-03-28 07:39:59,1606.25,0.0,0.0
2005-03-28 07:44:59,1606.25,1.0,0.0
2005-03-28 07:49:59,1606.25,1.0,-1.0
2005-03-28 07:55:00,1605.75,1.0,0.0
2005-03-28 07:59:59,1605.75,0.0,1.0
2005-03-28 08:04:59,1606.75,1.0,0.0
2005-03-28 08:09:59,1606.75,0.0,-1.0
2005-03-28 08:15:00,1606.25,0.0,0.0
2005-03-28 08:19:59,1606.25,0.0,-1.0
2005-03-28 08:24:59,1605.75,1.0,0.0
2005-03-28 08:29:59,1605.75,1.0,-1.0
2005-03-28 08:34:59,1605.25,1.0,-1.0
2005-03-28 08:40:00,1604.75,1.0,1.0
2005-03-28 08:44:59,1605.25,0.0,-1.0
2005-03-28 08:49:59,1604.25,1.0,1.0
2005-03-28 08:54:59,1605.25,0.0,0.0
2005-03-28 09:00:00,1605.25,0.0,-1.0
2005-03-28 09:04:59,1604.25,0.0,-1.0
2005-03-28 09:09:59,1603.75,0.0,-1.0
2005-03-28 09:14:59,1603.25,1.0,0.0
2005-03-28 09:19:59,1603.25,1.0,1.0
2005-03-28 09:25:00,1603.75,0.0,-1.0
2005-03-28 09:29:59,1602.75,0.0,0.0
2005-03-28 09:34:59,1602.75,0.0,0.0
2005-03-28 09:39:59,1602.75,-1.0,0.0
2005-03-28 09:45:00,1602.75,1.0,-1.0
2005-03-28 09:49:59,1602.25,1.0,0.0
2005-03-28 09:54:59,1602.25,1.0,1.0
2005-03-28 09:59:59,1603.25,-1.0,-1.0
2005-03-28 10:04:59,1601.75,-1.0,0.0
2005-03-28 10:10:00,1601.75,1.0,0.0
2005-03-28 10:14:59,1601.75,1.0,-1.0
2005-03-28 10:19:59,1600.75,1.0,1.0
2005-03-28 10:24:59,1602.25,1.0,0.0
2005-03-28 10:30:00,1602.25,1.0,0.0
2005-03-28 10:34:59,1602.25,0.0,1.0
2005-03-28 10:39:59,1603.25,1.0,0.0
2005-03-28 10:44:59,1603.25,1.0,-1.0
2005-03-28 10:49:59,1602.75,-1.0,-1.0
2005-03-28 10:55:00,1602.25,1.0,-1.0
2005-03-28 10:59:59,1601.75,1.0,-1.0
2005-03-28 11:04:59,1600.75,1.0,-1.0
2005-03-28 11:09:59,1599.75,1.0,1.0
2005-03-28 11:15:00,1600.25,1.0,-1.0
2005-03-28 11:19:59,1599.75,0.0,1.0
2005-03-28 11:24:59,1600.25,1.0,0.0
2005-03-28 11:29:59,1600.25,-1.0,1.0
2005-03-28 11:34:59,1600.75,0.0,1.0
2005-03-28 11:40:00,1602.25,1.0,-1.0
2005-03-28 11:44:59,1600.75,1.0,1.0
2005-03-28 11:49:59,1601.25,1.0,0.0
2005-03-28 11:54:59,1601.25,-1.0,0.0
2005-03-28 12:00:00,1601.25,1.0,0.0
2005-03-28 12:04:59,1601.25,1.0,1.0
2005-03-28 12:09:59,1601.75,1.0,0.0
2005-03-28 12:14:59,1601.75,1.0,1.0
2005-03-28 12:19:59,1602.75,1.0,-1.0
2005-03-28 12:25:00,1602.25,1.0,1.0
2005-03-28 12:29:59,1602.75,1.0,-1.0
2005-03-28 12:34:59,1602.25,1.0,1.0
2005-03-28 12:39:59,1602.75,1.0,0.0
2005-03-28 12:45:00,1602.75,1.0,0.0
2005-03-28 12:49:59,1602.75,-1.0,1.0
2005-03-28 12:54:59,1603.25,1.0,-1.0
2005-03-28 12:59:59,1602.75,0.0,0.0
2005-03-28 13:04:59,1602.75,1.0,0.0
2005-03-28 13:10:00,1602.75,1.0,-1.0
2005-03-28 13:14:59,1602.25,-1.0,0.0
2005-03-28 13:19:59,1602.25,-1.0,0.0
2005-03-28 13:24:59,1602.25,1.0,1.0
2005-03-28 13:30:00,1603.75,1.0,-1.0
2005-03-28 13:34:59,1603.25,1.0,1.0
2005-03-28 13:39:59,1603.75,0.0,1.0
2005-03-28 13:44:59,1604.25,1.0,0.0
2005-03-28 13:49:59,1604.25,-1.0,0.0
2005-03-28 13:55:00,1604.25,-1.0,1.0
2005-03-28 13:59:59,1605.25,1.0,-1.0
2005-03-28 14:04:59,1604.75,-1.0,1.0
2005-03-28 14:09:59,1605.25,1.0,0.0
2005-03-28 14:15:00,1605.25,1.0,1.0
2005-03-28 14:19:59,1605.75,-1.0,-1.0
2005-03-28 14:24:59,1605.25,-1.0,-1.0
2005-03-28 14:29:59,1604.75,-1.0,1.0
2005-03-28 14:34:59,1605.75,-1.0,1.0
2005-03-28 14:40:00,1606.25,-1.0,-1.0
2005-03-28 14:44:59,1605.25,-1.0,-1.0
2005-03-28 14:49:59,1604.25,0.0,-1.0
2005-03-28 14:54:59,1603.75,0.0,-1.0
2005-03-28 15:00:00,1602.75,0.0,0.0
2005-03-28 15:04:59,1602.75,0.0,-1.0
2005-03-28 15:09:59,1602.25,0.0,-1.0
2005-03-28 15:14:59,1601.25,0.0,0.0
2005-03-28 15:19:59,1601.25,0.0,-1.0
2005-03-28 15:25:00,1600.75,0.0,-1.0
2005-03-28 15:29:59,1600.25,1.0,0.0
2005-03-28 15:34:59,1600.25,-1.0,1.0
2005-03-28 15:39:59,1601.75,1.0,1.0
2005-03-28 15:45:00,1605.75,-1.0,1.0
2005-03-28 15:49:59,1608.75,-1.0,-1.0
2005-03-28 15:54:59,1607.75,-1.0,1.0
2005-03-28 15:59:59,1609.75,0.0,-1.0
2005-03-28 16:04:59,1608.75,0.0,-1.0
2005-03-28 16:10:00,1605.25,0.0,-1.0
2005-03-28 16:14:59,1603.75,0.0,0.0
2005-03-28 16:19:59,1603.75,0.0,1.0
2005-03-28 16:24:59,1606.25,0.0,-1.0
2005-03-28 16:30:00,1603.75,0.0,-1.0
2005-03-28 16:34:59,1600.25,0.0,1.0
2005-03-28 16:39:59,1601.75,0.0,1.0
2005-03-28 16:44:59,1603.75,0.0,-1.0
2005-03-28 16:49:59,1602.75,0.0,1.0
2005-03-28 16:55:00,1603.75,0.0,1.0
2005-03-28 16:59:59,1605.25,0.0,1.0
2005-03-28 17:04:59,1605.75,-1.0,0.0
2005-03-28 17:09:59,1605.75,0.0,1.0
2005-03-28 17:15:00,1606.75,0.0,1.0
2005-03-28 17:19:59,1607.25,1.0,0.0
2005-03-28 17:24:59,1607.25,0.0,1.0
2005-03-28 17:29:59,1609.25,-1.0,1.0
2005-03-28 17:34:59,1609.75,-1.0,0.0
2005-03-28 17:40:00,1609.75,-1.0,-1.0
2005-03-28 17:44:59,1609.25,0.0,-1.0
2005-03-28 17:49:59,1608.75,0.0,-1.0
2005-03-28 17:54:59,1607.25,0.0,1.0
2005-03-28 18:00:00,1607.75,0.0,0.0
2005-03-28 18:04:59,1607.75,0.0,-1.0
2005-03-28 18:09:59,1606.75,-1.0,1.0
2005-03-28 18:14:59,1607.25,-1.0,-1.0
2005-03-28 18:19:59,1605.75,1.0,1.0
2005-03-28 18:25:00,1606.25,-1.0,1.0
2005-03-28 18:29:59,1606.75,0.0,1.0
2005-03-28 18:34:59,1607.25,0.0,1.0
2005-03-28 18:39:59,1608.25,0.0,-1.0
2005-03-28 18:45:00,1606.75,1.0,-1.0
2005-03-28 18:49:59,1605.25,1.0,1.0
2005-03-28 18:54:59,1607.25,0.0,0.0
2005-03-28 18:59:59,1607.25,0.0,0.0
2005-03-28 19:04:59,1607.25,0.0,1.0
2005-03-28 19:10:00,1608.75,0.0,-1.0
2005-03-28 19:14:59,1607.75,1.0,0.0
2005-03-28 19:19:59,1607.75,1.0,-1.0
2005-03-28 19:24:59,1607.25,0.0,-1.0
2005-03-28 19:30:00,1606.25,0.0,0.0
2005-03-28 19:34:59,1606.25,0.0,-1.0
2005-03-28 19:39:59,1604.75,1.0,1.0
2005-03-28 19:44:59,1606.25,0.0,0.0
2005-03-28 19:49:59,1606.25,0.0,-1.0
2005-03-28 19:55:00,1604.75,0.0,1.0
2005-03-28 19:59:59,1606.75,0.0,-1.0
2005-03-28 20:04:59,1605.75,0.0,1.0
2005-03-28 20:09:59,1607.75,-1.0,0.0
2005-03-28 20:15:00,1607.75,0.0,-1.0
2005-03-28 20:19:59,1607.25,0.0,0.0
2005-03-28 20:24:59,1607.25,-1.0,1.0
2005-03-28 20:29:59,1607.75,0.0,1.0
2005-03-28 20:34:59,1608.25,0.0,-1.0
2005-03-28 20:40:00,1607.75,0.0,1.0
2005-03-28 20:44:59,1608.75,-1.0,0.0
2005-03-28 20:49:59,1608.75,0.0,-1.0
2005-03-28 20:54:59,1608.25,0.0,1.0
2005-03-28 21:00:00,1609.25,0.0,1.0
2005-03-28 21:04:59,1610.25,1.0,1.0
2005-03-28 21:09:59,1611.25,1.0,-1.0
2005-03-28 21:14:59,1609.75,1.0,0.0
2005-03-28 21:19:59,1609.75,1.0,-1.0
2005-03-28 21:25:00,1607.75,0.0,-1.0
2005-03-28 21:29:59,1607.25,0.0,-1.0
2005-03-28 21:34:59,1605.75,0.0,-1.0
2005-03-28 21:39:59,1604.25,0.0,1.0
2005-03-28 21:45:00,1604.75,0.0,-1.0
2005-03-28 21:49:59,1602.25,0.0,-1.0
2005-03-28 21:54:59,1599.75,0.0,-1.0
2005-03-28 21:59:59,1599.25,1.0,-1.0
2005-03-28 22:04:59,1598.75,-1.0,1.0
2005-03-28 22:10:00,1599.25,1.0,1.0
2005-03-31 01:30:00,1601.75,1.0,1.0
2005-03-31 01:34:59,1602.25,1.0,0.0
2005-03-31 01:39:59,1602.25,1.0,0.0
2005-03-31 01:44:59,1602.25,1.0,0.0
2005-03-31 01:49:59,1602.25,-1.0,0.0
2005-03-31 01:55:00,1602.25,1.0,-1.0
2005-03-31 01:59:59,1600.75,-1.0,1.0
2005-03-31 02:04:59,1601.25,1.0,1.0
2005-03-31 02:09:59,1601.75,-1.0,1.0
2005-03-31 02:15:00,1602.25,1.0,0.0
2005-03-31 02:19:59,1602.25,1.0,1.0
2005-03-31 02:24:59,1602.75,1.0,1.0
2005-03-31 02:29:59,1603.25,1.0,0.0
2005-03-31 02:34:59,1603.25,1.0,1.0
2005-03-31 02:40:00,1603.75,1.0,0.0
2005-03-31 02:44:59,1603.75,1.0,0.0
2005-03-31 02:49:59,1603.75,1.0,0.0
2005-03-31 02:54:59,1603.75,1.0,0.0
2005-03-31 03:00:00,1603.75,1.0,0.0
2005-03-31 03:04:59,1603.75,1.0,1.0
2005-03-31 03:09:59,1604.25,1.0,0.0
2005-03-31 03:14:59,1604.25,1.0,0.0
2005-03-31 03:19:59,1604.25,-1.0,0.0
2005-03-31 03:25:00,1604.25,-1.0,0.0
2005-03-31 03:29:59,1604.25,-1.0,-1.0
2005-03-31 03:34:59,1603.75,-1.0,0.0
2005-03-31 03:39:59,1603.75,-1.0,1.0
2005-03-31 03:45:00,1604.75,-1.0,0.0
2005-03-31 03:49:59,1604.75,1.0,1.0
2005-03-31 03:54:59,1605.25,-1.0,-1.0
2005-03-31 03:59:59,1604.75,-1.0,0.0
2005-03-31 04:04:59,1604.75,-1.0,1.0
2005-03-31 04:10:00,1605.25,-1.0,0.0
2005-03-31 04:14:59,1605.25,-1.0,0.0
2005-03-31 04:19:59,1605.25,-1.0,0.0
2005-03-31 04:24:59,1605.25,-1.0,-1.0
2005-03-31 04:30:00,1604.75,-1.0,0.0
2005-03-31 04:34:59,1604.75,-1.0,0.0
2005-03-31 04:39:59,1604.75,-1.0,1.0
2005-03-31 04:44:59,1605.25,-1.0,0.0
2005-03-31 04:49:59,1605.25,-1.0,0.0
2005-03-31 04:55:00,1605.25,-1.0,0.0
2005-03-31 04:59:59,1605.25,-1.0,0.0
2005-03-31 05:04:59,1605.25,-1.0,0.0
2005-03-31 05:09:59,1605.25,-1.0,0.0
2005-03-31 05:15:00,1605.25,-1.0,-1.0
2005-03-31 05:19:59,1604.75,0.0,0.0
2005-03-31 05:24:59,1604.75,-1.0,0.0
2005-03-31 05:29:59,1604.75,-1.0,0.0
2005-03-31 05:34:59,1604.75,-1.0,0.0
2005-03-31 05:40:00,1604.75,-1.0,0.0
2005-03-31 05:44:59,1604.75,-1.0,0.0
2005-03-31 05:49:59,1604.75,-1.0,0.0
2005-03-31 05:54:59,1604.75,-1.0,0.0
2005-03-31 06:00:00,1604.75,0.0,0.0
2005-03-31 06:04:59,1604.75,1.0,1.0
2005-03-31 06:09:59,1605.25,-1.0,-1.0
2005-03-31 06:14:59,1604.75,-1.0,0.0
2005-03-31 06:19:59,1604.75,1.0,1.0
2005-03-31 06:25:00,1605.25,-1.0,-1.0
2005-03-31 06:29:59,1604.25,-1.0,0.0
2005-03-31 06:34:59,1604.25,1.0,0.0
2005-03-31 06:39:59,1604.25,1.0,0.0
2005-03-31 06:45:00,1604.25,0.0,0.0
2005-03-31 06:49:59,1604.25,1.0,1.0
2005-03-31 06:54:59,1604.75,1.0,0.0
2005-03-31 06:59:59,1604.75,0.0,-1.0
2005-03-31 07:04:59,1604.25,1.0,0.0
2005-03-31 07:10:00,1604.25,1.0,0.0
2005-03-31 07:14:59,1604.25,1.0,-1.0
2005-03-31 07:19:59,1603.75,0.0,1.0
2005-03-31 07:24:59,1604.25,1.0,-1.0
2005-03-31 07:30:00,1603.25,0.0,1.0
2005-03-31 07:34:59,1603.75,0.0,-1.0
2005-03-31 07:39:59,1603.25,0.0,1.0
2005-03-31 07:44:59,1603.75,-1.0,0.0
2005-03-31 07:49:59,1603.75,-1.0,0.0
2005-03-31 07:55:00,1603.75,-1.0,0.0
2005-03-31 07:59:59,1603.75,0.0,0.0
2005-03-31 08:04:59,1603.75,0.0,1.0
2005-03-31 08:09:59,1604.25,0.0,-1.0
2005-03-31 08:15:00,1603.75,0.0,0.0
2005-03-31 08:19:59,1603.75,0.0,0.0
2005-03-31 08:24:59,1603.75,0.0,0.0
2005-03-31 08:29:59,1603.75,0.0,1.0
2005-03-31 08:34:59,1604.75,0.0,0.0
2005-03-31 08:40:00,1604.75,0.0,0.0
2005-03-31 08:44:59,1604.75,0.0,0.0
2005-03-31 08:49:59,1604.75,0.0,1.0
2005-03-31 08:54:59,1605.25,0.0,1.0
2005-03-31 09:00:00,1606.25,0.0,-1.0
2005-03-31 09:04:59,1605.25,1.0,0.0
2005-03-31 09:09:59,1605.25,1.0,0.0
2005-03-31 09:14:59,1605.25,1.0,-1.0
2005-03-31 09:19:59,1604.75,0.0,-1.0
2005-03-31 09:25:00,1604.25,-1.0,1.0
2005-03-31 09:29:59,1605.25,-1.0,1.0
2005-03-31 09:34:59,1605.75,0.0,0.0
2005-03-31 09:39:59,1605.75,0.0,-1.0
2005-03-31 09:45:00,1604.75,0.0,1.0
2005-03-31 09:49:59,1605.25,0.0,-1.0
2005-03-31 09:54:59,1603.75,1.0,1.0
2005-03-31 09:59:59,1604.75,1.0,-1.0
2005-03-31 10:04:59,1603.75,0.0,0.0
2005-03-31 10:10:00,1603.75,1.0,1.0
2005-03-31 10:14:59,1604.75,1.0,-1.0
2005-03-31 10:19:59,1603.75,0.0,-1.0
2005-03-31 10:24:59,1603.25,0.0,0.0
2005-03-31 10:30:00,1603.25,0.0,1.0
2005-03-31 10:34:59,1603.75,0.0,-1.0
2005-03-31 10:39:59,1602.75,0.0,0.0
2005-03-31 10:44:59,1602.75,0.0,1.0
2005-03-31 10:49:59,1603.75,0.0,-1.0
2005-03-31 10:55:00,1602.75,0.0,0.0
2005-03-31 10:59:59,1602.75,-1.0,1.0
2005-03-31 11:04:59,1603.75,-1.0,-1.0
2005-03-31 11:09:59,1603.25,-1.0,1.0
2005-03-31 11:15:00,1603.75,-1.0,0.0
2005-03-31 11:19:59,1603.75,-1.0,1.0
2005-03-31 11:24:59,1604.75,-1.0,-1.0
2005-03-31 11:29:59,1604.25,1.0,1.0
2005-03-31 11:34:59,1604.75,-1.0,0.0
2005-03-31 11:40:00,1604.75,-1.0,0.0
2005-03-31 11:44:59,1604.75,-1.0,1.0
2005-03-31 11:49:59,1605.25,1.0,1.0
2005-03-31 11:54:59,1606.25,-1.0,0.0
2005-03-31 12:00:00,1606.25,-1.0,0.0
2005-03-31 12:04:59,1606.25,-1.0,0.0
2005-03-31 12:09:59,1606.25,-1.0,0.0
2005-03-31 12:14:59,1606.25,-1.0,1.0
2005-03-31 12:19:59,1606.75,-1.0,-1.0
2005-03-31 12:25:00,1606.25,-1.0,0.0
2005-03-31 12:29:59,1606.25,1.0,-1.0
2005-03-31 12:34:59,1605.75,1.0,0.0
2005-03-31 12:39:59,1605.75,1.0,1.0
2005-03-31 12:45:00,1606.25,1.0,1.0
2005-03-31 12:49:59,1607.25,-1.0,0.0
2005-03-31 12:54:59,1607.25,1.0,-1.0
2005-03-31 12:59:59,1606.75,1.0,0.0
2005-03-31 13:04:59,1606.75,-1.0,1.0
2005-03-31 13:10:00,1608.25,1.0,0.0
2005-03-31 13:14:59,1608.25,1.0,0.0
2005-03-31 13:19:59,1608.25,1.0,0.0
2005-03-31 13:24:59,1608.25,1.0,-1.0
2005-03-31 13:30:00,1606.75,1.0,-1.0
2005-03-31 13:34:59,1605.75,1.0,0.0
2005-03-31 13:39:59,1605.75,0.0,1.0
2005-03-31 13:44:59,1607.25,1.0,1.0
2005-03-31 13:49:59,1607.75,1.0,1.0
2005-03-31 13:55:00,1608.25,0.0,-1.0
2005-03-31 13:59:59,1607.25,0.0,0.0
2005-03-31 14:04:59,1607.25,0.0,0.0
2005-03-31 14:09:59,1607.25,1.0,1.0
2005-03-31 14:15:00,1607.75,0.0,1.0
2005-03-31 14:19:59,1608.25,0.0,0.0
2005-03-31 14:24:59,1608.25,0.0,1.0
2005-03-31 14:29:59,1608.75,0.0,-1.0
2005-03-31 14:34:59,1608.25,0.0,1.0
2005-03-31 14:40:00,1609.25,0.0,1.0
2005-03-31 14:44:59,1609.75,0.0,1.0
2005-03-31 14:49:59,1610.25,0.0,0.0
2005-03-31 14:54:59,1610.25,-1.0,1.0
2005-03-31 15:00:00,1610.75,-1.0,0.0
2005-03-31 15:04:59,1610.75,-1.0,1.0
2005-03-31 15:09:59,1611.25,-1.0,-1.0
2005-03-31 15:14:59,1609.75,-1.0,0.0
2005-03-31 15:19:59,1609.75,-1.0,1.0
2005-03-31 15:25:00,1610.25,1.0,-1.0
2005-03-31 15:29:59,1609.25,1.0,0.0
2005-03-31 15:34:59,1609.25,0.0,0.0
2005-03-31 15:39:59,1609.25,0.0,0.0
2005-03-31 15:45:00,1609.25,0.0,0.0
2005-03-31 15:49:59,1609.25,1.0,0.0
2005-03-31 15:54:59,1609.25,1.0,0.0
2005-03-31 15:59:59,1609.25,0.0,0.0
2005-03-31 16:04:59,1609.25,0.0,1.0
2005-03-31 16:10:00,1609.75,0.0,1.0
2005-03-31 16:14:59,1610.25,0.0,0.0
2005-03-31 16:19:59,1610.25,1.0,-1.0
2005-03-31 16:24:59,1609.25,1.0,1.0
2005-03-31 16:30:00,1612.75,1.0,-1.0
2005-03-31 16:34:59,1611.75,1.0,1.0
2005-03-31 16:39:59,1616.25,0.0,1.0
2005-03-31 16:44:59,1619.25,0.0,1.0
2005-03-31 16:49:59,1620.25,1.0,-1.0
2005-03-31 16:55:00,1619.75,-1.0,1.0
2005-03-31 16:59:59,1624.25,-1.0,-1.0
2005-03-31 17:04:59,1623.75,-1.0,0.0
2005-03-31 17:09:59,1623.75,-1.0,1.0
2005-03-31 17:15:00,1624.25,-1.0,-1.0
2005-03-31 17:19:59,1622.25,-1.0,1.0
2005-03-31 17:24:59,1622.75,-1.0,1.0
2005-03-31 17:29:59,1623.25,-1.0,0.0
2005-03-31 17:34:59,1623.25,-1.0,1.0
2005-03-31 17:40:00,1623.75,-1.0,0.0
2005-03-31 17:44:59,1623.75,-1.0,1.0
2005-03-31 17:49:59,1624.25,-1.0,1.0
2005-03-31 17:54:59,1624.75,-1.0,-1.0
2005-03-31 18:00:00,1624.25,0.0,0.0
2005-03-31 18:04:59,1624.25,-1.0,1.0
2005-03-31 18:09:59,1625.25,-1.0,0.0
2005-03-31 18:14:59,1625.25,0.0,1.0
2005-03-31 18:19:59,1625.75,0.0,1.0
2005-03-31 18:25:00,1626.25,0.0,-1.0
2005-03-31 18:29:59,1625.75,0.0,0.0
2005-03-31 18:34:59,1625.75,0.0,-1.0
2005-03-31 18:39:59,1625.25,-1.0,1.0
2005-03-31 18:45:00,1625.75,0.0,0.0
2005-03-31 18:49:59,1625.75,0.0,1.0
2005-03-31 18:54:59,1626.25,0.0,-1.0
2005-03-31 18:59:59,1625.75,0.0,1.0
2005-03-31 19:04:59,1627.25,0.0,-1.0
2005-03-31 19:10:00,1626.75,0.0,0.0
2005-03-31 19:14:59,1626.75,0.0,0.0
2005-03-31 19:19:59,1626.75,0.0,0.0
2005-03-31 19:24:59,1626.75,0.0,1.0
2005-03-31 19:30:00,1627.25,0.0,-1.0
2005-03-31 19:34:59,1626.75,0.0,-1.0
2005-03-31 19:39:59,1625.75,0.0,-1.0
2005-03-31 19:44:59,1624.75,0.0,-1.0
2005-03-31 19:49:59,1623.75,0.0,1.0
2005-03-31 19:55:00,1624.25,0.0,-1.0
2005-03-31 19:59:59,1623.75,0.0,-1.0
2005-03-31 20:04:59,1623.25,0.0,-1.0
2005-03-31 20:09:59,1622.75,0.0,-1.0
2005-03-31 20:15:00,1622.25,0.0,1.0
2005-03-31 20:19:59,1622.75,0.0,1.0
2005-03-31 20:24:59,1623.75,0.0,1.0
2005-03-31 20:29:59,1625.25,0.0,-1.0
2005-03-31 20:34:59,1623.75,0.0,-1.0
2005-03-31 20:40:00,1623.25,0.0,1.0
2005-03-31 20:44:59,1624.25,-1.0,-1.0
2005-03-31 20:49:59,1623.75,0.0,1.0
2005-03-31 20:54:59,1624.75,0.0,1.0
2005-03-31 21:00:00,1625.75,-1.0,-1.0
2005-03-31 21:04:59,1624.75,-1.0,0.0
2005-03-31 21:09:59,1624.75,0.0,-1.0
2005-03-31 21:14:59,1623.75,0.0,-1.0
2005-03-31 21:19:59,1622.25,0.0,1.0
2005-03-31 21:25:00,1622.75,0.0,0.0
2005-03-31 21:29:59,1622.75,0.0,-1.0
2005-03-31 21:34:59,1619.75,0.0,-1.0
2005-03-31 21:39:59,1618.75,0.0,1.0
2005-03-31 21:45:00,1619.75,0.0,1.0
2005-03-31 21:49:59,1621.25,0.0,1.0
2005-03-31 21:54:59,1623.25,0.0,1.0
2005-03-31 21:59:59,1624.75,0.0,-1.0
2005-03-31 22:04:59,1624.25,0.0,-1.0
2005-03-31 22:10:00,1623.25,-1.0,-1.0
2005-03-31 22:14:59,1620.75,-1.0,1.0
2005-03-31 22:19:59,1621.75,0.0,-1.0
2005-03-31 22:24:59,1621.25,0.0,-1.0
2005-03-31 22:30:00,1617.75,0.0,-1.0
2005-03-31 22:34:59,1616.75,0.0,1.0
2005-03-31 22:39:59,1617.75,0.0,-1.0
2005-03-31 22:44:59,1614.75,-1.0,1.0
2005-03-31 22:49:59,1620.25,-1.0,1.0
2005-03-31 22:55:00,1623.25,0.0,1.0
2005-03-31 22:59:59,1623.75,0.0,-1.0
2005-03-31 23:04:59,1623.25,0.0,-1.0
2005-03-31 23:09:59,1622.75,0.0,0.0
2005-03-31 23:15:00,1622.75,0.0,0.0
2005-03-31 23:19:59,1622.75,0.0,0.0
2005-03-31 23:24:59,1622.75,-1.0,-1.0
2005-03-31 23:29:59,1622.25,-1.0,-1.0
2005-03-31 23:34:59,1621.75,0.0,1.0
2005-03-31 23:40:00,1622.75,-1.0,-1.0
2005-03-31 23:44:59,1622.25,1.0,0.0
2005-03-31 23:49:59,1622.25,1.0,-1.0
2005-03-31 23:54:59,1621.25,0.0,1.0
2005-04-01 00:00:00,1622.25,1.0,-1.0
2005-04-01 00:04:59,1621.75,1.0,1.0
2005-04-01 00:09:59,1622.25,1.0,0.0
2005-04-01 00:14:59,1622.25,1.0,0.0
2005-04-01 00:19:59,1622.25,1.0,-1.0
2005-04-01 00:25:00,1621.75,0.0,0.0
2005-04-01 00:29:59,1621.75,0.0,0.0
2005-04-01 00:34:59,1621.75,0.0,0.0
2005-04-01 00:39:59,1621.75,0.0,0.0
2005-04-01 00:45:00,1621.75,0.0,0.0
2005-04-01 00:49:59,1621.75,1.0,0.0
2005-04-01 00:54:59,1621.75,-1.0,0.0
2005-04-01 00:59:59,1621.75,-1.0,-1.0
2005-04-01 01:04:59,1621.25,-1.0,1.0
2005-04-01 01:10:00,1621.75,1.0,1.0
2005-04-01 01:14:59,1622.25,1.0,0.0
2005-04-01 01:19:59,1622.25,1.0,0.0
2005-04-01 01:24:59,1622.25,1.0,0.0
2005-04-01 01:30:00,1622.25,-1.0,0.0
2005-04-01 01:34:59,1622.25,1.0,-1.0
2005-04-01 01:39:59,1621.75,-1.0,1.0
2005-04-01 01:44:59,1622.25,-1.0,-1.0
2005-04-01 01:49:59,1621.75,-1.0,0.0
2005-04-01 01:55:00,1621.75,-1.0,0.0
2005-04-01 01:59:59,1621.75,-1.0,0.0
2005-04-01 02:04:59,1621.75,-1.0,0.0
2005-04-01 02:09:59,1621.75,-1.0,0.0
2005-04-01 02:15:00,1621.75,1.0,0.0
2005-04-01 02:19:59,1621.75,1.0,0.0
2005-04-01 02:24:59,1621.75,0.0,0.0
2005-04-01 02:29:59,1621.75,-1.0,0.0
2005-04-01 02:34:59,1621.75,-1.0,-1.0
2005-04-01 02:40:00,1620.75,-1.0,0.0
2005-04-01 02:44:59,1620.75,0.0,0.0
2005-04-01 02:49:59,1620.75,-1.0,-1.0
2005-04-01 02:54:59,1620.25,-1.0,1.0
2005-04-01 03:00:00,1620.75,0.0,0.0
2005-04-01 03:04:59,1620.75,1.0,0.0
2005-04-01 03:09:59,1620.75,1.0,0.0
2005-04-01 03:14:59,1620.75,1.0,-1.0
2005-04-01 03:19:59,1620.25,1.0,0.0
2005-04-01 03:25:00,1620.25,1.0,1.0
2005-04-01 03:29:59,1620.75,-1.0,0.0
2005-04-01 03:34:59,1620.75,0.0,-1.0
2005-04-01 03:39:59,1620.25,0.0,0.0
2005-04-01 03:45:00,1620.25,0.0,1.0
2005-04-01 03:49:59,1621.25,0.0,0.0
2005-04-01 03:54:59,1621.25,-1.0,0.0
2005-04-01 03:59:59,1621.25,0.0,0.0
2005-04-01 04:04:59,1621.25,-1.0,1.0
2005-04-01 04:10:00,1621.75,0.0,-1.0
2005-04-01 04:14:59,1621.25,1.0,0.0
2005-04-01 04:19:59,1621.25,1.0,0.0
2005-04-01 04:24:59,1621.25,1.0,0.0
2005-04-01 04:30:00,1621.25,0.0,0.0
2005-04-01 04:34:59,1621.25,0.0,1.0
2005-04-01 04:39:59,1621.75,0.0,0.0
2005-04-01 04:44:59,1621.75,1.0,-1.0
2005-04-01 04:49:59,1621.25,1.0,1.0
2005-04-01 04:55:00,1621.75,1.0,0.0
2005-04-01 04:59:59,1621.75,1.0,0.0
2005-04-01 05:04:59,1621.75,0.0,0.0
2005-04-01 05:09:59,1621.75,1.0,1.0
2005-04-01 05:15:00,1622.25,0.0,0.0
2005-04-01 05:19:59,1622.25,1.0,-1.0
2005-04-01 05:24:59,1621.75,0.0,0.0
2005-04-01 05:29:59,1621.75,0.0,1.0
2005-04-01 05:34:59,1622.25,0.0,-1.0
2005-04-01 05:40:00,1621.75,0.0,0.0
2005-04-01 05:44:59,1621.75,0.0,0.0
2005-04-01 05:49:59,1621.75,0.0,0.0
2005-04-01 05:54:59,1621.75,0.0,0.0
2005-04-01 06:00:00,1621.75,0.0,0.0
2005-04-01 06:04:59,1621.75,0.0,0.0
2005-04-01 06:09:59,1621.75,0.0,0.0
2005-04-01 06:14:59,1621.75,0.0,-1.0
2005-04-01 06:19:59,1621.25,1.0,0.0
2005-04-01 06:25:00,1621.25,1.0,0.0
2005-04-01 06:29:59,1621.25,1.0,1.0
2005-04-01 06:34:59,1621.75,1.0,-1.0
2005-04-01 06:39:59,1620.25,0.0,0.0
2005-04-01 06:45:00,1620.25,1.0,0.0
2005-04-01 06:49:59,1620.25,1.0,-1.0
2005-04-01 06:54:59,1619.75,0.0,0.0
2005-04-01 06:59:59,1619.75,1.0,1.0
2005-04-01 07:04:59,1621.25,0.0,-1.0
2005-04-01 07:10:00,1620.25,0.0,0.0
2005-04-01 07:14:59,1620.25,0.0,0.0
2005-04-01 07:19:59,1620.25,0.0,0.0
2005-04-01 07:24:59,1620.25,0.0,-1.0
2005-04-01 07:30:00,1619.25,-1.0,1.0
2005-04-01 07:34:59,1620.25,-1.0,-1.0
2005-04-01 07:39:59,1619.75,-1.0,1.0
2005-04-01 07:44:59,1620.25,-1.0,0.0
2005-04-01 07:49:59,1620.25,-1.0,0.0
2005-04-01 07:55:00,1620.25,-1.0,0.0
2005-04-01 07:59:59,1620.25,-1.0,0.0
2005-04-01 08:04:59,1620.25,-1.0,-1.0
2005-04-01 08:09:59,1619.25,1.0,1.0
2005-04-01 08:15:00,1619.75,-1.0,0.0
2005-04-01 08:19:59,1619.75,1.0,0.0
2005-04-01 08:24:59,1619.75,1.0,-1.0
2005-04-01 08:29:59,1619.25,1.0,1.0
2005-04-01 08:34:59,1619.75,1.0,0.0
2005-04-01 08:40:00,1619.75,0.0,0.0
2005-04-01 08:44:59,1619.75,0.0,1.0
2005-04-01 08:49:59,1620.25,0.0,0.0
2005-04-01 08:54:59,1620.25,0.0,-1.0
2005-04-01 09:00:00,1619.75,0.0,0.0
2005-04-01 09:04:59,1619.75,0.0,0.0
2005-04-01 09:09:59,1619.75,0.0,1.0
2005-04-01 09:14:59,1620.25,0.0,-1.0
2005-04-01 09:19:59,1619.25,0.0,-1.0
2005-04-01 09:25:00,1618.75,0.0,0.0
2005-04-01 09:29:59,1618.75,0.0,1.0
2005-04-01 09:34:59,1619.25,-1.0,0.0
2005-04-01 09:39:59,1619.25,-1.0,1.0
2005-04-01 09:45:00,1619.75,-1.0,0.0
2005-04-01 09:49:59,1619.75,-1.0,0.0
2005-04-01 09:54:59,1619.75,-1.0,-1.0
2005-04-01 09:59:59,1619.25,-1.0,-1.0
2005-04-01 10:04:59,1618.25,1.0,0.0
2005-04-01 10:10:00,1618.25,1.0,0.0
2005-04-01 10:14:59,1618.25,1.0,0.0
2005-04-01 10:19:59,1618.25,1.0,1.0
2005-04-01 10:24:59,1618.75,0.0,-1.0
2005-04-01 10:30:00,1618.25,0.0,0.0
2005-04-01 10:34:59,1618.25,-1.0,0.0
2005-04-01 10:39:59,1618.25,0.0,-1.0
2005-04-01 10:44:59,1617.75,0.0,0.0
2005-04-01 10:49:59,1617.75,0.0,1.0
2005-04-01 10:55:00,1618.25,-1.0,0.0
2005-04-01 10:59:59,1618.25,0.0,0.0
2005-04-01 11:04:59,1618.25,0.0,1.0
2005-04-01 11:09:59,1618.75,0.0,-1.0
2005-04-01 11:15:00,1617.75,0.0,0.0
2005-04-01 11:19:59,1617.75,0.0,-1.0
2005-04-01 11:24:59,1617.25,0.0,0.0
2005-04-01 11:29:59,1617.25,0.0,0.0
2005-04-01 11:34:59,1617.25,0.0,0.0
2005-04-01 11:40:00,1617.25,0.0,0.0
2005-04-01 11:44:59,1617.25,-1.0,-1.0
2005-04-01 11:49:59,1616.75,-1.0,1.0
2005-04-01 11:54:59,1617.25,-1.0,-1.0
2005-04-01 12:00:00,1616.75,-1.0,-1.0
2005-04-01 12:04:59,1616.25,-1.0,0.0
2005-04-01 12:09:59,1616.25,-1.0,1.0
2005-04-01 12:14:59,1617.25,-1.0,0.0
2005-04-01 12:19:59,1617.25,-1.0,0.0
2005-04-01 12:25:00,1617.25,-1.0,0.0
2005-04-01 12:29:59,1617.25,-1.0,-1.0
2005-04-01 12:34:59,1616.75,-1.0,1.0
2005-04-01 12:39:59,1617.25,-1.0,0.0
2005-04-01 12:45:00,1617.25,0.0,-1.0
2005-04-01 12:49:59,1616.25,0.0,1.0
2005-04-01 12:54:59,1617.25,0.0,0.0
2005-04-01 12:59:59,1617.25,0.0,0.0
2005-04-01 13:04:59,1617.25,0.0,-1.0
2005-04-01 13:10:00,1616.75,0.0,-1.0
2005-04-01 13:14:59,1616.25,0.0,-1.0
2005-04-01 13:19:59,1615.25,0.0,0.0
2005-04-01 13:24:59,1615.25,0.0,0.0
2005-04-01 13:30:00,1615.25,0.0,0.0
2005-04-01 13:34:59,1615.25,0.0,1.0
2005-04-01 13:39:59,1615.75,-1.0,-1.0
2005-04-01 13:44:59,1615.25,-1.0,0.0
2005-04-01 13:49:59,1615.25,-1.0,1.0
2005-04-01 13:55:00,1615.75,0.0,-1.0
2005-04-01 13:59:59,1615.25,0.0,1.0
2005-04-01 14:04:59,1615.75,-1.0,0.0
2005-04-01 14:09:59,1615.75,-1.0,-1.0
2005-04-01 14:15:00,1615.25,-1.0,0.0
2005-04-01 14:19:59,1615.25,-1.0,1.0
2005-04-01 14:24:59,1615.75,-1.0,-1.0
2005-04-01 14:29:59,1615.25,-1.0,1.0
2005-04-01 14:34:59,1615.75,-1.0,1.0
2005-04-01 14:40:00,1616.75,-1.0,0.0
2005-04-01 14:44:59,1616.75,-1.0,0.0
2005-04-01 14:49:59,1616.75,-1.0,-1.0
2005-04-01 14:54:59,1615.75,-1.0,0.0
2005-04-01 15:00:00,1615.75,-1.0,0.0
2005-04-01 15:04:59,1615.75,-1.0,-1.0
2005-04-01 15:09:59,1614.75,-1.0,1.0
2005-04-01 15:14:59,1615.25,-1.0,1.0
2005-04-01 15:19:59,1616.25,0.0,1.0
2005-04-01 15:25:00,1616.75,0.0,-1.0
2005-04-01 15:29:59,1616.25,0.0,-1.0
2005-04-01 15:34:59,1615.75,0.0,-1.0
2005-04-01 15:39:59,1615.25,0.0,-1.0
2005-04-01 15:45:00,1614.25,0.0,1.0
2005-04-01 15:49:59,1615.25,0.0,1.0
2005-04-01 15:54:59,1615.75,0.0,0.0
2005-04-01 15:59:59,1615.75,0.0,0.0
2005-04-01 16:04:59,1615.75,0.0,1.0
2005-04-01 16:10:00,1616.25,0.0,0.0
2005-04-01 16:14:59,1616.25,0.0,1.0
2005-04-01 16:19:59,1616.75,0.0,-1.0
2005-04-01 16:24:59,1616.25,0.0,-1.0
2005-04-01 16:30:00,1614.25,0.0,1.0
2005-04-01 16:34:59,1615.25,0.0,1.0
2005-04-01 16:39:59,1619.75,-1.0,-1.0
2005-04-01 16:44:59,1618.75,-1.0,1.0
2005-04-01 16:49:59,1620.25,-1.0,1.0
2005-04-01 16:55:00,1621.75,0.0,-1.0
2005-04-01 16:59:59,1618.75,0.0,-1.0
2005-04-01 17:04:59,1618.25,0.0,1.0
2005-04-01 17:09:59,1619.25,-1.0,-1.0
2005-04-01 17:15:00,1616.75,-1.0,0.0
2005-04-01 17:19:59,1616.75,-1.0,1.0
2005-04-01 17:24:59,1618.75,-1.0,-1.0
2005-04-01 17:29:59,1614.75,-1.0,1.0
2005-04-01 17:34:59,1616.75,-1.0,1.0
2005-04-01 17:40:00,1619.25,-1.0,-1.0
2005-04-01 17:44:59,1618.75,-1.0,1.0
2005-04-01 17:49:59,1619.25,0.0,1.0
2005-04-01 17:54:59,1620.75,-1.0,-1.0
2005-04-01 18:00:00,1617.75,0.0,1.0
2005-04-01 18:04:59,1619.25,-1.0,1.0
2005-04-01 18:09:59,1620.25,-1.0,1.0
2005-04-01 18:14:59,1621.25,-1.0,1.0
2005-04-01 18:19:59,1622.25,1.0,-1.0
2005-04-01 18:25:00,1620.75,1.0,0.0
2005-04-01 18:29:59,1620.75,-1.0,-1.0
2005-04-01 18:34:59,1620.25,-1.0,1.0
2005-04-01 18:39:59,1620.75,-1.0,-1.0
2005-04-01 18:45:00,1620.25,-1.0,-1.0
2005-04-01 18:49:59,1619.75,-1.0,-1.0
2005-04-01 18:54:59,1616.75,1.0,1.0
2005-04-01 18:59:59,1617.25,1.0,-1.0
2005-04-01 19:04:59,1616.25,1.0,1.0
2005-04-01 19:10:00,1617.25,-1.0,0.0
2005-04-01 19:14:59,1617.25,1.0,1.0
2005-04-01 19:19:59,1618.25,-1.0,-1.0
2005-04-01 19:24:59,1616.75,1.0,0.0
2005-04-01 19:30:00,1616.75,1.0,-1.0
2005-04-01 19:34:59,1615.75,-1.0,-1.0
2005-04-01 19:39:59,1615.25,-1.0,-1.0
2005-04-01 19:44:59,1611.25,-1.0,1.0
2005-04-01 19:49:59,1612.75,-1.0,0.0
2005-04-01 19:55:00,1612.75,-1.0,1.0
2005-04-01 19:59:59,1613.75,-1.0,1.0
2005-04-01 20:04:59,1614.75,-1.0,-1.0
2005-04-01 20:09:59,1614.25,-1.0,1.0
2005-04-01 20:15:00,1615.75,-1.0,-1.0
2005-04-01 20:19:59,1615.25,-1.0,-1.0
2005-04-01 20:24:59,1614.25,-1.0,-1.0
2005-04-01 20:29:59,1613.75,-1.0,1.0
2005-04-01 20:34:59,1614.75,-1.0,1.0
2005-04-01 20:40:00,1615.25,-1.0,-1.0
2005-04-01 20:44:59,1614.75,-1.0,1.0
2005-04-01 20:49:59,1618.75,-1.0,-1.0
2005-04-01 20:54:59,1618.25,-1.0,-1.0
2005-04-01 21:00:00,1616.75,-1.0,1.0
2005-04-01 21:04:59,1617.25,-1.0,1.0
2005-04-01 21:09:59,1617.75,-1.0,1.0
2005-04-01 21:14:59,1618.25,-1.0,0.0
2005-04-01 21:19:59,1618.25,-1.0,-1.0
2005-04-01 21:25:00,1617.75,-1.0,-1.0
2005-04-01 21:29:59,1617.25,-1.0,1.0
2005-04-01 21:34:59,1618.75,-1.0,0.0
2005-04-01 21:39:59,1618.75,-1.0,1.0
2005-04-01 21:45:00,1621.25,-1.0,-1.0
2005-04-01 21:49:59,1619.25,-1.0,1.0
2005-04-01 21:54:59,1621.75,-1.0,0.0
2005-04-01 21:59:59,1621.75,-1.0,1.0
2005-04-01 22:04:59,1622.25,1.0,1.0
2005-04-01 22:10:00,1622.75,-1.0,1.0
2005-04-01 22:14:59,1623.25,1.0,1.0
2005-04-01 22:19:59,1625.75,-1.0,-1.0
2005-04-01 22:24:59,1623.75,1.0,1.0
2005-04-01 22:30:00,1624.75,1.0,1.0
2005-04-01 22:34:59,1625.75,1.0,-1.0
2005-04-01 22:39:59,1623.75,-1.0,0.0
2005-04-01 22:44:59,1623.75,-1.0,-1.0
2005-04-01 22:49:59,1622.75,-1.0,1.0
2005-04-01 22:55:00,1625.25,-1.0,1.0
2005-04-01 22:59:59,1626.75,-1.0,-1.0
2005-04-01 23:04:59,1626.25,-1.0,1.0
2005-04-01 23:09:59,1626.75,-1.0,0.0
2005-04-01 23:15:00,1626.75,1.0,0.0
2005-04-01 23:19:59,1626.75,-1.0,0.0
2005-04-01 23:24:59,1626.75,-1.0,0.0
2005-04-01 23:29:59,1626.75,-1.0,-1.0
2005-04-01 23:34:59,1625.75,-1.0,1.0
2005-04-01 23:40:00,1626.25,-1.0,0.0
2005-04-01 23:44:59,1626.25,-1.0,0.0
2005-04-01 23:49:59,1626.25,-1.0,0.0
2005-04-01 23:54:59,1626.25,1.0,1.0
2005-04-02 00:00:00,1626.75,1.0,-1.0
2005-04-02 00:04:59,1626.25,1.0,0.0
2005-04-02 00:09:59,1626.25,1.0,1.0
2005-04-02 00:14:59,1626.75,1.0,-1.0
2005-04-02 00:19:59,1626.25,1.0,1.0
2005-04-02 00:25:00,1626.75,1.0,0.0
2005-04-02 00:29:59,1626.75,1.0,0.0
2005-04-02 00:34:59,1626.75,1.0,0.0
2005-04-02 00:39:59,1626.75,-1.0,0.0
2005-04-02 00:45:00,1626.75,-1.0,0.0
2005-04-02 00:49:59,1626.75,1.0,0.0
2005-04-02 00:54:59,1626.75,1.0,-1.0
2005-04-02 00:59:59,1625.75,1.0,-1.0
2005-04-02 01:04:59,1625.25,1.0,0.0
2005-04-02 01:10:00,1625.25,1.0,0.0
2005-04-02 01:14:59,1625.25,1.0,0.0
2005-04-02 01:19:59,1625.25,1.0,0.0
2005-04-02 01:24:59,1625.25,1.0,0.0
2005-04-02 01:30:00,1625.25,1.0,0.0
2005-04-02 01:34:59,1625.25,1.0,-1.0
2005-04-02 01:39:59,1624.75,-1.0,1.0
2005-04-02 01:44:59,1625.25,1.0,0.0
2005-04-02 01:49:59,1625.25,-1.0,0.0
2005-04-02 01:55:00,1625.25,-1.0,-1.0
2005-04-02 01:59:59,1624.75,-1.0,0.0
2005-04-02 02:04:59,1624.75,-1.0,0.0
2005-04-02 02:09:59,1624.75,-1.0,0.0
2005-04-02 02:15:00,1624.75,-1.0,0.0
2005-04-02 02:19:59,1624.75,-1.0,-1.0
2005-04-02 02:24:59,1624.25,-1.0,0.0
2005-04-02 02:29:59,1624.25,-1.0,0.0
2005-04-02 02:34:59,1624.25,1.0,1.0
2005-04-02 02:40:00,1624.75,1.0,0.0
2005-04-02 02:44:59,1624.75,0.0,-1.0
2005-04-02 02:49:59,1624.25,0.0,0.0
2005-04-02 02:54:59,1624.25,0.0,-1.0
2005-04-02 03:00:00,1623.75,-1.0,0.0
2005-04-02 03:04:59,1623.75,1.0,1.0
2005-04-02 03:09:59,1624.25,1.0,-1.0
2005-04-02 03:14:59,1623.25,1.0,0.0
2005-04-02 03:19:59,1623.25,1.0,0.0
2005-04-02 03:25:00,1623.25,1.0,0.0
2005-04-02 03:29:59,1623.25,1.0,-1.0
2005-04-02 03:34:59,1622.75,1.0,1.0
2005-04-02 03:39:59,1623.25,1.0,0.0
2005-04-02 03:45:00,1623.25,1.0,0.0
2005-04-02 03:49:59,1623.25,1.0,-1.0
2005-04-02 03:54:59,1622.75,1.0,-1.0
2005-04-02 03:59:59,1622.25,0.0,0.0
2005-04-02 04:04:59,1622.25,1.0,0.0
2005-04-02 04:10:00,1622.25,1.0,-1.0
2005-04-02 04:14:59,1621.75,1.0,0.0
2005-04-02 04:19:59,1621.75,1.0,1.0
2005-04-02 04:24:59,1622.25,1.0,-1.0
2005-04-02 04:30:00,1621.75,1.0,-1.0
2005-04-02 04:34:59,1621.25,1.0,0.0
2005-04-02 04:39:59,1621.25,0.0,1.0
2005-04-02 04:44:59,1622.25,0.0,0.0
2005-04-02 04:49:59,1622.25,0.0,-1.0
2005-04-02 04:55:00,1621.25,0.0,0.0
2005-04-02 04:59:59,1621.25,1.0,-1.0
2005-04-02 05:04:59,1620.75,1.0,-1.0
2005-04-02 05:09:59,1620.25,1.0,1.0
2005-04-02 05:15:00,1620.75,1.0,-1.0
2005-04-02 05:19:59,1619.75,1.0,1.0
2005-04-02 05:24:59,1621.25,1.0,0.0
2005-04-02 05:29:59,1621.25,1.0,0.0
2005-04-02 05:34:59,1621.25,1.0,0.0
2005-04-02 05:40:00,1621.25,1.0,0.0
2005-04-02 05:44:59,1621.25,1.0,0.0
2005-04-02 05:49:59,1621.25,-1.0,0.0
2005-04-02 05:54:59,1621.25,-1.0,0.0
2005-04-02 06:00:00,1621.25,-1.0,0.0
2005-04-02 06:04:59,1621.25,-1.0,-1.0
2005-04-02 06:09:59,1620.75,-1.0,1.0
2005-04-02 06:14:59,1621.75,1.0,0.0
2005-04-02 06:19:59,1621.75,1.0,1.0
2005-04-02 06:25:00,1622.25,-1.0,-1.0
2005-04-02 06:29:59,1621.25,-1.0,1.0
2005-04-02 06:34:59,1621.75,-1.0,0.0
2005-04-02 06:39:59,1621.75,-1.0,-1.0
2005-04-02 06:45:00,1621.25,-1.0,0.0
2005-04-02 06:49:59,1621.25,1.0,1.0
2005-04-02 06:54:59,1621.75,1.0,0.0
2005-04-02 06:59:59,1621.75,1.0,0.0
2005-04-02 07:04:59,1621.75,-1.0,0.0
2005-04-02 07:10:00,1621.75,-1.0,0.0
2005-04-02 07:14:59,1621.75,-1.0,0.0
2005-04-02 07:19:59,1621.75,-1.0,-1.0
2005-04-02 07:24:59,1621.25,-1.0,1.0
2005-04-02 07:30:00,1621.75,-1.0,0.0
2005-04-02 07:34:59,1621.75,-1.0,0.0
2005-04-02 07:39:59,1621.75,-1.0,1.0
2005-04-02 07:44:59,1622.75,-1.0,0.0
2005-04-02 07:49:59,1622.75,-1.0,0.0
2005-04-02 07:55:00,1622.75,-1.0,1.0
2005-04-02 07:59:59,1623.25,-1.0,0.0
2005-04-02 08:04:59,1623.25,-1.0,0.0
2005-04-02 08:09:59,1623.25,-1.0,1.0
2005-04-02 08:15:00,1623.75,-1.0,0.0
2005-04-02 08:19:59,1623.75,-1.0,-1.0
2005-04-02 08:24:59,1623.25,-1.0,1.0
2005-04-02 08:29:59,1624.25,-1.0,-1.0
2005-04-02 08:34:59,1623.25,-1.0,0.0
2005-04-02 08:40:00,1623.25,-1.0,1.0
2005-04-02 08:44:59,1623.75,1.0,1.0
2005-04-02 08:49:59,1624.25,1.0,-1.0
2005-04-02 08:54:59,1623.75,1.0,1.0
2005-04-02 09:00:00,1624.75,1.0,0.0
2005-04-02 09:04:59,1624.75,-1.0,-1.0
2005-04-02 09:09:59,1623.75,-1.0,-1.0
2005-04-02 09:14:59,1623.25,-1.0,-1.0
2005-04-02 09:19:59,1622.75,-1.0,1.0
2005-04-02 09:25:00,1623.75,-1.0,1.0
2005-04-02 09:29:59,1624.25,-1.0,1.0
2005-04-02 09:34:59,1624.75,-1.0,-1.0
2005-04-02 09:39:59,1624.25,-1.0,-1.0
2005-04-02 09:45:00,1623.75,-1.0,1.0
2005-04-02 09:49:59,1624.25,-1.0,-1.0
2005-04-02 09:54:59,1623.75,-1.0,1.0
2005-04-02 09:59:59,1624.25,-1.0,0.0
2005-04-02 10:04:59,1624.25,-1.0,-1.0
2005-04-02 10:10:00,1623.75,0.0,0.0
2005-04-02 10:14:59,1623.75,0.0,-1.0
2005-04-02 10:19:59,1623.25,0.0,1.0
2005-04-02 10:24:59,1624.25,0.0,0.0
2005-04-02 10:30:00,1624.25,0.0,-1.0
2005-04-02 10:34:59,1623.75,0.0,0.0
2005-04-02 10:39:59,1623.75,0.0,1.0
2005-04-02 10:44:59,1624.25,0.0,0.0
2005-04-02 10:49:59,1624.25,0.0,0.0
2005-04-02 10:55:00,1624.25,0.0,0.0
2005-04-02 10:59:59,1624.25,0.0,1.0
2005-04-02 11:04:59,1624.75,0.0,0.0
2005-04-02 11:09:59,1624.75,0.0,1.0
2005-04-02 11:15:00,1625.75,-1.0,0.0
2005-04-02 11:19:59,1625.75,0.0,0.0
2005-04-02 11:24:59,1625.75,0.0,0.0
2005-04-02 11:29:59,1625.75,-1.0,1.0
2005-04-02 11:34:59,1626.25,-1.0,1.0
2005-04-02 11:40:00,1626.75,-1.0,0.0
2005-04-02 11:44:59,1626.75,-1.0,1.0
2005-04-02 11:49:59,1627.25,-1.0,1.0
2005-04-02 11:54:59,1627.75,-1.0,1.0
2005-04-02 12:00:00,1628.25,-1.0,1.0
2005-04-02 12:04:59,1628.75,-1.0,1.0
2005-04-02 12:09:59,1629.25,-1.0,0.0
2005-04-02 12:14:59,1629.25,-1.0,0.0
2005-04-02 12:19:59,1629.25,1.0,1.0
2005-04-02 12:25:00,1629.75,0.0,1.0
2005-04-02 12:29:59,1630.25,1.0,0.0
2005-04-02 12:34:59,1630.25,0.0,0.0
2005-04-02 12:39:59,1630.25,0.0,-1.0
2005-04-02 12:45:00,1629.25,0.0,0.0
2005-04-02 12:49:59,1629.25,0.0,-1.0
2005-04-02 12:54:59,1628.75,0.0,0.0
2005-04-02 12:59:59,1628.75,0.0,0.0
2005-04-02 13:04:59,1628.75,0.0,0.0
2005-04-02 13:10:00,1628.75,0.0,1.0
2005-04-02 13:14:59,1629.25,0.0,1.0
2005-04-02 13:19:59,1629.75,0.0,0.0
2005-04-02 13:24:59,1629.75,0.0,1.0
2005-04-02 13:30:00,1630.25,-1.0,0.0
2005-04-02 13:34:59,1630.25,-1.0,-1.0
2005-04-02 13:39:59,1629.75,0.0,0.0
2005-04-02 13:44:59,1629.75,0.0,1.0
2005-04-02 13:49:59,1630.25,0.0,1.0
2005-04-02 13:55:00,1630.75,0.0,-1.0
2005-04-02 13:59:59,1628.75,0.0,1.0
2005-04-02 14:04:59,1629.25,0.0,0.0
2005-04-02 14:09:59,1629.25,0.0,-1.0
2005-04-02 14:15:00,1628.75,0.0,1.0
2005-04-02 14:19:59,1630.25,0.0,-1.0
2005-04-02 14:24:59,1629.75,0.0,1.0
2005-04-02 14:29:59,1630.25,0.0,1.0
2005-04-02 14:34:59,1632.25,0.0,-1.0
2005-04-02 14:40:00,1631.25,0.0,1.0
2005-04-02 14:44:59,1631.75,0.0,1.0
2005-04-02 14:49:59,1632.25,0.0,-1.0
2005-04-02 14:54:59,1631.75,0.0,0.0
2005-04-02 15:00:00,1631.75,0.0,-1.0
2005-04-02 15:04:59,1630.75,0.0,0.0
2005-04-02 15:09:59,1630.75,0.0,-1.0
2005-04-02 15:14:59,1630.25,0.0,0.0
2005-04-02 15:19:59,1630.25,0.0,-1.0
2005-04-02 15:25:00,1629.75,0.0,-1.0
2005-04-02 15:29:59,1629.25,0.0,0.0
2005-04-02 15:34:59,1629.25,0.0,0.0
2005-04-02 15:39:59,1629.25,0.0,0.0
2005-04-02 15:45:00,1629.25,0.0,-1.0
2005-04-02 15:49:59,1628.75,0.0,1.0
2005-04-02 15:54:59,1629.75,-1.0,-1.0
2005-04-02 15:59:59,1629.25,0.0,-1.0
2005-04-02 16:04:59,1628.75,0.0,-1.0
2005-04-02 16:10:00,1628.25,0.0,0.0
2005-04-02 16:14:59,1628.25,0.0,-1.0
2005-04-02 16:19:59,1627.25,0.0,-1.0
2005-04-02 16:24:59,1626.75,1.0,-1.0
2005-04-02 16:30:00,1623.75,1.0,1.0
2005-04-02 16:34:59,1624.25,1.0,-1.0
2005-04-02 16:39:59,1623.25,1.0,0.0
2005-04-02 16:44:59,1623.25,1.0,1.0
2005-04-02 16:49:59,1624.25,1.0,-1.0
2005-04-02 16:55:00,1623.75,-1.0,-1.0
2005-04-02 16:59:59,1619.25,-1.0,-1.0
2005-04-02 17:04:59,1615.25,-1.0,-1.0
2005-04-02 17:09:59,1614.75,0.0,1.0
2005-04-02 17:15:00,1617.25,0.0,0.0
2005-04-02 17:19:59,1617.25,-1.0,-1.0
2005-04-02 17:24:59,1616.25,-1.0,1.0
2005-04-02 17:29:59,1616.75,-1.0,-1.0
2005-04-02 17:34:59,1615.75,-1.0,1.0
2005-04-02 17:40:00,1619.25,-1.0,-1.0
2005-04-02 17:44:59,1618.25,-1.0,1.0
2005-04-02 17:49:59,1619.25,-1.0,1.0
2005-04-02 17:54:59,1620.25,1.0,-1.0
2005-04-02 18:00:00,1619.75,-1.0,-1.0
2005-04-02 18:04:59,1618.75,-1.0,1.0
2005-04-02 18:09:59,1619.25,1.0,1.0
2005-04-02 18:14:59,1619.75,0.0,1.0
2005-04-02 18:19:59,1620.75,-1.0,-1.0
2005-04-02 18:25:00,1620.25,-1.0,-1.0
2005-04-02 18:29:59,1618.75,-1.0,-1.0
2005-04-02 18:34:59,1617.25,-1.0,0.0
2005-04-02 18:39:59,1617.25,0.0,1.0
2005-04-02 18:45:00,1618.25,0.0,1.0
2005-04-02 18:49:59,1618.75,0.0,0.0
2005-04-02 18:54:59,1618.75,0.0,0.0
2005-04-02 18:59:59,1618.75,0.0,1.0
2005-04-02 19:04:59,1620.25,0.0,-1.0
2005-04-02 19:10:00,1619.75,0.0,1.0
2005-04-02 19:14:59,1622.25,0.0,-1.0
2005-04-02 19:19:59,1620.75,0.0,1.0
2005-04-02 19:24:59,1621.25,0.0,-1.0
2005-04-02 19:30:00,1620.75,0.0,-1.0
2005-04-02 19:34:59,1619.75,0.0,0.0
2005-04-02 19:39:59,1619.75,0.0,1.0
2005-04-02 19:44:59,1620.25,0.0,-1.0
2005-04-02 19:49:59,1619.75,0.0,0.0
2005-04-02 19:55:00,1619.75,0.0,-1.0
2005-04-02 19:59:59,1619.25,0.0,1.0
2005-04-02 20:04:59,1620.75,0.0,-1.0
2005-04-02 20:09:59,1620.25,0.0,1.0
2005-04-02 20:15:00,1620.75,0.0,0.0
2005-04-02 20:19:59,1620.75,0.0,-1.0
2005-04-02 20:24:59,1619.75,0.0,0.0
2005-04-02 20:29:59,1619.75,0.0,-1.0
2005-04-02 20:34:59,1617.75,0.0,-1.0
2005-04-02 20:40:00,1616.75,0.0,1.0
2005-04-02 20:44:59,1617.25,0.0,0.0
2005-04-02 20:49:59,1617.25,1.0,-1.0
2005-04-02 20:54:59,1616.75,1.0,1.0
2005-04-02 21:00:00,1618.25,0.0,0.0
2005-04-02 21:04:59,1618.25,0.0,1.0
2005-04-02 21:09:59,1618.75,0.0,1.0
2005-04-02 21:14:59,1619.75,0.0,1.0
2005-04-02 21:19:59,1622.75,0.0,1.0
2005-04-02 21:25:00,1623.25,0.0,1.0
2005-04-02 21:29:59,1626.75,0.0,1.0
2005-04-02 21:34:59,1627.25,0.0,-1.0
2005-04-02 21:39:59,1626.25,-1.0,1.0
2005-04-02 21:45:00,1628.75,1.0,-1.0
2005-04-02 21:49:59,1626.75,0.0,1.0
2005-04-02 21:54:59,1627.25,0.0,-1.0
2005-04-02 21:59:59,1623.75,1.0,1.0
2005-04-02 22:04:59,1624.75,0.0,-1.0
2005-04-02 22:10:00,1623.75,0.0,-1.0
2005-04-02 22:14:59,1622.75,0.0,-1.0
2005-04-02 22:19:59,1622.25,0.0,-1.0
2005-04-02 22:24:59,1619.75,0.0,1.0
2005-04-02 22:30:00,1621.25,0.0,0.0
2005-04-02 22:34:59,1621.25,1.0,-1.0
2005-04-02 22:39:59,1620.25,0.0,-1.0
2005-04-02 22:44:59,1619.75,0.0,-1.0
2005-04-02 22:49:59,1619.25,0.0,-1.0
2005-04-02 22:55:00,1616.75,0.0,1.0
2005-04-02 22:59:59,1618.25,1.0,1.0
2005-04-02 23:04:59,1621.25,1.0,1.0
2005-04-02 23:09:59,1623.25,0.0,0.0
2005-04-02 23:15:00,1623.25,1.0,0.0
2005-04-02 23:19:59,1623.25,1.0,0.0
2005-04-02 23:24:59,1623.25,0.0,0.0
2005-04-02 23:29:59,1623.25,0.0,0.0
2005-04-02 23:34:59,1623.25,0.0,0.0
2005-04-02 23:40:00,1623.25,0.0,0.0
2005-04-02 23:44:59,1623.25,0.0,-1.0
2005-04-02 23:49:59,1622.75,0.0,-1.0
2005-04-02 23:54:59,1622.25,0.0,1.0
2005-04-03 00:00:00,1622.75,0.0,1.0
2005-04-03 00:04:59,1623.25,0.0,-1.0
2005-04-03 00:09:59,1622.75,0.0,-1.0
2005-04-03 00:14:59,1622.25,0.0,-1.0
2005-04-03 00:19:59,1620.75,0.0,1.0
2005-04-03 00:25:00,1622.25,0.0,0.0
2005-04-03 00:29:59,1622.25,0.0,0.0
2005-04-03 00:34:59,1622.25,0.0,0.0
2005-04-03 00:39:59,1622.25,0.0,0.0
2005-04-03 00:45:00,1622.25,0.0,0.0
2005-04-03 00:49:59,1622.25,0.0,0.0
2005-04-03 00:54:59,1622.25,0.0,1.0
2005-04-03 00:59:59,1623.25,0.0,1.0
2005-04-03 01:04:59,1623.75,0.0,0.0
2005-04-03 01:10:00,1623.75,0.0,-1.0
2005-04-03 01:14:59,1623.25,0.0,0.0
2005-04-03 01:19:59,1623.25,0.0,0.0
2005-04-03 01:24:59,1623.25,0.0,-1.0
2005-04-03 01:30:00,1622.25,1.0,1.0
2005-04-03 01:34:59,1622.75,1.0,0.0
2005-04-03 01:39:59,1622.75,1.0,0.0
2005-04-03 01:44:59,1622.75,0.0,1.0
2005-04-03 01:49:59,1623.25,0.0,0.0
2005-04-03 01:55:00,1623.25,0.0,0.0
2005-04-03 01:59:59,1623.25,0.0,0.0
2005-04-03 02:04:59,1623.25,0.0,0.0
2005-04-03 02:09:59,1623.25,0.0,0.0
2005-04-03 02:15:00,1623.25,0.0,0.0
2005-04-03 02:19:59,1623.25,0.0,0.0
2005-04-03 02:24:59,1623.25,0.0,-1.0
2005-04-03 02:29:59,1622.75,0.0,0.0
2005-04-03 02:34:59,1622.75,0.0,0.0
2005-04-03 02:40:00,1622.75,0.0,0.0
2005-04-03 02:44:59,1622.75,0.0,-1.0
2005-04-03 02:49:59,1621.75,0.0,-1.0
2005-04-03 02:54:59,1621.25,0.0,0.0
2005-04-03 03:00:00,1621.25,0.0,0.0
2005-04-03 03:04:59,1621.25,0.0,0.0
2005-04-03 03:09:59,1621.25,0.0,0.0
2005-04-03 03:14:59,1621.25,0.0,0.0
2005-04-03 03:19:59,1621.25,0.0,0.0
2005-04-03 03:25:00,1621.25,0.0,0.0
2005-04-03 03:29:59,1621.25,0.0,0.0
2005-04-03 03:34:59,1621.25,0.0,0.0
2005-04-03 03:39:59,1621.25,0.0,1.0
2005-04-03 03:45:00,1621.75,0.0,-1.0
2005-04-03 03:49:59,1621.25,1.0,0.0
2005-04-03 03:54:59,1621.25,0.0,0.0
2005-04-03 03:59:59,1621.25,0.0,1.0
2005-04-03 04:04:59,1621.75,0.0,-1.0
2005-04-03 04:10:00,1621.25,0.0,0.0
2005-04-03 04:14:59,1621.25,0.0,0.0
2005-04-03 04:19:59,1621.25,0.0,0.0
2005-04-03 04:24:59,1621.25,0.0,-1.0
2005-04-03 04:30:00,1620.25,0.0,0.0
2005-04-03 04:34:59,1620.25,0.0,0.0
2005-04-03 04:39:59,1620.25,0.0,0.0
2005-04-03 04:44:59,1620.25,0.0,0.0
2005-04-03 04:49:59,1620.25,0.0,0.0
2005-04-03 04:55:00,1620.25,0.0,1.0
2005-04-03 04:59:59,1620.75,0.0,0.0
2005-04-03 05:04:59,1620.75,0.0,0.0
2005-04-03 05:09:59,1620.75,1.0,0.0
2005-04-03 05:15:00,1620.75,-1.0,0.0
2005-04-03 05:19:59,1620.75,-1.0,0.0
2005-04-03 05:24:59,1620.75,-1.0,0.0
2005-04-03 05:29:59,1620.75,-1.0,1.0
2005-04-03 05:34:59,1621.25,-1.0,-1.0
2005-04-03 05:40:00,1620.75,-1.0,0.0
2005-04-03 05:44:59,1620.75,0.0,0.0
2005-04-03 05:49:59,1620.75,0.0,0.0
2005-04-03 05:54:59,1620.75,0.0,0.0
2005-04-03 06:00:00,1620.75,0.0,0.0
2005-04-03 06:04:59,1620.75,1.0,0.0
2005-04-03 06:09:59,1620.75,-1.0,0.0
2005-04-03 06:14:59,1620.75,-1.0,0.0
2005-04-03 06:19:59,1620.75,1.0,0.0
2005-04-03 06:25:00,1620.75,0.0,0.0
2005-04-03 06:29:59,1620.75,0.0,0.0
2005-04-03 06:34:59,1620.75,0.0,1.0
2005-04-03 06:39:59,1621.25,0.0,0.0
2005-04-03 06:45:00,1621.25,0.0,-1.0
2005-04-03 06:49:59,1620.75,0.0,1.0
2005-04-03 06:54:59,1621.25,0.0,0.0
2005-04-03 06:59:59,1621.25,0.0,0.0
2005-04-03 07:04:59,1621.25,1.0,0.0
2005-04-03 07:10:00,1621.25,0.0,0.0
2005-04-03 07:14:59,1621.25,1.0,0.0
2005-04-03 07:19:59,1621.25,1.0,0.0
2005-04-03 07:24:59,1621.25,0.0,0.0
2005-04-03 07:30:00,1621.25,1.0,0.0
2005-04-03 07:34:59,1621.25,0.0,1.0
2005-04-03 07:39:59,1621.75,1.0,0.0
2005-04-03 07:44:59,1621.75,1.0,0.0
2005-04-03 07:49:59,1621.75,1.0,1.0
2005-04-03 07:55:00,1622.25,0.0,0.0
2005-04-03 07:59:59,1622.25,0.0,1.0
2005-04-03 08:04:59,1622.75,0.0,0.0
2005-04-03 08:09:59,1622.75,0.0,-1.0
2005-04-03 08:15:00,1622.25,0.0,0.0
2005-04-03 08:19:59,1622.25,0.0,0.0
2005-04-03 08:24:59,1622.25,0.0,1.0
2005-04-03 08:29:59,1622.75,0.0,0.0
2005-04-03 08:34:59,1622.75,0.0,1.0
2005-04-03 08:40:00,1623.25,-1.0,-1.0
2005-04-03 08:44:59,1622.75,0.0,0.0
2005-04-03 08:49:59,1622.75,0.0,1.0
2005-04-03 08:54:59,1623.25,0.0,1.0
2005-04-03 09:00:00,1623.75,0.0,0.0
2005-04-03 09:04:59,1623.75,0.0,-1.0
2005-04-03 09:09:59,1623.25,-1.0,1.0
2005-04-03 09:14:59,1623.75,1.0,0.0
2005-04-03 09:19:59,1623.75,-1.0,0.0
2005-04-03 09:25:00,1623.75,1.0,1.0
2005-04-03 09:29:59,1624.75,0.0,1.0
2005-04-03 09:34:59,1625.25,-1.0,0.0
2005-04-03 09:39:59,1625.25,1.0,0.0
2005-04-03 09:45:00,1625.25,1.0,-1.0
2005-04-03 09:49:59,1624.75,1.0,-1.0
2005-04-03 09:54:59,1624.25,1.0,1.0
2005-04-03 09:59:59,1624.75,1.0,0.0
2005-04-03 10:04:59,1624.75,1.0,1.0
2005-04-03 10:10:00,1625.75,1.0,-1.0
2005-04-03 10:14:59,1625.25,-1.0,0.0
2005-04-03 10:19:59,1625.25,-1.0,0.0
2005-04-03 10:24:59,1625.25,-1.0,0.0
2005-04-03 10:30:00,1625.25,-1.0,-1.0
2005-04-03 10:34:59,1624.75,-1.0,0.0
2005-04-03 10:39:59,1624.75,-1.0,0.0
2005-04-03 10:44:59,1624.75,-1.0,0.0
2005-04-03 10:49:59,1624.75,-1.0,0.0
2005-04-03 10:55:00,1624.75,-1.0,0.0
2005-04-03 10:59:59,1624.75,-1.0,1.0
2005-04-03 11:04:59,1625.75,-1.0,0.0
2005-04-03 11:09:59,1625.75,-1.0,-1.0
2005-04-03 11:15:00,1625.25,-1.0,0.0
2005-04-03 11:19:59,1625.25,-1.0,0.0
2005-04-03 11:24:59,1625.25,-1.0,-1.0
2005-04-03 11:29:59,1624.75,-1.0,1.0
2005-04-03 11:34:59,1625.25,-1.0,-1.0
2005-04-03 11:40:00,1624.75,-1.0,0.0
2005-04-03 11:44:59,1624.75,-1.0,0.0
2005-04-03 11:49:59,1624.75,-1.0,-1.0
2005-04-03 11:54:59,1623.25,-1.0,0.0
2005-04-03 12:00:00,1623.25,-1.0,-1.0
2005-04-03 12:04:59,1622.75,-1.0,-1.0
2005-04-03 12:09:59,1621.25,-1.0,1.0
2005-04-03 12:14:59,1621.75,-1.0,1.0
2005-04-03 12:19:59,1622.75,-1.0,-1.0
2005-04-03 12:25:00,1621.75,-1.0,0.0
2005-04-03 12:29:59,1621.75,-1.0,1.0
2005-04-03 12:34:59,1622.25,-1.0,1.0
2005-04-03 12:39:59,1622.75,-1.0,0.0
2005-04-03 12:45:00,1622.75,-1.0,-1.0
2005-04-03 12:49:59,1622.25,-1.0,0.0
2005-04-03 12:54:59,1622.25,-1.0,0.0
2005-04-03 12:59:59,1622.25,-1.0,-1.0
2005-04-03 13:04:59,1621.25,-1.0,0.0
2005-04-03 13:10:00,1621.25,-1.0,0.0
2005-04-03 13:14:59,1621.25,-1.0,0.0
2005-04-03 13:19:59,1621.25,-1.0,-1.0
2005-04-03 13:24:59,1620.75,-1.0,1.0
2005-04-03 13:30:00,1621.25,-1.0,0.0
2005-04-03 13:34:59,1621.25,-1.0,1.0
2005-04-03 13:39:59,1622.25,-1.0,-1.0
2005-04-03 13:44:59,1621.25,-1.0,-1.0
2005-04-03 13:49:59,1620.25,-1.0,1.0
2005-04-03 13:55:00,1621.25,-1.0,-1.0
2005-04-03 13:59:59,1619.75,-1.0,-1.0
2005-04-03 14:04:59,1619.25,-1.0,0.0
2005-04-03 14:09:59,1619.25,-1.0,-1.0
2005-04-03 14:15:00,1618.25,-1.0,0.0
2005-04-03 14:19:59,1618.25,-1.0,0.0
2005-04-03 14:24:59,1618.25,-1.0,1.0
2005-04-03 14:29:59,1618.75,1.0,0.0
2005-04-03 14:34:59,1618.75,-1.0,-1.0
2005-04-03 14:40:00,1618.25,-1.0,1.0
2005-04-03 14:44:59,1619.25,-1.0,0.0
2005-04-03 14:49:59,1619.25,-1.0,0.0
2005-04-03 14:54:59,1619.25,1.0,0.0
2005-04-03 15:00:00,1619.25,1.0,-1.0
2005-04-03 15:04:59,1618.75,1.0,-1.0
2005-04-03 15:09:59,1618.25,-1.0,1.0
2005-04-03 15:14:59,1619.25,1.0,0.0
2005-04-03 15:19:59,1619.25,1.0,-1.0
2005-04-03 15:25:00,1618.75,1.0,1.0
2005-04-03 15:29:59,1621.25,1.0,0.0
2005-04-03 15:34:59,1621.25,1.0,-1.0
2005-04-03 15:39:59,1620.25,1.0,1.0
2005-04-03 15:45:00,1620.75,1.0,1.0
2005-04-03 15:49:59,1622.25,-1.0,1.0
2005-04-03 15:54:59,1623.25,-1.0,-1.0
2005-04-03 15:59:59,1622.25,-1.0,-1.0
2005-04-03 16:04:59,1621.75,-1.0,1.0
2005-04-03 16:10:00,1622.25,-1.0,1.0
2005-04-03 16:14:59,1622.75,1.0,-1.0
2005-04-03 16:19:59,1622.25,-1.0,-1.0
2005-04-03 16:24:59,1621.25,1.0,1.0
2005-04-03 16:30:00,1625.25,-1.0,-1.0
2005-04-03 16:34:59,1623.25,-1.0,1.0
2005-04-03 16:39:59,1626.25,-1.0,-1.0
2005-04-03 16:44:59,1623.75,-1.0,-1.0
2005-04-03 16:49:59,1622.75,-1.0,0.0
2005-04-03 16:55:00,1622.75,-1.0,1.0
2005-04-03 16:59:59,1627.75,1.0,1.0
2005-04-03 17:04:59,1630.75,1.0,1.0
2005-04-03 17:09:59,1631.75,-1.0,-1.0
2005-04-03 17:15:00,1629.75,-1.0,1.0
2005-04-03 17:19:59,1631.75,-1.0,1.0
2005-04-03 17:24:59,1634.25,-1.0,1.0
2005-04-03 17:29:59,1634.75,-1.0,-1.0
2005-04-03 17:34:59,1633.75,-1.0,1.0
2005-04-03 17:40:00,1634.75,0.0,1.0
2005-04-03 17:44:59,1638.75,0.0,-1.0
2005-04-03 17:49:59,1637.75,0.0,-1.0
2005-04-03 17:54:59,1637.25,-1.0,1.0
2005-04-03 18:00:00,1637.75,-1.0,-1.0
2005-04-03 18:04:59,1636.25,-1.0,-1.0
2005-04-03 18:09:59,1635.75,0.0,0.0
2005-04-03 18:14:59,1635.75,0.0,-1.0
2005-04-03 18:19:59,1634.75,0.0,-1.0
2005-04-03 18:25:00,1633.75,0.0,-1.0
2005-04-03 18:29:59,1633.25,-1.0,-1.0
2005-04-03 18:34:59,1632.75,-1.0,1.0
2005-04-03 18:39:59,1633.75,-1.0,-1.0
2005-04-03 18:45:00,1631.75,-1.0,1.0
2005-04-03 18:49:59,1632.75,-1.0,-1.0
2005-04-03 18:54:59,1631.25,-1.0,0.0
2005-04-03 18:59:59,1631.25,0.0,-1.0
2005-04-03 19:04:59,1629.25,0.0,1.0
2005-04-03 19:10:00,1630.25,0.0,1.0
2005-04-03 19:14:59,1631.25,0.0,-1.0
2005-04-03 19:19:59,1628.75,0.0,1.0
2005-04-03 19:24:59,1631.25,0.0,-1.0
2005-04-03 19:30:00,1629.25,0.0,-1.0
2005-04-03 19:34:59,1628.25,1.0,0.0
2005-04-03 19:39:59,1628.25,-1.0,1.0
2005-04-03 19:44:59,1629.75,-1.0,-1.0
2005-04-03 19:49:59,1629.25,-1.0,-1.0
2005-04-03 19:55:00,1627.75,1.0,1.0
2005-04-03 19:59:59,1629.25,-1.0,-1.0
2005-04-03 20:04:59,1628.25,-1.0,0.0
2005-04-03 20:09:59,1628.25,-1.0,1.0
2005-04-03 20:15:00,1629.25,-1.0,1.0
2005-04-03 20:19:59,1630.25,1.0,1.0
2005-04-03 20:24:59,1631.25,0.0,-1.0
2005-04-03 20:29:59,1630.75,-1.0,0.0
2005-04-03 20:34:59,1630.75,-1.0,-1.0
2005-04-03 20:40:00,1629.75,-1.0,1.0
2005-04-03 20:44:59,1632.75,-1.0,-1.0
2005-04-03 20:49:59,1632.25,-1.0,0.0
2005-04-03 20:54:59,1632.25,-1.0,-1.0
2005-04-03 21:00:00,1630.75,-1.0,0.0
2005-04-03 21:04:59,1630.75,-1.0,1.0
2005-04-03 21:09:59,1632.75,-1.0,1.0
2005-04-03 21:14:59,1633.25,-1.0,-1.0
2005-04-03 21:19:59,1632.25,-1.0,1.0
2005-04-03 21:25:00,1634.25,-1.0,1.0
2005-04-03 21:29:59,1635.25,-1.0,-1.0
2005-04-03 21:34:59,1634.75,-1.0,0.0
2005-04-03 21:39:59,1634.75,-1.0,-1.0
2005-04-03 21:45:00,1632.75,-1.0,1.0
2005-04-03 21:49:59,1633.25,-1.0,-1.0
2005-04-03 21:54:59,1631.25,0.0,1.0
2005-04-03 21:59:59,1631.75,-1.0,1.0
2005-04-03 22:04:59,1632.75,0.0,-1.0
2005-04-03 22:10:00,1632.25,0.0,-1.0
2005-04-03 22:14:59,1630.25,0.0,0.0
2005-04-03 22:19:59,1630.25,0.0,-1.0
2005-04-03 22:24:59,1628.75,0.0,1.0
2005-04-03 22:30:00,1631.25,-1.0,0.0
2005-04-03 22:34:59,1631.25,-1.0,-1.0
2005-04-03 22:39:59,1630.75,-1.0,-1.0
2005-04-03 22:44:59,1629.75,0.0,1.0
2005-04-03 22:49:59,1631.75,0.0,1.0
2005-04-03 22:55:00,1633.75,0.0,1.0
2005-04-03 22:59:59,1634.75,0.0,1.0
2005-04-03 23:04:59,1636.25,0.0,1.0
2005-04-03 23:09:59,1638.25,0.0,0.0
2005-04-03 23:15:00,1638.25,0.0,0.0
2005-04-03 23:19:59,1638.25,0.0,0.0
2005-04-03 23:24:59,1638.25,0.0,-1.0
2005-04-03 23:29:59,1635.75,0.0,1.0
2005-04-03 23:34:59,1636.25,-1.0,0.0
2005-04-03 23:40:00,1636.25,0.0,0.0
2005-04-03 23:44:59,1636.25,-1.0,0.0
2005-04-03 23:49:59,1636.25,-1.0,0.0
2005-04-03 23:54:59,1636.25,-1.0,0.0
2005-04-04 00:00:00,1636.25,-1.0,1.0
2005-04-04 00:04:59,1636.75,-1.0,1.0
2005-04-04 00:09:59,1637.25,-1.0,0.0
2005-04-04 00:14:59,1637.25,-1.0,1.0
2005-04-04 00:19:59,1637.75,-1.0,-1.0
2005-04-04 00:25:00,1637.25,-1.0,0.0
2005-04-04 00:29:59,1637.25,-1.0,0.0
2005-04-04 00:34:59,1637.25,-1.0,0.0
2005-04-04 00:39:59,1637.25,-1.0,0.0
2005-04-04 00:45:00,1637.25,-1.0,0.0
2005-04-04 00:49:59,1637.25,-1.0,0.0
2005-04-04 00:54:59,1637.25,-1.0,-1.0
2005-04-04 00:59:59,1636.75,-1.0,0.0
2005-04-04 01:04:59,1636.75,1.0,1.0
2005-04-04 01:10:00,1637.25,1.0,-1.0
2005-04-04 01:14:59,1636.75,1.0,1.0
2005-04-04 01:19:59,1637.25,1.0,0.0
2005-04-04 01:24:59,1637.25,1.0,-1.0
2005-04-04 01:30:00,1636.75,1.0,0.0
2005-04-04 01:34:59,1636.75,1.0,0.0
2005-04-04 01:39:59,1636.75,1.0,0.0
2005-04-04 01:44:59,1636.75,1.0,-1.0
2005-04-04 01:49:59,1636.25,1.0,0.0
2005-04-04 01:55:00,1636.25,-1.0,0.0
2005-04-04 01:59:59,1636.25,-1.0,0.0
2005-04-04 02:04:59,1636.25,-1.0,1.0
2005-04-04 02:09:59,1637.25,-1.0,-1.0
2005-04-04 02:15:00,1636.75,-1.0,0.0
2005-04-04 02:19:59,1636.75,-1.0,0.0
2005-04-04 02:24:59,1636.75,-1.0,0.0
2005-04-04 02:29:59,1636.75,-1.0,1.0
2005-04-04 02:34:59,1637.25,-1.0,0.0
2005-04-04 02:40:00,1637.25,0.0,0.0
2005-04-04 02:44:59,1637.25,0.0,-1.0
2005-04-04 02:49:59,1636.75,1.0,1.0
2005-04-04 02:54:59,1637.25,0.0,0.0
2005-04-04 03:00:00,1637.25,1.0,0.0
2005-04-04 03:04:59,1637.25,1.0,0.0
2005-04-04 03:09:59,1637.25,1.0,0.0
2005-04-04 03:14:59,1637.25,1.0,0.0
2005-04-04 03:19:59,1637.25,1.0,-1.0
2005-04-04 03:25:00,1636.75,0.0,1.0
2005-04-04 03:29:59,1637.25,1.0,0.0
2005-04-04 03:34:59,1637.25,-1.0,0.0
2005-04-04 03:39:59,1637.25,-1.0,-1.0
2005-04-04 03:45:00,1636.75,0.0,0.0
2005-04-04 03:49:59,1636.75,1.0,0.0
2005-04-04 03:54:59,1636.75,1.0,0.0
2005-04-04 03:59:59,1636.75,1.0,0.0
2005-04-04 04:04:59,1636.75,1.0,0.0
2005-04-04 04:10:00,1636.75,-1.0,0.0
2005-04-04 04:14:59,1636.75,1.0,0.0
2005-04-04 04:19:59,1636.75,1.0,0.0
2005-04-04 04:24:59,1636.75,1.0,0.0
2005-04-04 04:30:00,1636.75,-1.0,-1.0
2005-04-04 04:34:59,1636.25,1.0,1.0
2005-04-04 04:39:59,1637.25,-1.0,-1.0
2005-04-04 04:44:59,1636.75,-1.0,-1.0
2005-04-04 04:49:59,1636.25,0.0,0.0
2005-04-04 04:55:00,1636.25,0.0,1.0
2005-04-04 04:59:59,1637.25,-1.0,0.0
2005-04-04 05:04:59,1637.25,-1.0,-1.0
2005-04-04 05:09:59,1636.75,-1.0,0.0
2005-04-04 05:15:00,1636.75,-1.0,0.0
2005-04-04 05:19:59,1636.75,-1.0,0.0
2005-04-04 05:24:59,1636.75,-1.0,0.0
2005-04-04 05:29:59,1636.75,-1.0,1.0
2005-04-04 05:34:59,1637.25,-1.0,0.0
2005-04-04 05:40:00,1637.25,-1.0,0.0
2005-04-04 05:44:59,1637.25,-1.0,0.0
2005-04-04 05:49:59,1637.25,-1.0,0.0
2005-04-04 05:54:59,1637.25,-1.0,0.0
2005-04-04 06:00:00,1637.25,-1.0,0.0
2005-04-04 06:04:59,1637.25,-1.0,0.0
2005-04-04 06:09:59,1637.25,-1.0,0.0
2005-04-04 06:14:59,1637.25,-1.0,0.0
2005-04-04 06:19:59,1637.25,0.0,0.0
2005-04-04 06:25:00,1637.25,0.0,0.0
2005-04-04 06:29:59,1637.25,0.0,0.0
2005-04-04 06:34:59,1637.25,0.0,0.0
2005-04-04 06:39:59,1637.25,0.0,0.0
2005-04-04 06:45:00,1637.25,0.0,0.0
2005-04-04 06:49:59,1637.25,0.0,0.0
2005-04-04 06:54:59,1637.25,1.0,0.0
2005-04-04 06:59:59,1637.25,1.0,0.0
2005-04-04 07:04:59,1637.25,-1.0,0.0
2005-04-04 07:10:00,1637.25,-1.0,-1.0
2005-04-04 07:14:59,1636.75,-1.0,0.0
2005-04-04 07:19:59,1636.75,1.0,-1.0
2005-04-04 07:24:59,1636.25,1.0,0.0
2005-04-04 07:30:00,1636.25,1.0,0.0
2005-04-04 07:34:59,1636.25,-1.0,1.0
2005-04-04 07:39:59,1636.75,-1.0,0.0
2005-04-04 07:44:59,1636.75,1.0,0.0
2005-04-04 07:49:59,1636.75,1.0,-1.0
2005-04-04 07:55:00,1636.25,1.0,1.0
2005-04-04 07:59:59,1636.75,-1.0,0.0
2005-04-04 08:04:59,1636.75,1.0,-1.0
2005-04-04 08:09:59,1636.25,1.0,0.0
2005-04-04 08:15:00,1636.25,1.0,0.0
2005-04-04 08:19:59,1636.25,1.0,1.0
2005-04-04 08:24:59,1636.75,1.0,0.0
2005-04-04 08:29:59,1636.75,1.0,0.0
2005-04-04 08:34:59,1636.75,1.0,0.0
2005-04-04 08:40:00,1636.75,1.0,0.0
2005-04-04 08:44:59,1636.75,1.0,0.0
2005-04-04 08:49:59,1636.75,1.0,0.0
2005-04-04 08:54:59,1636.75,1.0,0.0
2005-04-04 09:00:00,1636.75,1.0,-1.0
2005-04-04 09:04:59,1636.25,1.0,1.0
2005-04-04 09:09:59,1636.75,1.0,0.0
2005-04-04 09:14:59,1636.75,1.0,0.0
2005-04-04 09:19:59,1636.75,1.0,-1.0
2005-04-04 09:25:00,1636.25,1.0,1.0
2005-04-04 09:29:59,1636.75,1.0,0.0
2005-04-04 09:34:59,1636.75,1.0,0.0
2005-04-04 09:39:59,1636.75,-1.0,0.0
2005-04-04 09:45:00,1636.75,-1.0,0.0
2005-04-04 09:49:59,1636.75,-1.0,1.0
2005-04-04 09:54:59,1637.25,-1.0,1.0
2005-04-04 09:59:59,1637.75,-1.0,-1.0
2005-04-04 10:04:59,1636.75,-1.0,0.0
2005-04-04 10:10:00,1636.75,1.0,0.0
2005-04-04 10:14:59,1636.75,1.0,1.0
2005-04-04 10:19:59,1637.25,1.0,0.0
2005-04-04 10:24:59,1637.25,1.0,0.0
2005-04-04 10:30:00,1637.25,1.0,0.0
2005-04-04 10:34:59,1637.25,1.0,-1.0
2005-04-04 10:39:59,1636.75,1.0,0.0
2005-04-04 10:44:59,1636.75,1.0,1.0
2005-04-04 10:49:59,1637.25,1.0,0.0
2005-04-04 10:55:00,1637.25,1.0,0.0
2005-04-04 10:59:59,1637.25,1.0,1.0
2005-04-04 11:04:59,1637.75,1.0,1.0
2005-04-04 11:09:59,1638.25,1.0,-1.0
2005-04-04 11:15:00,1637.75,1.0,1.0
2005-04-04 11:19:59,1638.25,-1.0,1.0
2005-04-04 11:24:59,1639.25,-1.0,0.0
2005-04-04 11:29:59,1639.25,-1.0,-1.0
2005-04-04 11:34:59,1638.75,-1.0,0.0
2005-04-04 11:40:00,1638.75,-1.0,0.0
2005-04-04 11:44:59,1638.75,1.0,0.0
2005-04-04 11:49:59,1638.75,1.0,-1.0
2005-04-04 11:54:59,1638.25,1.0,0.0
2005-04-04 12:00:00,1638.25,1.0,-1.0
2005-04-04 12:04:59,1637.75,-1.0,0.0
2005-04-04 12:09:59,1637.75,-1.0,-1.0
2005-04-04 12:14:59,1637.25,-1.0,0.0
2005-04-04 12:19:59,1637.25,1.0,1.0
2005-04-04 12:25:00,1637.75,1.0,0.0
2005-04-04 12:29:59,1637.75,1.0,0.0
2005-04-04 12:34:59,1637.75,1.0,-1.0
2005-04-04 12:39:59,1637.25,1.0,0.0
2005-04-04 12:45:00,1637.25,1.0,-1.0
2005-04-04 12:49:59,1636.75,1.0,1.0
2005-04-04 12:54:59,1637.75,1.0,-1.0
2005-04-04 12:59:59,1637.25,1.0,-1.0
2005-04-04 13:04:59,1636.75,1.0,0.0
2005-04-04 13:10:00,1636.75,1.0,-1.0
2005-04-04 13:14:59,1636.25,1.0,0.0
2005-04-04 13:19:59,1636.25,1.0,1.0
2005-04-04 13:24:59,1636.75,1.0,-1.0
2005-04-04 13:30:00,1635.75,-1.0,1.0
2005-04-04 13:34:59,1637.25,-1.0,1.0
2005-04-04 13:39:59,1637.75,-1.0,-1.0
2005-04-04 13:44:59,1637.25,-1.0,0.0
2005-04-04 13:49:59,1637.25,-1.0,1.0
2005-04-04 13:55:00,1637.75,-1.0,0.0
2005-04-04 13:59:59,1637.75,1.0,-1.0
2005-04-04 14:04:59,1636.75,-1.0,1.0
2005-04-04 14:09:59,1637.25,-1.0,1.0
2005-04-04 14:15:00,1637.75,-1.0,1.0
2005-04-04 14:19:59,1638.25,-1.0,-1.0
2005-04-04 14:24:59,1635.75,-1.0,1.0
2005-04-04 14:29:59,1636.75,-1.0,0.0
2005-04-04 14:34:59,1636.75,-1.0,-1.0
2005-04-04 14:40:00,1636.25,-1.0,-1.0
2005-04-04 14:44:59,1635.25,-1.0,-1.0
2005-04-04 14:49:59,1634.25,-1.0,1.0
2005-04-04 14:54:59,1634.75,-1.0,1.0
2005-04-04 15:00:00,1635.75,-1.0,1.0
2005-04-04 15:04:59,1636.25,-1.0,1.0
2005-04-04 15:09:59,1637.25,-1.0,0.0
2005-04-04 15:14:59,1637.25,-1.0,1.0
2005-04-04 15:19:59,1640.75,-1.0,1.0
2005-04-04 15:25:00,1643.25,-1.0,1.0
2005-04-04 15:29:59,1665.75,-1.0,-1.0
2005-04-04 15:34:59,1660.25,-1.0,-1.0
2005-04-04 15:39:59,1659.75,-1.0,-1.0
2005-04-04 15:45:00,1656.25,-1.0,1.0
2005-04-04 15:49:59,1662.25,-1.0,-1.0
2005-04-04 15:54:59,1659.25,-1.0,1.0
2005-04-04 15:59:59,1660.75,-1.0,1.0
2005-04-04 16:04:59,1662.25,-1.0,1.0
2005-04-04 16:10:00,1664.75,-1.0,1.0
2005-04-04 16:14:59,1665.75,-1.0,1.0
2005-04-04 16:19:59,1667.25,-1.0,-1.0
2005-04-04 16:24:59,1665.25,-1.0,-1.0
2005-04-04 16:30:00,1662.25,-1.0,1.0
2005-04-04 16:34:59,1664.25,-1.0,0.0
2005-04-04 16:39:59,1664.25,-1.0,-1.0
2005-04-04 16:44:59,1661.25,-1.0,-1.0
2005-04-04 16:49:59,1658.25,-1.0,1.0
2005-04-04 16:55:00,1662.75,0.0,-1.0
2005-04-04 16:59:59,1659.75,0.0,-1.0
2005-04-04 17:04:59,1656.75,0.0,1.0
2005-04-04 17:09:59,1660.25,0.0,-1.0
2005-04-04 17:15:00,1655.25,0.0,-1.0
2005-04-04 17:19:59,1652.75,0.0,1.0
2005-04-04 17:24:59,1653.25,0.0,0.0
2005-04-04 17:29:59,1653.25,-1.0,1.0
2005-04-04 17:34:59,1656.75,-1.0,-1.0
2005-04-04 17:40:00,1655.75,-1.0,1.0
2005-04-04 17:44:59,1657.75,-1.0,-1.0
2005-04-04 17:49:59,1657.25,0.0,0.0
2005-04-04 17:54:59,1657.25,0.0,1.0
2005-04-04 18:00:00,1658.25,0.0,-1.0
2005-04-04 18:04:59,1655.75,0.0,1.0
2005-04-04 18:09:59,1657.25,0.0,-1.0
2005-04-04 18:14:59,1656.25,0.0,1.0
2005-04-04 18:19:59,1658.25,0.0,-1.0
2005-04-04 18:25:00,1657.75,0.0,-1.0
2005-04-04 18:29:59,1657.25,0.0,1.0
2005-04-04 18:34:59,1660.25,0.0,-1.0
2005-04-04 18:39:59,1658.75,0.0,1.0
2005-04-04 18:45:00,1659.25,1.0,0.0
2005-04-04 18:49:59,1659.25,1.0,1.0
2005-04-04 18:54:59,1660.25,-1.0,-1.0
2005-04-04 18:59:59,1658.75,-1.0,1.0
2005-04-04 19:04:59,1660.25,1.0,1.0
2005-04-04 19:10:00,1661.75,1.0,1.0
2005-04-04 19:14:59,1662.75,1.0,1.0
2005-04-04 19:19:59,1663.25,1.0,0.0
2005-04-04 19:24:59,1663.25,1.0,1.0
2005-04-04 19:30:00,1666.75,-1.0,0.0
2005-04-04 19:34:59,1666.75,1.0,-1.0
2005-04-04 19:39:59,1665.25,1.0,-1.0
2005-04-04 19:44:59,1663.75,1.0,1.0
2005-04-04 19:49:59,1666.25,1.0,-1.0
2005-04-04 19:55:00,1665.25,1.0,-1.0
2005-04-04 19:59:59,1664.75,1.0,-1.0
2005-04-04 20:04:59,1663.75,1.0,1.0
2005-04-04 20:09:59,1664.75,1.0,1.0
2005-04-04 20:15:00,1666.75,1.0,-1.0
2005-04-04 20:19:59,1665.75,1.0,-1.0
2005-04-04 20:24:59,1664.25,1.0,0.0
2005-04-04 20:29:59,1664.25,1.0,1.0
2005-04-04 20:34:59,1664.75,1.0,1.0
2005-04-04 20:40:00,1667.25,1.0,-1.0
2005-04-04 20:44:59,1665.75,1.0,1.0
2005-04-04 20:49:59,1666.25,1.0,1.0
2005-04-04 20:54:59,1669.25,1.0,0.0
2005-04-04 21:00:00,1669.25,1.0,-1.0
2005-04-04 21:04:59,1667.75,-1.0,-1.0
2005-04-04 21:09:59,1666.25,1.0,-1.0
2005-04-04 21:14:59,1665.75,1.0,-1.0
2005-04-04 21:19:59,1664.75,1.0,-1.0
2005-04-04 21:25:00,1662.75,-1.0,1.0
2005-04-04 21:29:59,1666.25,-1.0,-1.0
2005-04-04 21:34:59,1662.25,-1.0,-1.0
2005-04-04 21:39:59,1661.25,-1.0,1.0
2005-04-04 21:45:00,1662.75,-1.0,0.0
2005-04-04 21:49:59,1662.75,-1.0,1.0
2005-04-04 21:54:59,1665.25,-1.0,0.0
2005-04-04 21:59:59,1665.25,1.0,1.0
2005-04-04 22:04:59,1665.75,-1.0,1.0
2005-04-04 22:10:00,1666.25,-1.0,1.0
2005-04-04 22:14:59,1666.75,-1.0,0.0
2005-04-04 22:19:59,1666.75,1.0,1.0
2005-04-04 22:24:59,1669.25,1.0,-1.0
2005-04-04 22:30:00,1668.75,1.0,-1.0
2005-04-04 22:34:59,1667.25,1.0,-1.0
2005-04-04 22:39:59,1666.75,1.0,0.0
2005-04-04 22:44:59,1666.75,1.0,1.0
2005-04-04 22:49:59,1668.75,1.0,1.0
2005-04-04 22:55:00,1669.75,-1.0,1.0
2005-04-04 22:59:59,1671.25,-1.0,1.0
2005-04-04 23:04:59,1672.25,-1.0,1.0
2005-04-04 23:09:59,1674.25,-1.0,1.0
2005-04-07 00:29:59,1674.75,-1.0,-1.0
2005-04-07 00:34:59,1674.25,-1.0,-1.0
2005-04-07 00:39:59,1673.75,-1.0,1.0
2005-04-07 00:45:00,1674.25,-1.0,1.0
2005-04-07 00:49:59,1674.75,1.0,0.0
2005-04-07 00:54:59,1674.75,1.0,-1.0
2005-04-07 00:59:59,1673.75,1.0,1.0
2005-04-07 01:04:59,1674.25,1.0,0.0
2005-04-07 01:10:00,1674.25,-1.0,0.0
2005-04-07 01:14:59,1674.25,1.0,0.0
2005-04-07 01:19:59,1674.25,-1.0,0.0
2005-04-07 01:24:59,1674.25,-1.0,0.0
2005-04-07 01:30:00,1674.25,1.0,0.0
2005-04-07 01:34:59,1674.25,-1.0,-1.0
2005-04-07 01:39:59,1673.75,1.0,-1.0
2005-04-07 01:44:59,1673.25,-1.0,0.0
2005-04-07 01:49:59,1673.25,-1.0,0.0
2005-04-07 01:55:00,1673.25,-1.0,0.0
2005-04-07 01:59:59,1673.25,-1.0,1.0
2005-04-07 02:04:59,1673.75,1.0,0.0
2005-04-07 02:09:59,1673.75,-1.0,0.0
2005-04-07 02:15:00,1673.75,-1.0,-1.0
2005-04-07 02:19:59,1672.75,-1.0,-1.0
2005-04-07 02:24:59,1672.25,-1.0,0.0
2005-04-07 02:29:59,1672.25,-1.0,1.0
2005-04-07 02:34:59,1672.75,-1.0,-1.0
2005-04-07 02:40:00,1672.25,1.0,-1.0
2005-04-07 02:44:59,1671.75,1.0,0.0
2005-04-07 02:49:59,1671.75,1.0,0.0
2005-04-07 02:54:59,1671.75,-1.0,-1.0
2005-04-07 03:00:00,1671.25,-1.0,0.0
2005-04-07 03:04:59,1671.25,-1.0,0.0
2005-04-07 03:09:59,1671.25,-1.0,0.0
2005-04-07 03:14:59,1671.25,-1.0,0.0
2005-04-07 03:19:59,1671.25,-1.0,0.0
2005-04-07 03:25:00,1671.25,1.0,1.0
2005-04-07 03:29:59,1671.75,-1.0,0.0
2005-04-07 03:34:59,1671.75,-1.0,0.0
2005-04-07 03:39:59,1671.75,-1.0,0.0
2005-04-07 03:45:00,1671.75,-1.0,1.0
2005-04-07 03:49:59,1672.75,1.0,1.0
2005-04-07 03:54:59,1673.25,-1.0,0.0
2005-04-07 03:59:59,1673.25,-1.0,0.0
2005-04-07 04:04:59,1673.25,-1.0,0.0
2005-04-07 04:10:00,1673.25,-1.0,0.0
2005-04-07 04:14:59,1673.25,-1.0,0.0
2005-04-07 04:19:59,1673.25,-1.0,1.0
2005-04-07 04:24:59,1673.75,-1.0,-1.0
2005-04-07 04:30:00,1673.25,-1.0,0.0
2005-04-07 04:34:59,1673.25,-1.0,1.0
2005-04-07 04:39:59,1673.75,1.0,-1.0
2005-04-07 04:44:59,1673.25,1.0,0.0
2005-04-07 04:49:59,1673.25,-1.0,1.0
2005-04-07 04:55:00,1673.75,-1.0,0.0
2005-04-07 04:59:59,1673.75,-1.0,1.0
2005-04-07 05:04:59,1674.25,-1.0,-1.0
2005-04-07 05:09:59,1673.75,-1.0,1.0
2005-04-07 05:15:00,1674.25,-1.0,0.0
2005-04-07 05:19:59,1674.25,-1.0,0.0
2005-04-07 05:24:59,1674.25,-1.0,0.0
2005-04-07 05:29:59,1674.25,-1.0,-1.0
2005-04-07 05:34:59,1673.75,-1.0,1.0
2005-04-07 05:40:00,1674.25,-1.0,0.0
2005-04-07 05:44:59,1674.25,-1.0,1.0
2005-04-07 05:49:59,1674.75,-1.0,1.0
2005-04-07 05:54:59,1675.25,-1.0,0.0
2005-04-07 06:00:00,1675.25,-1.0,-1.0
2005-04-07 06:04:59,1674.25,-1.0,1.0
2005-04-07 06:09:59,1674.75,-1.0,0.0
2005-04-07 06:14:59,1674.75,-1.0,-1.0
2005-04-07 06:19:59,1673.75,1.0,0.0
2005-04-07 06:25:00,1673.75,1.0,0.0
2005-04-07 06:29:59,1673.75,1.0,-1.0
2005-04-07 06:34:59,1673.25,1.0,1.0
2005-04-07 06:39:59,1674.75,1.0,0.0
2005-04-07 06:45:00,1674.75,1.0,1.0
2005-04-07 06:49:59,1675.25,1.0,0.0
2005-04-07 06:54:59,1675.25,1.0,0.0
2005-04-07 06:59:59,1675.25,1.0,0.0
2005-04-07 07:04:59,1675.25,1.0,0.0
2005-04-07 07:10:00,1675.25,1.0,1.0
2005-04-07 07:14:59,1675.75,1.0,-1.0
2005-04-07 07:19:59,1675.25,1.0,0.0
2005-04-07 07:24:59,1675.25,1.0,0.0
2005-04-07 07:30:00,1675.25,1.0,0.0
2005-04-07 07:34:59,1675.25,1.0,0.0
2005-04-07 07:39:59,1675.25,-1.0,-1.0
2005-04-07 07:44:59,1674.75,-1.0,-1.0
2005-04-07 07:49:59,1674.25,-1.0,-1.0
2005-04-07 07:55:00,1673.75,-1.0,1.0
2005-04-07 07:59:59,1674.25,1.0,0.0
2005-04-07 08:04:59,1674.25,-1.0,0.0
2005-04-07 08:09:59,1674.25,1.0,-1.0
2005-04-07 08:15:00,1673.75,1.0,0.0
2005-04-07 08:19:59,1673.75,1.0,1.0
2005-04-07 08:24:59,1674.25,1.0,-1.0
2005-04-07 08:29:59,1673.75,1.0,-1.0
2005-04-07 08:34:59,1672.75,1.0,-1.0
2005-04-07 08:40:00,1672.25,1.0,0.0
2005-04-07 08:44:59,1672.25,1.0,1.0
2005-04-07 08:49:59,1672.75,1.0,0.0
2005-04-07 08:54:59,1672.75,1.0,-1.0
2005-04-07 09:00:00,1671.75,-1.0,-1.0
2005-04-07 09:04:59,1670.75,-1.0,1.0
2005-04-07 09:09:59,1671.25,1.0,1.0
2005-04-07 09:14:59,1671.75,1.0,0.0
2005-04-07 09:19:59,1671.75,-1.0,0.0
2005-04-07 09:25:00,1671.75,1.0,-1.0
2005-04-07 09:29:59,1671.25,1.0,-1.0
2005-04-07 09:34:59,1670.25,1.0,1.0
2005-04-07 09:39:59,1670.75,1.0,-1.0
2005-04-07 09:45:00,1670.25,-1.0,-1.0
2005-04-07 09:49:59,1669.75,-1.0,1.0
2005-04-07 09:54:59,1670.25,-1.0,-1.0
2005-04-07 09:59:59,1669.75,1.0,-1.0
2005-04-07 10:04:59,1669.25,-1.0,1.0
2005-04-07 10:10:00,1669.75,1.0,1.0
2005-04-07 10:14:59,1670.25,1.0,-1.0
2005-04-07 10:19:59,1669.25,1.0,0.0
2005-04-07 10:24:59,1669.25,1.0,-1.0
2005-04-07 10:30:00,1668.75,1.0,1.0
2005-04-07 10:34:59,1669.25,1.0,0.0
2005-04-07 10:39:59,1669.25,1.0,0.0
2005-04-07 10:44:59,1669.25,-1.0,0.0
2005-04-07 10:49:59,1669.25,-1.0,-1.0
2005-04-07 10:55:00,1667.75,-1.0,1.0
2005-04-07 10:59:59,1668.25,-1.0,1.0
2005-04-07 11:04:59,1669.25,1.0,-1.0
2005-04-07 11:09:59,1668.25,1.0,0.0
2005-04-07 11:15:00,1668.25,1.0,0.0
2005-04-07 11:19:59,1668.25,1.0,1.0
2005-04-07 11:24:59,1669.25,1.0,1.0
2005-04-07 11:29:59,1669.75,1.0,-1.0
2005-04-07 11:34:59,1668.75,1.0,-1.0
2005-04-07 11:40:00,1668.25,1.0,1.0
2005-04-07 11:44:59,1668.75,1.0,0.0
2005-04-07 11:49:59,1668.75,1.0,-1.0
2005-04-07 11:54:59,1667.25,1.0,0.0
2005-04-07 12:00:00,1667.25,1.0,0.0
2005-04-07 12:04:59,1667.25,1.0,0.0
2005-04-07 12:09:59,1667.25,1.0,1.0
2005-04-07 12:14:59,1667.75,1.0,1.0
2005-04-07 12:19:59,1668.75,1.0,-1.0
2005-04-07 12:25:00,1667.75,1.0,0.0
2005-04-07 12:29:59,1667.75,1.0,0.0
2005-04-07 12:34:59,1667.75,1.0,0.0
2005-04-07 12:39:59,1667.75,1.0,1.0
2005-04-07 12:45:00,1668.25,1.0,0.0
2005-04-07 12:49:59,1668.25,1.0,1.0
2005-04-07 12:54:59,1669.25,1.0,0.0
2005-04-07 12:59:59,1669.25,1.0,0.0
2005-04-07 13:04:59,1669.25,1.0,1.0
2005-04-07 13:10:00,1669.75,1.0,0.0
2005-04-07 13:14:59,1669.75,1.0,1.0
2005-04-07 13:19:59,1671.25,1.0,1.0
2005-04-07 13:24:59,1671.75,1.0,-1.0
2005-04-07 13:30:00,1671.25,1.0,-1.0
2005-04-07 13:34:59,1670.75,1.0,0.0
2005-04-07 13:39:59,1670.75,1.0,1.0
2005-04-07 13:44:59,1672.75,1.0,1.0
2005-04-07 13:49:59,1673.25,1.0,-1.0
2005-04-07 13:55:00,1671.75,1.0,1.0
2005-04-07 13:59:59,1672.25,1.0,1.0
2005-04-07 14:04:59,1674.25,1.0,-1.0
2005-04-07 14:09:59,1673.25,1.0,1.0
2005-04-07 14:15:00,1674.25,1.0,-1.0
2005-04-07 14:19:59,1673.75,-1.0,-1.0
2005-04-07 14:24:59,1671.75,1.0,0.0
2005-04-07 14:29:59,1671.75,1.0,-1.0
2005-04-07 14:34:59,1670.75,1.0,0.0
2005-04-07 14:40:00,1670.75,1.0,0.0
2005-04-07 14:44:59,1670.75,1.0,0.0
2005-04-07 14:49:59,1670.75,1.0,-1.0
2005-04-07 14:54:59,1669.25,1.0,-1.0
2005-04-07 15:00:00,1668.75,1.0,0.0
2005-04-07 15:04:59,1668.75,1.0,1.0
2005-04-07 15:09:59,1669.25,1.0,0.0
2005-04-07 15:14:59,1669.25,1.0,0.0
2005-04-07 15:19:59,1669.25,1.0,1.0
2005-04-07 15:25:00,1670.75,1.0,1.0
2005-04-07 15:29:59,1671.25,1.0,1.0
2005-04-07 15:34:59,1674.75,1.0,-1.0
2005-04-07 15:39:59,1671.75,-1.0,-1.0
2005-04-07 15:45:00,1670.25,1.0,1.0
2005-04-07 15:49:59,1672.75,1.0,1.0
2005-04-07 15:54:59,1674.25,1.0,0.0
2005-04-07 15:59:59,1674.25,-1.0,1.0
2005-04-07 16:04:59,1677.75,1.0,0.0
2005-04-07 16:10:00,1677.75,-1.0,-1.0
2005-04-07 16:14:59,1675.75,-1.0,-1.0
2005-04-07 16:19:59,1674.25,-1.0,-1.0
2005-04-07 16:24:59,1673.75,-1.0,-1.0
2005-04-07 16:30:00,1672.75,-1.0,0.0
2005-04-07 16:34:59,1672.75,-1.0,1.0
2005-04-07 16:39:59,1673.25,-1.0,1.0
2005-04-07 16:44:59,1673.75,-1.0,0.0
2005-04-07 16:49:59,1673.75,1.0,-1.0
2005-04-07 16:55:00,1672.25,1.0,-1.0
2005-04-07 16:59:59,1671.25,1.0,1.0
2005-04-07 17:04:59,1673.75,1.0,-1.0
2005-04-07 17:09:59,1672.25,1.0,-1.0
2005-04-07 17:15:00,1671.25,1.0,1.0
2005-04-07 17:19:59,1672.75,1.0,-1.0
2005-04-07 17:24:59,1672.25,1.0,1.0
2005-04-07 17:29:59,1673.75,1.0,-1.0
2005-04-07 17:34:59,1673.25,1.0,1.0
2005-04-07 17:40:00,1674.25,1.0,0.0
2005-04-07 17:44:59,1674.25,1.0,0.0
2005-04-07 17:49:59,1674.25,1.0,-1.0
2005-04-07 17:54:59,1673.75,1.0,1.0
2005-04-07 18:00:00,1674.25,1.0,-1.0
2005-04-07 18:04:59,1672.75,1.0,1.0
2005-04-07 18:09:59,1674.25,-1.0,1.0
2005-04-07 18:14:59,1674.75,-1.0,1.0
2005-04-07 18:19:59,1675.75,-1.0,1.0
2005-04-07 18:25:00,1676.25,-1.0,1.0
2005-04-07 18:29:59,1676.75,-1.0,0.0
2005-04-07 18:34:59,1676.75,-1.0,-1.0
2005-04-07 18:39:59,1676.25,-1.0,1.0
2005-04-07 18:45:00,1676.75,-1.0,0.0
2005-04-07 18:49:59,1676.75,-1.0,-1.0
2005-04-07 18:54:59,1676.25,-1.0,-1.0
2005-04-07 18:59:59,1675.25,-1.0,0.0
2005-04-07 19:04:59,1675.25,-1.0,1.0
2005-04-07 19:10:00,1675.75,-1.0,0.0
2005-04-07 19:14:59,1675.75,-1.0,0.0
2005-04-07 19:19:59,1675.75,1.0,1.0
2005-04-07 19:24:59,1676.75,1.0,-1.0
2005-04-07 19:30:00,1676.25,1.0,0.0
2005-04-07 19:34:59,1676.25,1.0,0.0
2005-04-07 19:39:59,1676.25,1.0,-1.0
2005-04-07 19:44:59,1675.75,1.0,1.0
2005-04-07 19:49:59,1676.75,-1.0,-1.0
2005-04-07 19:55:00,1676.25,1.0,0.0
2005-04-07 19:59:59,1676.25,-1.0,0.0
2005-04-07 20:04:59,1676.25,-1.0,-1.0
2005-04-07 20:09:59,1675.75,-1.0,1.0
2005-04-07 20:15:00,1676.75,-1.0,-1.0
2005-04-07 20:19:59,1676.25,-1.0,1.0
2005-04-07 20:24:59,1676.75,1.0,1.0
2005-04-07 20:29:59,1677.25,1.0,0.0
2005-04-07 20:34:59,1677.25,1.0,1.0
2005-04-07 20:40:00,1678.75,1.0,-1.0
2005-04-07 20:44:59,1677.75,1.0,1.0
2005-04-07 20:49:59,1678.75,0.0,-1.0
2005-04-07 20:54:59,1678.25,1.0,-1.0
2005-04-07 21:00:00,1677.25,1.0,1.0
2005-04-07 21:04:59,1679.25,1.0,1.0
2005-04-07 21:09:59,1680.75,1.0,0.0
2005-04-07 21:14:59,1680.75,1.0,1.0
2005-04-07 21:19:59,1681.25,0.0,1.0
2005-04-07 21:25:00,1681.75,0.0,1.0
2005-04-07 21:29:59,1683.75,-1.0,0.0
2005-04-07 21:34:59,1683.75,0.0,1.0
2005-04-07 21:39:59,1684.75,0.0,1.0
2005-04-07 21:45:00,1688.75,0.0,-1.0
2005-04-07 21:49:59,1688.25,0.0,1.0
2005-04-07 21:54:59,1688.75,0.0,1.0
2005-04-07 21:59:59,1689.75,0.0,-1.0
2005-04-07 22:04:59,1688.25,0.0,-1.0
2005-04-07 22:10:00,1687.75,0.0,0.0
2005-04-07 22:14:59,1687.75,0.0,0.0
2005-04-07 22:19:59,1687.75,-1.0,0.0
2005-04-07 22:24:59,1687.75,-1.0,-1.0
2005-04-07 22:30:00,1686.75,0.0,0.0
2005-04-07 22:34:59,1686.75,-1.0,1.0
2005-04-07 22:39:59,1687.75,0.0,-1.0
2005-04-07 22:44:59,1687.25,0.0,0.0
2005-04-07 22:49:59,1687.25,0.0,0.0
2005-04-07 22:55:00,1687.25,0.0,0.0
2005-04-07 22:59:59,1687.25,0.0,0.0
2005-04-07 23:04:59,1687.25,0.0,0.0
2005-04-07 23:09:59,1687.25,0.0,0.0
2005-04-07 23:15:00,1687.25,0.0,-1.0
2005-04-07 23:19:59,1686.25,0.0,0.0
2005-04-07 23:24:59,1686.25,0.0,1.0
2005-04-08 00:00:00,1686.75,0.0,0.0
2005-04-08 00:04:59,1686.75,0.0,-1.0
2005-04-08 00:09:59,1686.25,0.0,0.0
2005-04-08 00:14:59,1686.25,0.0,1.0
2005-04-08 00:19:59,1686.75,0.0,1.0
2005-04-08 00:25:00,1687.25,1.0,-1.0
2005-04-08 00:29:59,1686.75,0.0,0.0
2005-04-08 00:34:59,1686.75,1.0,0.0
2005-04-08 00:39:59,1686.75,1.0,0.0
2005-04-08 00:45:00,1686.75,1.0,0.0
2005-04-08 00:49:59,1686.75,1.0,0.0
2005-04-08 00:54:59,1686.75,1.0,1.0
2005-04-08 00:59:59,1687.75,1.0,0.0
2005-04-08 01:04:59,1687.75,1.0,0.0
2005-04-08 01:10:00,1687.75,1.0,-1.0
2005-04-08 01:14:59,1687.25,1.0,0.0
2005-04-08 01:19:59,1687.25,-1.0,-1.0
2005-04-08 01:24:59,1686.75,1.0,0.0
2005-04-08 01:30:00,1686.75,1.0,0.0
2005-04-08 01:34:59,1686.75,1.0,1.0
2005-04-08 01:39:59,1687.25,1.0,0.0
2005-04-08 01:44:59,1687.25,1.0,0.0
2005-04-08 01:49:59,1687.25,1.0,-1.0
2005-04-08 01:55:00,1686.75,1.0,0.0
2005-04-08 01:59:59,1686.75,0.0,1.0
2005-04-08 02:04:59,1687.25,0.0,0.0
2005-04-08 02:09:59,1687.25,0.0,-1.0
2005-04-08 02:15:00,1686.75,0.0,0.0
2005-04-08 02:19:59,1686.75,0.0,0.0
2005-04-08 02:24:59,1686.75,0.0,0.0
2005-04-08 02:29:59,1686.75,0.0,1.0
2005-04-08 02:34:59,1687.25,0.0,0.0
2005-04-08 02:40:00,1687.25,0.0,0.0
2005-04-08 02:44:59,1687.25,0.0,0.0
2005-04-08 02:49:59,1687.25,0.0,0.0
2005-04-08 02:54:59,1687.25,0.0,-1.0
2005-04-08 03:00:00,1686.75,0.0,0.0
2005-04-08 03:04:59,1686.75,0.0,-1.0
2005-04-08 03:09:59,1686.25,0.0,0.0
2005-04-08 03:14:59,1686.25,0.0,0.0
2005-04-08 03:19:59,1686.25,0.0,0.0
2005-04-08 03:25:00,1686.25,0.0,0.0
2005-04-08 03:29:59,1686.25,0.0,0.0
2005-04-08 03:34:59,1686.25,0.0,0.0
2005-04-08 03:39:59,1686.25,0.0,0.0
2005-04-08 03:45:00,1686.25,0.0,0.0
2005-04-08 03:49:59,1686.25,0.0,0.0
2005-04-08 03:54:59,1686.25,0.0,1.0
2005-04-08 03:59:59,1686.75,0.0,-1.0
2005-04-08 04:04:59,1686.25,0.0,1.0
2005-04-08 04:10:00,1686.75,0.0,0.0
2005-04-08 04:14:59,1686.75,0.0,1.0
2005-04-08 04:19:59,1687.25,0.0,-1.0
2005-04-08 04:24:59,1686.75,0.0,0.0
2005-04-08 04:30:00,1686.75,0.0,0.0
2005-04-08 04:34:59,1686.75,0.0,0.0
2005-04-08 04:39:59,1686.75,0.0,0.0
2005-04-08 04:44:59,1686.75,0.0,1.0
2005-04-08 04:49:59,1687.25,0.0,0.0
2005-04-08 04:55:00,1687.25,0.0,0.0
2005-04-08 04:59:59,1687.25,0.0,1.0
2005-04-08 05:04:59,1687.75,0.0,1.0
2005-04-08 05:09:59,1688.25,0.0,-1.0
2005-04-08 05:15:00,1687.75,0.0,0.0
2005-04-08 05:19:59,1687.75,0.0,1.0
2005-04-08 05:24:59,1688.25,0.0,0.0
2005-04-08 05:29:59,1688.25,0.0,-1.0
2005-04-08 05:34:59,1687.25,0.0,0.0
2005-04-08 05:40:00,1687.25,-1.0,0.0
2005-04-08 05:44:59,1687.25,0.0,0.0
2005-04-08 05:49:59,1687.25,0.0,0.0
2005-04-08 05:54:59,1687.25,-1.0,1.0
2005-04-08 06:00:00,1687.75,0.0,-1.0
2005-04-08 06:04:59,1687.25,-1.0,0.0
2005-04-08 06:09:59,1687.25,-1.0,0.0
2005-04-08 06:14:59,1687.25,0.0,0.0
2005-04-08 06:19:59,1687.25,0.0,0.0
2005-04-08 06:25:00,1687.25,0.0,0.0
2005-04-08 06:29:59,1687.25,-1.0,0.0
2005-04-08 06:34:59,1687.25,0.0,0.0
2005-04-08 06:39:59,1687.25,0.0,0.0
2005-04-08 06:45:00,1687.25,-1.0,0.0
2005-04-08 06:49:59,1687.25,-1.0,0.0
2005-04-08 06:54:59,1687.25,-1.0,0.0
2005-04-08 06:59:59,1687.25,-1.0,0.0
2005-04-08 07:04:59,1687.25,-1.0,-1.0
2005-04-08 07:10:00,1686.75,-1.0,1.0
2005-04-08 07:14:59,1687.25,-1.0,0.0
2005-04-08 07:19:59,1687.25,-1.0,0.0
2005-04-08 07:24:59,1687.25,-1.0,0.0
2005-04-08 07:30:00,1687.25,-1.0,-1.0
2005-04-08 07:34:59,1686.75,-1.0,0.0
2005-04-08 07:39:59,1686.75,-1.0,-1.0
2005-04-08 07:44:59,1686.25,-1.0,0.0
2005-04-08 07:49:59,1686.25,-1.0,1.0
2005-04-08 07:55:00,1686.75,-1.0,0.0
2005-04-08 07:59:59,1686.75,1.0,0.0
2005-04-08 08:04:59,1686.75,-1.0,0.0
2005-04-08 08:09:59,1686.75,-1.0,0.0
2005-04-08 08:15:00,1686.75,-1.0,0.0
2005-04-08 08:19:59,1686.75,-1.0,0.0
2005-04-08 08:24:59,1686.75,-1.0,0.0
2005-04-08 08:29:59,1686.75,-1.0,-1.0
2005-04-08 08:34:59,1686.25,-1.0,0.0
2005-04-08 08:40:00,1686.25,-1.0,0.0
2005-04-08 08:44:59,1686.25,-1.0,0.0
2005-04-08 08:49:59,1686.25,0.0,-1.0
2005-04-08 08:54:59,1685.75,-1.0,-1.0
2005-04-08 09:00:00,1684.75,0.0,-1.0
2005-04-08 09:04:59,1684.25,-1.0,0.0
2005-04-08 09:09:59,1684.25,-1.0,1.0
2005-04-08 09:14:59,1684.75,0.0,-1.0
2005-04-08 09:19:59,1684.25,0.0,-1.0
2005-04-08 09:25:00,1683.75,0.0,0.0
2005-04-08 09:29:59,1683.75,-1.0,1.0
2005-04-08 09:34:59,1684.25,-1.0,0.0
2005-04-08 09:39:59,1684.25,-1.0,1.0
2005-04-08 09:45:00,1684.75,-1.0,-1.0
2005-04-08 09:49:59,1683.25,-1.0,1.0
2005-04-08 09:54:59,1684.25,-1.0,-1.0
2005-04-08 09:59:59,1683.75,-1.0,0.0
2005-04-08 10:04:59,1683.75,-1.0,1.0
2005-04-08 10:10:00,1684.75,-1.0,0.0
2005-04-08 10:14:59,1684.75,-1.0,-1.0
2005-04-08 10:19:59,1684.25,-1.0,1.0
2005-04-08 10:24:59,1684.75,-1.0,1.0
2005-04-08 10:30:00,1685.25,-1.0,0.0
2005-04-08 10:34:59,1685.25,-1.0,1.0
2005-04-08 10:39:59,1685.75,-1.0,0.0
2005-04-08 10:44:59,1685.75,-1.0,1.0
2005-04-08 10:49:59,1686.25,-1.0,0.0
2005-04-08 10:55:00,1686.25,-1.0,-1.0
2005-04-08 10:59:59,1685.75,-1.0,1.0
2005-04-08 11:04:59,1686.75,-1.0,-1.0
2005-04-08 11:09:59,1685.75,-1.0,0.0
2005-04-08 11:15:00,1685.75,-1.0,0.0
2005-04-08 11:19:59,1685.75,-1.0,0.0
2005-04-08 11:24:59,1685.75,-1.0,0.0
2005-04-08 11:29:59,1685.75,-1.0,0.0
2005-04-08 11:34:59,1685.75,-1.0,0.0
2005-04-08 11:40:00,1685.75,-1.0,1.0
2005-04-08 11:44:59,1686.25,-1.0,0.0
2005-04-08 11:49:59,1686.25,-1.0,-1.0
2005-04-08 11:54:59,1685.75,-1.0,1.0
2005-04-08 12:00:00,1686.25,-1.0,-1.0
2005-04-08 12:04:59,1685.75,-1.0,0.0
2005-04-08 12:09:59,1685.75,-1.0,0.0
2005-04-08 12:14:59,1685.75,-1.0,-1.0
2005-04-08 12:19:59,1684.25,-1.0,0.0
2005-04-08 12:25:00,1684.25,-1.0,0.0
2005-04-08 12:29:59,1684.25,-1.0,0.0
2005-04-08 12:34:59,1684.25,-1.0,1.0
2005-04-08 12:39:59,1685.25,-1.0,-1.0
2005-04-08 12:45:00,1684.25,-1.0,1.0
2005-04-08 12:49:59,1685.25,-1.0,0.0
2005-04-08 12:54:59,1685.25,-1.0,0.0
2005-04-08 12:59:59,1685.25,-1.0,1.0
2005-04-08 13:04:59,1686.25,0.0,-1.0
2005-04-08 13:10:00,1685.25,-1.0,-1.0
2005-04-08 13:14:59,1683.75,0.0,-1.0
2005-04-08 13:19:59,1682.75,0.0,0.0
2005-04-08 13:24:59,1682.75,0.0,1.0
2005-04-08 13:30:00,1683.75,0.0,0.0
2005-04-08 13:34:59,1683.75,0.0,0.0
2005-04-08 13:39:59,1683.75,-1.0,0.0
2005-04-08 13:44:59,1683.75,0.0,0.0
2005-04-08 13:49:59,1683.75,0.0,1.0
2005-04-08 13:55:00,1684.75,0.0,-1.0
2005-04-08 13:59:59,1684.25,0.0,-1.0
2005-04-08 14:04:59,1677.25,0.0,-1.0
2005-04-08 14:09:59,1674.75,0.0,-1.0
2005-04-08 14:15:00,1674.25,1.0,1.0
2005-04-08 14:19:59,1675.25,1.0,1.0
2005-04-08 14:24:59,1676.25,1.0,-1.0
2005-04-08 14:29:59,1675.75,1.0,1.0
2005-04-08 14:34:59,1676.25,1.0,-1.0
2005-04-08 14:40:00,1674.75,1.0,-1.0
2005-04-08 14:44:59,1674.25,1.0,1.0
2005-04-08 14:49:59,1675.25,1.0,0.0
2005-04-08 14:54:59,1675.25,1.0,0.0
2005-04-08 15:00:00,1675.25,1.0,1.0
2005-04-08 15:04:59,1675.75,1.0,0.0
2005-04-08 15:09:59,1675.75,-1.0,1.0
2005-04-08 15:14:59,1676.25,-1.0,-1.0
2005-04-08 15:19:59,1675.75,1.0,1.0
2005-04-08 15:25:00,1676.75,1.0,-1.0
2005-04-08 15:29:59,1674.75,1.0,1.0
2005-04-08 15:34:59,1676.25,1.0,0.0
2005-04-08 15:39:59,1676.25,1.0,1.0
2005-04-08 15:45:00,1677.75,1.0,-1.0
2005-04-08 15:49:59,1677.25,1.0,-1.0
2005-04-08 15:54:59,1675.75,1.0,1.0
2005-04-08 15:59:59,1676.75,1.0,-1.0
2005-04-08 16:04:59,1676.25,1.0,1.0
2005-04-08 16:10:00,1678.25,1.0,-1.0
2005-04-08 16:14:59,1677.75,1.0,-1.0
2005-04-08 16:19:59,1676.75,1.0,1.0
2005-04-08 16:24:59,1678.75,1.0,0.0
2005-04-08 16:30:00,1678.75,0.0,-1.0
2005-04-08 16:34:59,1676.25,0.0,-1.0
2005-04-08 16:39:59,1674.75,0.0,1.0
2005-04-08 16:44:59,1675.75,1.0,1.0
2005-04-08 16:49:59,1677.25,1.0,-1.0
2005-04-08 16:55:00,1675.25,1.0,-1.0
2005-04-08 16:59:59,1673.75,1.0,-1.0
2005-04-08 17:04:59,1671.25,1.0,0.0
2005-04-08 17:09:59,1671.25,1.0,1.0
2005-04-08 17:15:00,1672.25,1.0,0.0
2005-04-08 17:19:59,1672.25,0.0,-1.0
2005-04-08 17:24:59,1671.75,0.0,1.0
2005-04-08 17:29:59,1672.75,0.0,-1.0
2005-04-08 17:34:59,1670.75,1.0,-1.0
2005-04-08 17:40:00,1670.25,1.0,-1.0
2005-04-08 17:44:59,1669.75,1.0,1.0
2005-04-08 17:49:59,1670.75,1.0,0.0
2005-04-08 17:54:59,1670.75,0.0,1.0
2005-04-08 18:00:00,1671.25,0.0,-1.0
2005-04-08 18:04:59,1670.75,1.0,-1.0
2005-04-08 18:09:59,1668.25,1.0,-1.0
2005-04-08 18:14:59,1667.25,1.0,1.0
2005-04-08 18:19:59,1668.25,1.0,1.0
2005-04-08 18:25:00,1669.25,1.0,-1.0
2005-04-08 18:29:59,1667.75,1.0,1.0
2005-04-08 18:34:59,1668.25,1.0,1.0
2005-04-08 18:39:59,1669.75,-1.0,-1.0
2005-04-08 18:45:00,1668.75,1.0,1.0
2005-04-08 18:49:59,1669.75,1.0,-1.0
2005-04-08 18:54:59,1667.75,-1.0,1.0
2005-04-08 18:59:59,1669.25,-1.0,1.0
2005-04-08 19:04:59,1669.75,-1.0,0.0
2005-04-08 19:10:00,1669.75,-1.0,1.0
2005-04-08 19:14:59,1670.25,-1.0,1.0
2005-04-08 19:19:59,1671.25,-1.0,0.0
2005-04-08 19:24:59,1671.25,-1.0,1.0
2005-04-08 19:30:00,1671.75,-1.0,1.0
2005-04-08 19:34:59,1672.25,-1.0,-1.0
2005-04-08 19:39:59,1670.75,-1.0,1.0
2005-04-08 19:44:59,1671.25,-1.0,-1.0
2005-04-08 19:49:59,1670.75,0.0,-1.0
2005-04-08 19:55:00,1669.25,0.0,1.0
2005-04-08 19:59:59,1669.75,0.0,-1.0
2005-04-08 20:04:59,1669.25,0.0,1.0
2005-04-08 20:09:59,1671.75,0.0,-1.0
2005-04-08 20:15:00,1671.25,0.0,1.0
2005-04-08 20:19:59,1671.75,0.0,0.0
2005-04-08 20:24:59,1671.75,0.0,1.0
2005-04-08 20:29:59,1674.75,0.0,-1.0
2005-04-08 20:34:59,1673.75,0.0,0.0
2005-04-08 20:40:00,1673.75,0.0,1.0
2005-04-08 20:44:59,1674.75,0.0,-1.0
2005-04-08 20:49:59,1674.25,0.0,-1.0
2005-04-08 20:54:59,1673.25,0.0,-1.0
2005-04-08 21:00:00,1672.25,0.0,-1.0
2005-04-08 21:04:59,1671.75,0.0,1.0
2005-04-08 21:09:59,1673.25,0.0,1.0
2005-04-08 21:14:59,1673.75,0.0,-1.0
2005-04-08 21:19:59,1670.75,0.0,-1.0
2005-04-08 21:25:00,1668.25,0.0,1.0
2005-04-08 21:29:59,1669.75,0.0,0.0
2005-04-08 21:34:59,1669.75,0.0,1.0
2005-04-08 21:39:59,1671.75,0.0,1.0
2005-04-08 21:45:00,1672.75,0.0,0.0
2005-04-08 21:49:59,1672.75,0.0,1.0
2005-04-08 21:54:59,1673.25,0.0,-1.0
2005-04-08 21:59:59,1671.75,0.0,-1.0
2005-04-08 22:04:59,1669.75,0.0,-1.0
2005-04-08 22:10:00,1667.25,0.0,0.0
2005-04-08 22:14:59,1667.25,1.0,0.0
2005-04-08 22:19:59,1667.25,1.0,0.0
2005-04-08 22:24:59,1667.25,1.0,-1.0
2005-04-08 22:30:00,1666.75,1.0,-1.0
2005-04-08 22:34:59,1666.25,1.0,1.0
2005-04-08 22:39:59,1666.75,1.0,-1.0
2005-04-08 22:44:59,1665.25,0.0,0.0
2005-04-08 22:49:59,1665.25,1.0,0.0
2005-04-08 22:55:00,1665.25,1.0,0.0
2005-04-08 22:59:59,1665.25,1.0,0.0
2005-04-08 23:04:59,1665.25,1.0,-1.0
2005-04-08 23:09:59,1664.75,0.0,1.0
2005-04-08 23:15:00,1665.25,1.0,0.0
2005-04-08 23:19:59,1665.25,0.0,-1.0
2005-04-08 23:24:59,1664.75,1.0,-1.0
2005-04-09 00:00:00,1664.25,1.0,0.0
2005-04-09 00:04:59,1664.25,1.0,-1.0
2005-04-09 00:09:59,1663.75,1.0,0.0
2005-04-09 00:14:59,1663.75,0.0,0.0
2005-04-09 00:19:59,1663.75,1.0,0.0
2005-04-09 00:25:00,1663.75,0.0,0.0
2005-04-09 00:29:59,1663.75,1.0,-1.0
2005-04-09 00:34:59,1662.75,-1.0,1.0
2005-04-09 00:39:59,1663.75,-1.0,0.0
2005-04-09 00:45:00,1663.75,0.0,1.0
2005-04-09 00:49:59,1664.75,0.0,-1.0
2005-04-09 00:54:59,1663.75,0.0,0.0
2005-04-09 00:59:59,1663.75,0.0,0.0
2005-04-09 01:04:59,1663.75,0.0,0.0
2005-04-09 01:10:00,1663.75,0.0,-1.0
2005-04-09 01:14:59,1663.25,0.0,1.0
2005-04-09 01:19:59,1664.25,-1.0,-1.0
2005-04-09 01:24:59,1663.75,-1.0,0.0
2005-04-09 01:30:00,1663.75,-1.0,1.0
2005-04-09 01:34:59,1664.25,-1.0,0.0
2005-04-09 01:39:59,1664.25,1.0,-1.0
2005-04-09 01:44:59,1663.75,1.0,0.0
2005-04-09 01:49:59,1663.75,1.0,0.0
2005-04-09 01:55:00,1663.75,1.0,0.0
2005-04-09 01:59:59,1663.75,1.0,0.0
2005-04-09 02:04:59,1663.75,1.0,-1.0
2005-04-09 02:09:59,1663.25,1.0,0.0
2005-04-09 02:15:00,1663.25,1.0,1.0
2005-04-09 02:19:59,1663.75,1.0,0.0
2005-04-09 02:24:59,1663.75,1.0,0.0
2005-04-09 02:29:59,1663.75,1.0,0.0
2005-04-09 02:34:59,1663.75,1.0,0.0
2005-04-09 02:40:00,1663.75,1.0,-1.0
2005-04-09 02:44:59,1663.25,1.0,0.0
2005-04-09 02:49:59,1663.25,1.0,0.0
2005-04-09 02:54:59,1663.25,1.0,0.0
2005-04-09 03:00:00,1663.25,1.0,1.0
2005-04-09 03:04:59,1664.25,1.0,0.0
2005-04-09 03:09:59,1664.25,1.0,0.0
2005-04-09 03:14:59,1664.25,1.0,-1.0
2005-04-09 03:19:59,1663.25,0.0,0.0
2005-04-09 03:25:00,1663.25,1.0,0.0
2005-04-09 03:29:59,1663.25,1.0,0.0
2005-04-09 03:34:59,1663.25,1.0,0.0
2005-04-09 03:39:59,1663.25,1.0,1.0
2005-04-09 03:45:00,1663.75,1.0,-1.0
2005-04-09 03:49:59,1663.25,1.0,-1.0
2005-04-09 03:54:59,1662.75,1.0,1.0
2005-04-09 03:59:59,1663.25,1.0,0.0
2005-04-09 04:04:59,1663.25,1.0,-1.0
2005-04-09 04:10:00,1662.75,1.0,1.0
2005-04-09 04:14:59,1663.25,0.0,0.0
2005-04-09 04:19:59,1663.25,1.0,0.0
2005-04-09 04:24:59,1663.25,1.0,0.0
2005-04-09 04:30:00,1663.25,1.0,0.0
2005-04-09 04:34:59,1663.25,1.0,0.0
2005-04-09 04:39:59,1663.25,1.0,-1.0
2005-04-09 04:44:59,1662.75,0.0,0.0
2005-04-09 04:49:59,1662.75,0.0,0.0
2005-04-09 04:55:00,1662.75,0.0,0.0
2005-04-09 04:59:59,1662.75,1.0,0.0
2005-04-09 05:04:59,1662.75,1.0,0.0
2005-04-09 05:09:59,1662.75,0.0,0.0
2005-04-09 05:15:00,1662.75,0.0,-1.0
2005-04-09 05:19:59,1662.25,0.0,1.0
2005-04-09 05:24:59,1662.75,1.0,0.0
2005-04-09 05:29:59,1662.75,1.0,-1.0
2005-04-09 05:34:59,1662.25,1.0,0.0
2005-04-09 05:40:00,1662.25,1.0,1.0
2005-04-09 05:44:59,1662.75,1.0,1.0
2005-04-09 05:49:59,1663.25,-1.0,0.0
2005-04-09 05:54:59,1663.25,1.0,0.0
2005-04-09 06:00:00,1663.25,1.0,0.0
2005-04-09 06:04:59,1663.25,-1.0,0.0
2005-04-09 06:09:59,1663.25,1.0,1.0
2005-04-09 06:14:59,1663.75,1.0,0.0
2005-04-09 06:19:59,1663.75,0.0,0.0
2005-04-09 06:25:00,1663.75,0.0,0.0
2005-04-09 06:29:59,1663.75,0.0,0.0
2005-04-09 06:34:59,1663.75,0.0,-1.0
2005-04-09 06:39:59,1663.25,0.0,1.0
2005-04-09 06:45:00,1664.25,0.0,0.0
2005-04-09 06:49:59,1664.25,0.0,0.0
2005-04-09 06:54:59,1664.25,0.0,0.0
2005-04-09 06:59:59,1664.25,0.0,0.0
2005-04-09 07:04:59,1664.25,0.0,0.0
2005-04-09 07:10:00,1664.25,0.0,1.0
2005-04-09 07:14:59,1665.25,0.0,0.0
2005-04-09 07:19:59,1665.25,0.0,1.0
2005-04-09 07:24:59,1665.75,0.0,-1.0
2005-04-09 07:30:00,1665.25,-1.0,0.0
2005-04-09 07:34:59,1665.25,0.0,0.0
2005-04-09 07:39:59,1665.25,1.0,0.0
2005-04-09 07:44:59,1665.25,1.0,0.0
2005-04-09 07:49:59,1665.25,1.0,1.0
2005-04-09 07:55:00,1665.75,1.0,1.0
2005-04-09 07:59:59,1666.25,1.0,-1.0
2005-04-09 08:04:59,1665.75,1.0,1.0
2005-04-09 08:09:59,1666.25,1.0,-1.0
2005-04-09 08:15:00,1665.75,1.0,-1.0
2005-04-09 08:19:59,1665.25,-1.0,0.0
2005-04-09 08:24:59,1665.25,-1.0,1.0
2005-04-09 08:29:59,1665.75,-1.0,1.0
2005-04-09 08:34:59,1666.25,1.0,0.0
2005-04-09 08:40:00,1666.25,1.0,0.0
2005-04-09 08:44:59,1666.25,1.0,0.0
2005-04-09 08:49:59,1666.25,1.0,-1.0
2005-04-09 08:54:59,1665.75,-1.0,0.0
2005-04-09 09:00:00,1665.75,-1.0,0.0
2005-04-09 09:04:59,1665.75,1.0,1.0
2005-04-09 09:09:59,1666.25,-1.0,-1.0
2005-04-09 09:14:59,1665.75,-1.0,1.0
2005-04-09 09:19:59,1667.75,-1.0,1.0
2005-04-09 09:25:00,1668.25,-1.0,1.0
2005-04-09 09:29:59,1668.75,-1.0,1.0
2005-04-09 09:34:59,1669.25,1.0,0.0
2005-04-09 09:39:59,1669.25,1.0,1.0
2005-04-09 09:45:00,1669.75,1.0,-1.0
2005-04-09 09:49:59,1668.75,1.0,-1.0
2005-04-09 09:54:59,1668.25,1.0,1.0
2005-04-09 09:59:59,1668.75,1.0,-1.0
2005-04-09 10:04:59,1667.75,1.0,1.0
2005-04-09 10:10:00,1668.75,1.0,-1.0
2005-04-09 10:14:59,1668.25,1.0,0.0
2005-04-09 10:19:59,1668.25,1.0,0.0
2005-04-09 10:24:59,1668.25,1.0,0.0
2005-04-09 10:30:00,1668.25,1.0,1.0
2005-04-09 10:34:59,1668.75,1.0,0.0
2005-04-09 10:39:59,1668.75,1.0,1.0
2005-04-09 10:44:59,1669.75,1.0,-1.0
2005-04-09 10:49:59,1668.75,1.0,1.0
2005-04-09 10:55:00,1669.25,1.0,1.0
2005-04-09 10:59:59,1670.25,1.0,0.0
2005-04-09 11:04:59,1670.25,1.0,0.0
2005-04-09 11:09:59,1670.25,1.0,1.0
2005-04-09 11:15:00,1670.75,1.0,-1.0
2005-04-09 11:19:59,1670.25,1.0,0.0
2005-04-09 11:24:59,1670.25,1.0,1.0
2005-04-09 11:29:59,1670.75,1.0,0.0
2005-04-09 11:34:59,1670.75,1.0,-1.0
2005-04-09 11:40:00,1670.25,1.0,0.0
2005-04-09 11:44:59,1670.25,1.0,1.0
2005-04-09 11:49:59,1671.25,1.0,1.0
2005-04-09 11:54:59,1671.75,1.0,-1.0
2005-04-09 12:00:00,1670.75,1.0,-1.0
2005-04-09 12:04:59,1670.25,1.0,0.0
2005-04-09 12:09:59,1670.25,1.0,1.0
2005-04-09 12:14:59,1671.25,1.0,1.0
2005-04-09 12:19:59,1671.75,1.0,-1.0
2005-04-09 12:25:00,1671.25,1.0,-1.0
2005-04-09 12:29:59,1670.75,1.0,0.0
2005-04-09 12:34:59,1670.75,1.0,-1.0
2005-04-09 12:39:59,1669.75,1.0,1.0
2005-04-09 12:45:00,1670.75,1.0,1.0
2005-04-09 12:49:59,1671.75,1.0,0.0
2005-04-09 12:54:59,1671.75,1.0,1.0
2005-04-09 12:59:59,1672.25,1.0,1.0
2005-04-09 13:04:59,1672.75,1.0,-1.0
2005-04-09 13:10:00,1672.25,1.0,-1.0
2005-04-09 13:14:59,1671.75,-1.0,-1.0
2005-04-09 13:19:59,1671.25,-1.0,0.0
2005-04-09 13:24:59,1671.25,1.0,-1.0
2005-04-09 13:30:00,1670.25,1.0,1.0
2005-04-09 13:34:59,1670.75,1.0,-1.0
2005-04-09 13:39:59,1669.75,1.0,1.0
